const unsigned char MasterBootRecord[] = {
	0xBB, 0xE0, 0x07, 0x8E, 0xC3, 0x8E, 0xDB, 0xB8, 0x16, 0x02, 0xB9, 0x03,
	0x00, 0xB6, 0x00, 0xBB, 0x00, 0x00, 0xCD, 0x13, 0x31, 0xC0, 0x89, 0xC3,
	0x89, 0xC1, 0x89, 0xC2, 0xBE, 0x00, 0x00, 0xBF, 0x38, 0x37, 0xAC, 0x81,
	0xFE, 0x38, 0x37, 0x73, 0x31, 0x3C, 0x80, 0x73, 0x02, 0xEB, 0x0F, 0x24,
	0x7F, 0x88, 0xC1, 0xAC, 0xAA, 0xFE, 0xC9, 0x80, 0xF9, 0xFF, 0x75, 0xF7,
	0xEB, 0xE4, 0xB4, 0x00, 0x3C, 0x40, 0x72, 0x05, 0x24, 0x3F, 0x88, 0xC4,
	0xAC, 0x89, 0xC1, 0xAD, 0x89, 0xF2, 0x89, 0xFE, 0x29, 0xC6, 0xAC, 0xAA,
	0xE2, 0xFC, 0x89, 0xD6, 0xEB, 0xC8, 0xB8, 0x13, 0x00, 0xCD, 0x10, 0xBB,
	0xE0, 0x07, 0x8E, 0xDB, 0xBE, 0x38, 0x37, 0xB4, 0x00, 0xAC, 0xBB, 0x00,
	0x00, 0x89, 0xC1, 0xBA, 0xC8, 0x03, 0x88, 0xD8, 0xEE, 0x43, 0xBA, 0xC9,
	0x03, 0xAC, 0xEE, 0xAC, 0xEE, 0xAC, 0xEE, 0xE2, 0xEE, 0xBB, 0x00, 0xA0,
	0x8E, 0xC3, 0xBF, 0x00, 0x00, 0xB9, 0x00, 0x7D, 0xF3, 0xA5, 0xF4, 0xB4,
	0x86, 0xB9, 0x32, 0x00, 0xCD, 0x15, 0xEB, 0xF6, 0x00, 0x00, 0x00, 0x00,
	0x00, 0x00, 0x00, 0x00, 0x00, 0x00, 0x00, 0x00, 0x00, 0x00, 0x00, 0x00,
	0x00, 0x00, 0x00, 0x00, 0x00, 0x00, 0x00, 0x00, 0x00, 0x00, 0x00, 0x00,
	0x00, 0x00, 0x00, 0x00, 0x00, 0x00, 0x00, 0x00, 0x00, 0x00, 0x00, 0x00,
	0x00, 0x00, 0x00, 0x00, 0x00, 0x00, 0x00, 0x00, 0x00, 0x00, 0x00, 0x00,
	0x00, 0x00, 0x00, 0x00, 0x00, 0x00, 0x00, 0x00, 0x00, 0x00, 0x00, 0x00,
	0x00, 0x00, 0x00, 0x00, 0x00, 0x00, 0x00, 0x00, 0x00, 0x00, 0x00, 0x00,
	0x00, 0x00, 0x00, 0x00, 0x00, 0x00, 0x00, 0x00, 0x00, 0x00, 0x00, 0x00,
	0x00, 0x00, 0x00, 0x00, 0x00, 0x00, 0x00, 0x00, 0x00, 0x00, 0x00, 0x00,
	0x00, 0x00, 0x00, 0x00, 0x00, 0x00, 0x00, 0x00, 0x00, 0x00, 0x00, 0x00,
	0x00, 0x00, 0x00, 0x00, 0x00, 0x00, 0x00, 0x00, 0x00, 0x00, 0x00, 0x00,
	0x00, 0x00, 0x00, 0x00, 0x00, 0x00, 0x00, 0x00, 0x00, 0x00, 0x00, 0x00,
	0x00, 0x00, 0x00, 0x00, 0x00, 0x00, 0x00, 0x00, 0x00, 0x00, 0x00, 0x00,
	0x00, 0x00, 0x00, 0x00, 0x00, 0x00, 0x00, 0x00, 0x00, 0x00, 0x00, 0x00,
	0x00, 0x00, 0x00, 0x00, 0x00, 0x00, 0x00, 0x00, 0x00, 0x00, 0x00, 0x00,
	0x00, 0x00, 0x00, 0x00, 0x00, 0x00, 0x00, 0x00, 0x00, 0x00, 0x00, 0x00,
	0x00, 0x00, 0x00, 0x00, 0x00, 0x00, 0x00, 0x00, 0x00, 0x00, 0x00, 0x00,
	0x00, 0x00, 0x00, 0x00, 0x00, 0x00, 0x00, 0x00, 0x00, 0x00, 0x00, 0x00,
	0x00, 0x00, 0x00, 0x00, 0x00, 0x00, 0x00, 0x00, 0x00, 0x00, 0x00, 0x00,
	0x00, 0x00, 0x00, 0x00, 0x00, 0x00, 0x00, 0x00, 0x00, 0x00, 0x00, 0x00,
	0x00, 0x00, 0x00, 0x00, 0x00, 0x00, 0x00, 0x00, 0x00, 0x00, 0x00, 0x00,
	0x00, 0x00, 0x00, 0x00, 0x00, 0x00, 0x00, 0x00, 0x00, 0x00, 0x00, 0x00,
	0x00, 0x00, 0x00, 0x00, 0x00, 0x00, 0x00, 0x00, 0x00, 0x00, 0x00, 0x00,
	0x00, 0x00, 0x00, 0x00, 0x00, 0x00, 0x00, 0x00, 0x00, 0x00, 0x00, 0x00,
	0x00, 0x00, 0x00, 0x00, 0x00, 0x00, 0x00, 0x00, 0x00, 0x00, 0x00, 0x00,
	0x00, 0x00, 0x00, 0x00, 0x00, 0x00, 0x00, 0x00, 0x00, 0x00, 0x00, 0x00,
	0x00, 0x00, 0x00, 0x00, 0x00, 0x00, 0x00, 0x00, 0x00, 0x00, 0x00, 0x00,
	0x00, 0x00, 0x00, 0x00, 0x00, 0x00, 0x00, 0x00, 0x00, 0x00, 0x00, 0x00,
	0x00, 0x00, 0x00, 0x00, 0x00, 0x00, 0x00, 0x00, 0x00, 0x00, 0x00, 0x00,
	0x00, 0x00, 0x00, 0x00, 0x00, 0x00, 0x00, 0x00, 0x00, 0x00, 0x00, 0x00,
	0x00, 0x00, 0x00, 0x00, 0x00, 0x00, 0x55, 0xAA, 0x41, 0x41, 0x41, 0x41,
	0x41, 0x41, 0x41, 0x41, 0x41, 0x41, 0x41, 0x41, 0x00, 0x00, 0x00, 0x00,
	0x00, 0x00, 0x00, 0x00, 0x00, 0x00, 0x00, 0x00, 0x00, 0x00, 0x00, 0x00,
	0x00, 0x00, 0x00, 0x00, 0x00, 0x00, 0x00, 0x00, 0x00, 0x00, 0x00, 0x00,
	0x00, 0x00, 0x00, 0x00, 0x00, 0x00, 0x00, 0x00, 0x00, 0x00, 0x00, 0x00,
	0x00, 0x00, 0x00, 0x00, 0x00, 0x00, 0x00, 0x00, 0x00, 0x00, 0x00, 0x00,
	0x00, 0x00, 0x00, 0x00, 0x00, 0x00, 0x00, 0x00, 0x00, 0x00, 0x00, 0x00,
	0x00, 0x00, 0x00, 0x00, 0x00, 0x00, 0x00, 0x00, 0x00, 0x00, 0x00, 0x00,
	0x00, 0x00, 0x00, 0x00, 0x00, 0x00, 0x00, 0x00, 0x00, 0x00, 0x00, 0x00,
	0x00, 0x00, 0x00, 0x00, 0x00, 0x00, 0x00, 0x00, 0x00, 0x00, 0x00, 0x00,
	0x00, 0x00, 0x00, 0x00, 0x00, 0x00, 0x00, 0x00, 0x00, 0x00, 0x00, 0x00,
	0x00, 0x00, 0x00, 0x00, 0x00, 0x00, 0x00, 0x00, 0x00, 0x00, 0x00, 0x00,
	0x00, 0x00, 0x00, 0x00, 0x00, 0x00, 0x00, 0x00, 0x00, 0x00, 0x00, 0x00,
	0x00, 0x00, 0x00, 0x00, 0x00, 0x00, 0x00, 0x00, 0x00, 0x00, 0x00, 0x00,
	0x00, 0x00, 0x00, 0x00, 0x00, 0x00, 0x00, 0x00, 0x00, 0x00, 0x00, 0x00,
	0x00, 0x00, 0x00, 0x00, 0x00, 0x00, 0x00, 0x00, 0x00, 0x00, 0x00, 0x00,
	0x00, 0x00, 0x00, 0x00, 0x00, 0x00, 0x00, 0x00, 0x00, 0x00, 0x00, 0x00,
	0x00, 0x00, 0x00, 0x00, 0x00, 0x00, 0x00, 0x00, 0x00, 0x00, 0x00, 0x00,
	0x00, 0x00, 0x00, 0x00, 0x00, 0x00, 0x00, 0x00, 0x00, 0x00, 0x00, 0x00,
	0x00, 0x00, 0x00, 0x00, 0x00, 0x00, 0x00, 0x00, 0x00, 0x00, 0x00, 0x00,
	0x00, 0x00, 0x00, 0x00, 0x00, 0x00, 0x00, 0x00, 0x00, 0x00, 0x00, 0x00,
	0x00, 0x00, 0x00, 0x00, 0x00, 0x00, 0x00, 0x00, 0x00, 0x00, 0x00, 0x00,
	0x00, 0x00, 0x00, 0x00, 0x00, 0x00, 0x00, 0x00, 0x00, 0x00, 0x00, 0x00,
	0x00, 0x00, 0x00, 0x00, 0x00, 0x00, 0x00, 0x00, 0x00, 0x00, 0x00, 0x00,
	0x00, 0x00, 0x00, 0x00, 0x00, 0x00, 0x00, 0x00, 0x00, 0x00, 0x00, 0x00,
	0x00, 0x00, 0x00, 0x00, 0x00, 0x00, 0x00, 0x00, 0x00, 0x00, 0x00, 0x00,
	0x00, 0x00, 0x00, 0x00, 0x00, 0x00, 0x00, 0x00, 0x00, 0x00, 0x00, 0x00,
	0x00, 0x00, 0x00, 0x00, 0x00, 0x00, 0x00, 0x00, 0x00, 0x00, 0x00, 0x00,
	0x00, 0x00, 0x00, 0x00, 0x00, 0x00, 0x00, 0x00, 0x00, 0x00, 0x00, 0x00,
	0x00, 0x00, 0x00, 0x00, 0x00, 0x00, 0x00, 0x00, 0x00, 0x00, 0x00, 0x00,
	0x00, 0x00, 0x00, 0x00, 0x00, 0x00, 0x00, 0x00, 0x00, 0x00, 0x00, 0x00,
	0x00, 0x00, 0x00, 0x00, 0x00, 0x00, 0x00, 0x00, 0x00, 0x00, 0x00, 0x00,
	0x00, 0x00, 0x00, 0x00, 0x00, 0x00, 0x00, 0x00, 0x00, 0x00, 0x00, 0x00,
	0x00, 0x00, 0x00, 0x00, 0x00, 0x00, 0x00, 0x00, 0x00, 0x00, 0x00, 0x00,
	0x00, 0x00, 0x00, 0x00, 0x00, 0x00, 0x00, 0x00, 0x00, 0x00, 0x00, 0x00,
	0x00, 0x00, 0x00, 0x00, 0x00, 0x00, 0x00, 0x00, 0x00, 0x00, 0x00, 0x00,
	0x00, 0x00, 0x00, 0x00, 0x00, 0x00, 0x00, 0x00, 0x00, 0x00, 0x00, 0x00,
	0x00, 0x00, 0x00, 0x00, 0x00, 0x00, 0x00, 0x00, 0x00, 0x00, 0x00, 0x00,
	0x00, 0x00, 0x00, 0x00, 0x00, 0x00, 0x00, 0x00, 0x00, 0x00, 0x00, 0x00,
	0x00, 0x00, 0x00, 0x00, 0x00, 0x00, 0x00, 0x00, 0x00, 0x00, 0x00, 0x00,
	0x00, 0x00, 0x00, 0x00, 0x00, 0x00, 0x00, 0x00, 0x00, 0x00, 0x00, 0x00,
	0x00, 0x00, 0x00, 0x00, 0x00, 0x00, 0x00, 0x00, 0x00, 0x00, 0x00, 0x00,
	0x00, 0x00, 0x00, 0x00, 0x00, 0x00, 0x00, 0x00, 0x00, 0x00, 0x00, 0x00,
	0x00, 0x00, 0x00, 0x00, 0x91, 0x0D, 0x20, 0x20, 0x20, 0x00, 0x20, 0x20,
	0x00, 0x3F, 0x3F, 0x30, 0x30, 0x30, 0x00, 0x00, 0x00, 0x00, 0x20, 0x04,
	0x04, 0x00, 0x82, 0x3F, 0x3F, 0x3F, 0x04, 0x17, 0x00, 0x82, 0x00, 0x00,
	0x3F, 0x04, 0x11, 0x00, 0x84, 0x20, 0x3F, 0x3F, 0x00, 0x03, 0x04, 0x1C,
	0x00, 0x8C, 0x00, 0x06, 0x06, 0x01, 0x01, 0x06, 0x06, 0x01, 0x00, 0x00,
	0x00, 0x01, 0x01, 0x04, 0x06, 0x00, 0x05, 0x15, 0x00, 0x05, 0x05, 0x00,
	0x87, 0x03, 0x03, 0x03, 0x03, 0x03, 0x06, 0x06, 0x06, 0x08, 0x10, 0x00,
	0x85, 0x06, 0x06, 0x06, 0x03, 0x03, 0x03, 0x04, 0x07, 0x00, 0x04, 0x1B,
	0x00, 0x0D, 0x2B, 0x00, 0x0D, 0x0D, 0x00, 0x08, 0x2D, 0x00, 0x09, 0x26,
	0x00, 0x82, 0x01, 0x01, 0x00, 0x05, 0x38, 0x00, 0x81, 0x01, 0x06, 0x04,
	0x04, 0x00, 0x81, 0x01, 0x01, 0x06, 0x46, 0x00, 0x05, 0x07, 0x00, 0x0A,
	0x72, 0x00, 0x04, 0x86, 0x00, 0x06, 0x8C, 0x00, 0x04, 0x06, 0x00, 0x82,
	0x01, 0x06, 0x01, 0x07, 0x90, 0x00, 0x83, 0x05, 0x01, 0x01, 0x01, 0x10,
	0x9A, 0x00, 0x0E, 0xA3, 0x00, 0x05, 0x05, 0x00, 0x82, 0x03, 0x00, 0x03,
	0x05, 0x28, 0x00, 0x05, 0xCA, 0x00, 0x04, 0x57, 0x00, 0x04, 0x47, 0x00,
	0x82, 0x03, 0x03, 0x03, 0x04, 0x70, 0x00, 0x0B, 0x62, 0x00, 0x80, 0x01,
	0x05, 0x96, 0x00, 0x0B, 0xD5, 0x00, 0x07, 0x5E, 0x00, 0x0B, 0x47, 0x00,
	0x0B, 0x54, 0x00, 0x09, 0x15, 0x00, 0x06, 0xCE, 0x00, 0x07, 0x92, 0x00,
	0x06, 0xA4, 0x00, 0x80, 0x06, 0x07, 0x40, 0x01, 0x80, 0x00, 0x04, 0xD7,
	0x00, 0x06, 0x12, 0x00, 0x13, 0x3F, 0x01, 0x06, 0xEA, 0x00, 0x04, 0x3C,
	0x00, 0x09, 0x15, 0x00, 0x06, 0x08, 0x00, 0x08, 0x3E, 0x00, 0x19, 0x41,
	0x01, 0x81, 0x01, 0x01, 0x08, 0x6E, 0x01, 0x05, 0xC6, 0x00, 0x08, 0x5D,
	0x00, 0x81, 0x01, 0x06, 0x05, 0x18, 0x00, 0x04, 0xC3, 0x00, 0x08, 0x99,
	0x00, 0x06, 0x15, 0x00, 0x08, 0x37, 0x01, 0x05, 0x07, 0x00, 0x81, 0x05,
	0x05, 0x04, 0x04, 0x00, 0x08, 0xFA, 0x00, 0x1A, 0x40, 0x01, 0x04, 0x88,
	0x00, 0x09, 0xE5, 0x00, 0x06, 0x9F, 0x01, 0x08, 0x14, 0x02, 0x04, 0x35,
	0x00, 0x81, 0x04, 0x04, 0x0A, 0x3B, 0x00, 0x05, 0x11, 0x00, 0x80, 0x05,
	0x05, 0x2A, 0x01, 0x81, 0x05, 0x05, 0x04, 0x5A, 0x01, 0x81, 0x03, 0x04,
	0x04, 0x0F, 0x00, 0x09, 0x9D, 0x01, 0x04, 0xD9, 0x00, 0x09, 0xE6, 0x00,
	0x04, 0x3B, 0x00, 0x81, 0x04, 0x04, 0x04, 0xBB, 0x01, 0x04, 0x0F, 0x00,
	0x04, 0x08, 0x00, 0x85, 0x03, 0x00, 0x00, 0x05, 0x05, 0x05, 0x08, 0x67,
	0x02, 0x07, 0x72, 0x00, 0x0D, 0x2F, 0x02, 0x0E, 0xA6, 0x00, 0x07, 0x40,
	0x02, 0x80, 0x04, 0x06, 0x79, 0x01, 0x0F, 0x56, 0x01, 0x06, 0x8C, 0x02,
	0x1E, 0x7E, 0x02, 0x04, 0x11, 0x02, 0x06, 0xD7, 0x02, 0x06, 0xBA, 0x01,
	0x08, 0xF2, 0x01, 0x04, 0x25, 0x01, 0x06, 0x3D, 0x01, 0x04, 0x4A, 0x00,
	0x82, 0x01, 0x01, 0x04, 0x05, 0x40, 0x01, 0x07, 0x3F, 0x01, 0x07, 0xE0,
	0x01, 0x06, 0xFE, 0x00, 0x0B, 0x39, 0x02, 0x19, 0x40, 0x01, 0x0A, 0x83,
	0x02, 0x10, 0xBE, 0x01, 0x83, 0x05, 0x05, 0x05, 0x05, 0x04, 0x04, 0x00,
	0x81, 0x08, 0x08, 0x08, 0x0A, 0x00, 0x08, 0x08, 0x00, 0x10, 0x10, 0x00,
	0x20, 0x20, 0x00, 0x0D, 0x0D, 0x00, 0x80, 0x04, 0x05, 0x06, 0x00, 0x06,
	0x77, 0x00, 0x0E, 0x71, 0x00, 0x05, 0xA4, 0x00, 0x07, 0x28, 0x02, 0x06,
	0xC8, 0x00, 0x04, 0x25, 0x00, 0x80, 0x01, 0x06, 0x48, 0x01, 0x07, 0xD9,
	0x01, 0x09, 0x82, 0x02, 0x08, 0x29, 0x03, 0x05, 0x03, 0x02, 0x13, 0x7D,
	0x02, 0x06, 0x21, 0x03, 0x06, 0x47, 0x01, 0x04, 0x0E, 0x00, 0x04, 0x35,
	0x00, 0x07, 0x62, 0x00, 0x06, 0x6B, 0x02, 0x0C, 0x1E, 0x03, 0x0B, 0x38,
	0x00, 0x05, 0x05, 0x00, 0x07, 0xB3, 0x03, 0x09, 0x4D, 0x01, 0x1D, 0xE8,
	0x02, 0x14, 0x40, 0x01, 0x90, 0x03, 0x00, 0x05, 0x05, 0x09, 0x08, 0x08,
	0x08, 0x05, 0x01, 0x00, 0x09, 0x0A, 0x0A, 0x08, 0x09, 0x09, 0x06, 0x44,
	0x01, 0x04, 0xAB, 0x01, 0x86, 0x03, 0x07, 0x07, 0x07, 0x07, 0x07, 0x07,
	0x04, 0x26, 0x00, 0x05, 0x0B, 0x01, 0x04, 0x14, 0x00, 0x06, 0x13, 0x00,
	0x14, 0x14, 0x00, 0x0A, 0x14, 0x00, 0x80, 0x05, 0x09, 0x6B, 0x00, 0x81,
	0x00, 0x05, 0x05, 0x13, 0x00, 0x0F, 0xB9, 0x00, 0x05, 0x38, 0x03, 0x06,
	0x4B, 0x03, 0x07, 0xD5, 0x03, 0x07, 0xB4, 0x04, 0x05, 0xFA, 0x00, 0x05,
	0x23, 0x00, 0x07, 0x30, 0x00, 0x06, 0x55, 0x04, 0x05, 0x1E, 0x00, 0x09,
	0x55, 0x01, 0x0E, 0x7D, 0x02, 0x10, 0x17, 0x00, 0x07, 0x03, 0x01, 0x08,
	0xAC, 0x03, 0x05, 0x3D, 0x01, 0x06, 0x07, 0x05, 0x05, 0x7F, 0x03, 0x0C,
	0x84, 0x01, 0x05, 0x88, 0x00, 0x09, 0x40, 0x01, 0x80, 0x01, 0x19, 0x40,
	0x01, 0x0B, 0x14, 0x00, 0x0C, 0x3D, 0x01, 0x80, 0x03, 0x04, 0x1F, 0x01,
	0x05, 0xF3, 0x00, 0x81, 0x08, 0x0A, 0x05, 0x39, 0x01, 0x84, 0x09, 0x09,
	0x09, 0x0A, 0x0A, 0x04, 0x0B, 0x00, 0x04, 0x03, 0x01, 0x07, 0x14, 0x01,
	0x07, 0x07, 0x00, 0x89, 0x07, 0x07, 0x04, 0x05, 0x05, 0x08, 0x03, 0x03,
	0x08, 0x08, 0x07, 0x54, 0x01, 0x04, 0x04, 0x00, 0x80, 0x03, 0x04, 0x2D,
	0x01, 0x83, 0x03, 0x03, 0x00, 0x08, 0x0B, 0x27, 0x00, 0x05, 0x14, 0x00,
	0x04, 0x08, 0x00, 0x81, 0x07, 0x07, 0x04, 0x49, 0x03, 0x80, 0x07, 0x04,
	0x84, 0x01, 0x81, 0x05, 0x05, 0x0F, 0xC2, 0x04, 0x06, 0x41, 0x01, 0x06,
	0x82, 0x04, 0x0A, 0xB4, 0x00, 0x0A, 0xA7, 0x04, 0x0B, 0xA7, 0x00, 0x07,
	0x3A, 0x00, 0x06, 0x72, 0x04, 0x14, 0x49, 0x06, 0x05, 0x41, 0x01, 0x08,
	0x8C, 0x05, 0x0D, 0x6F, 0x06, 0x05, 0x12, 0x01, 0x05, 0x53, 0x00, 0x07,
	0x17, 0x00, 0x07, 0x60, 0x00, 0x0C, 0x87, 0x00, 0x04, 0x7E, 0x00, 0x82,
	0x02, 0x01, 0x02, 0x0A, 0xC6, 0x03, 0x14, 0x42, 0x01, 0x0A, 0x12, 0x00,
	0x06, 0x80, 0x01, 0x04, 0x39, 0x01, 0x09, 0xAF, 0x06, 0x83, 0x06, 0x06,
	0x05, 0x05, 0x04, 0x37, 0x01, 0x05, 0x3C, 0x01, 0x04, 0x82, 0x02, 0x82,
	0x0A, 0x0A, 0x0A, 0x0E, 0x40, 0x01, 0x81, 0x00, 0x01, 0x04, 0x34, 0x01,
	0x04, 0x18, 0x01, 0x81, 0x08, 0x08, 0x04, 0xA9, 0x02, 0x80, 0x08, 0x08,
	0x70, 0x02, 0x0A, 0x14, 0x00, 0x80, 0x09, 0x09, 0x84, 0x02, 0x04, 0x40,
	0x01, 0x04, 0x0C, 0x00, 0x04, 0x33, 0x00, 0x80, 0x03, 0x04, 0x3A, 0x00,
	0x83, 0x03, 0x07, 0x07, 0x00, 0x05, 0x0B, 0x05, 0x09, 0xEF, 0x02, 0x06,
	0x7C, 0x02, 0x04, 0x34, 0x05, 0x05, 0x73, 0x05, 0x04, 0x64, 0x03, 0x07,
	0x88, 0x05, 0x09, 0x78, 0x03, 0x09, 0xAD, 0x00, 0x05, 0x06, 0x03, 0x08,
	0x4F, 0x02, 0x08, 0x94, 0x06, 0x10, 0x70, 0x02, 0x07, 0xCE, 0x02, 0x09,
	0xE8, 0x00, 0x08, 0x40, 0x01, 0x06, 0x20, 0x04, 0x06, 0x7A, 0x02, 0x05,
	0x1D, 0x00, 0x06, 0x8E, 0x07, 0x0D, 0x47, 0x04, 0x80, 0x02, 0x2E, 0x40,
	0x01, 0x05, 0x39, 0x01, 0x09, 0xC5, 0x03, 0x06, 0x9A, 0x00, 0x81, 0x01,
	0x05, 0x04, 0x3F, 0x01, 0x04, 0x84, 0x02, 0x06, 0x45, 0x01, 0x08, 0x40,
	0x01, 0x07, 0x14, 0x01, 0x81, 0x00, 0x04, 0x05, 0x08, 0x00, 0x04, 0x2B,
	0x01, 0x81, 0x00, 0x00, 0x04, 0x3F, 0x01, 0x81, 0x08, 0x08, 0x08, 0xB3,
	0x03, 0x04, 0x40, 0x01, 0x08, 0x14, 0x00, 0x80, 0x08, 0x06, 0x14, 0x00,
	0x0B, 0x40, 0x01, 0x84, 0x00, 0x03, 0x03, 0x01, 0x03, 0x05, 0x73, 0x00,
	0x80, 0x05, 0x05, 0x0C, 0x01, 0x84, 0x01, 0x06, 0x04, 0x06, 0x06, 0x06,
	0xC2, 0x05, 0x04, 0x06, 0x00, 0x87, 0x00, 0x06, 0x06, 0x04, 0x04, 0x02,
	0x02, 0x01, 0x07, 0x0E, 0x00, 0x06, 0x2C, 0x01, 0x07, 0xCE, 0x04, 0x08,
	0x4B, 0x07, 0x07, 0x14, 0x00, 0x08, 0x97, 0x03, 0x05, 0x9C, 0x02, 0x09,
	0x13, 0x00, 0x0D, 0x8E, 0x06, 0x06, 0x01, 0x04, 0x07, 0x7F, 0x07, 0x0B,
	0xC8, 0x03, 0x09, 0x37, 0x07, 0x09, 0x47, 0x06, 0x10, 0x40, 0x01, 0x86,
	0x02, 0x02, 0x01, 0x02, 0x02, 0x02, 0x02, 0x04, 0x04, 0x00, 0x04, 0x8E,
	0x00, 0x13, 0x43, 0x01, 0x04, 0x8F, 0x04, 0x11, 0xC3, 0x08, 0x08, 0x08,
	0x00, 0x82, 0x06, 0x01, 0x05, 0x05, 0x40, 0x01, 0x05, 0x3A, 0x01, 0x0D,
	0x40, 0x01, 0x82, 0x08, 0x08, 0x04, 0x04, 0x09, 0x01, 0x80, 0x03, 0x06,
	0x19, 0x01, 0x05, 0x14, 0x00, 0x07, 0x2B, 0x01, 0x08, 0x85, 0x02, 0x05,
	0xAC, 0x03, 0x0E, 0x14, 0x00, 0x0B, 0x40, 0x01, 0x80, 0x03, 0x05, 0xAC,
	0x01, 0x04, 0x14, 0x00, 0x04, 0xE5, 0x03, 0x05, 0x1B, 0x01, 0x08, 0x25,
	0x01, 0x05, 0x06, 0x00, 0x82, 0x01, 0x01, 0x04, 0x04, 0xBA, 0x00, 0x04,
	0xBF, 0x07, 0x0B, 0x40, 0x01, 0x04, 0x09, 0x01, 0x09, 0x0A, 0x00, 0x80,
	0x03, 0x0D, 0x2D, 0x01, 0x06, 0xD4, 0x04, 0x80, 0x04, 0x10, 0xC5, 0x03,
	0x09, 0xBF, 0x02, 0x07, 0x2E, 0x01, 0x05, 0x4E, 0x01, 0x09, 0x96, 0x07,
	0x06, 0x1D, 0x00, 0x05, 0x14, 0x08, 0x0B, 0x13, 0x09, 0x08, 0xDF, 0x08,
	0x04, 0x7F, 0x00, 0x0A, 0x3E, 0x01, 0x17, 0x40, 0x01, 0x0C, 0xC0, 0x03,
	0x0D, 0xAA, 0x09, 0x06, 0x7E, 0x08, 0x06, 0x80, 0x02, 0x05, 0x3D, 0x06,
	0x80, 0x00, 0x06, 0x41, 0x01, 0x05, 0x2C, 0x01, 0x80, 0x03, 0x04, 0x5A,
	0x02, 0x82, 0x00, 0x04, 0x05, 0x05, 0x27, 0x05, 0x05, 0x40, 0x01, 0x85,
	0x00, 0x07, 0x04, 0x08, 0x08, 0x0C, 0x05, 0x2A, 0x01, 0x05, 0xC8, 0x03,
	0x80, 0x03, 0x04, 0x28, 0x00, 0x84, 0x03, 0x04, 0x08, 0x08, 0x03, 0x0B,
	0x14, 0x00, 0x09, 0x40, 0x01, 0x80, 0x08, 0x04, 0x0A, 0x01, 0x06, 0x2C,
	0x04, 0x04, 0x0A, 0x09, 0x04, 0xC5, 0x00, 0x09, 0x25, 0x01, 0x06, 0xDC,
	0x05, 0x80, 0x04, 0x04, 0x3A, 0x02, 0x81, 0x02, 0x02, 0x04, 0xFF, 0x08,
	0x04, 0x82, 0x03, 0x06, 0x1B, 0x00, 0x04, 0x96, 0x00, 0x80, 0x05, 0x04,
	0x6B, 0x01, 0x05, 0xA3, 0x00, 0x0E, 0x2D, 0x01, 0x05, 0x1A, 0x01, 0x10,
	0x80, 0x02, 0x0B, 0x47, 0x01, 0x08, 0x2F, 0x0A, 0x07, 0x56, 0x06, 0x0A,
	0x2D, 0x01, 0x0B, 0x9A, 0x02, 0x12, 0x40, 0x01, 0x05, 0x87, 0x02, 0x06,
	0x09, 0x00, 0x07, 0x0E, 0x00, 0x1B, 0x00, 0x05, 0x10, 0xCB, 0x07, 0x80,
	0x07, 0x04, 0x00, 0x05, 0x04, 0xFA, 0x04, 0x83, 0x00, 0x00, 0x0A, 0x09,
	0x04, 0x05, 0x00, 0x08, 0x40, 0x01, 0x82, 0x03, 0x08, 0x00, 0x04, 0xD8,
	0x04, 0x82, 0x08, 0x01, 0x00, 0x04, 0x86, 0x02, 0x07, 0x40, 0x01, 0x81,
	0x00, 0x04, 0x07, 0xAE, 0x03, 0x05, 0x2C, 0x01, 0x06, 0x68, 0x06, 0x81,
	0x00, 0x09, 0x07, 0xC3, 0x03, 0x04, 0x14, 0x00, 0x81, 0x00, 0x08, 0x09,
	0x40, 0x01, 0x05, 0x20, 0x04, 0x0C, 0x40, 0x01, 0x04, 0xFF, 0x00, 0x81,
	0x04, 0x04, 0x04, 0xB6, 0x05, 0x08, 0xB1, 0x03, 0x05, 0x0C, 0x05, 0x83,
	0x02, 0x03, 0x04, 0x01, 0x09, 0x40, 0x01, 0x83, 0x04, 0x04, 0x00, 0x03,
	0x05, 0x19, 0x05, 0x80, 0x03, 0x05, 0x0B, 0x00, 0x81, 0x03, 0x04, 0x04,
	0x07, 0x00, 0x06, 0x2E, 0x05, 0x06, 0x06, 0x00, 0x06, 0x82, 0x01, 0x07,
	0xB1, 0x02, 0x0D, 0x7B, 0x07, 0x0C, 0xF9, 0x08, 0x06, 0x04, 0x01, 0x07,
	0xE5, 0x00, 0x06, 0xB7, 0x02, 0x0C, 0xC3, 0x06, 0x04, 0xD5, 0x08, 0x04,
	0xB5, 0x01, 0x04, 0xC0, 0x01, 0x0A, 0x80, 0x07, 0x07, 0x07, 0x00, 0x04,
	0xCC, 0x0A, 0x0B, 0x84, 0x09, 0x19, 0x84, 0x0C, 0x06, 0x5E, 0x00, 0x80,
	0x07, 0x07, 0xC0, 0x03, 0x07, 0xC4, 0x06, 0x80, 0x00, 0x05, 0x07, 0x05,
	0x06, 0x38, 0x00, 0x81, 0x08, 0x00, 0x04, 0xF1, 0x04, 0x80, 0x05, 0x07,
	0xC6, 0x08, 0x05, 0x40, 0x01, 0x81, 0x03, 0x04, 0x06, 0x41, 0x01, 0x04,
	0x1C, 0x00, 0x81, 0x08, 0x08, 0x04, 0x25, 0x0B, 0x80, 0x05, 0x09, 0x14,
	0x00, 0x04, 0x16, 0x00, 0x06, 0x54, 0x01, 0x09, 0x40, 0x06, 0x81, 0x07,
	0x00, 0x05, 0x80, 0x07, 0x06, 0x40, 0x01, 0x04, 0xFE, 0x01, 0x05, 0xB4,
	0x00, 0x09, 0xAA, 0x03, 0x80, 0x04, 0x06, 0x6D, 0x03, 0x85, 0x03, 0x04,
	0x02, 0x06, 0x04, 0x01, 0x05, 0x16, 0x00, 0x08, 0x1F, 0x01, 0x04, 0x0E,
	0x00, 0x04, 0x3D, 0x01, 0x83, 0x03, 0x04, 0x01, 0x03, 0x04, 0xF5, 0x0A,
	0x80, 0x04, 0x04, 0x5E, 0x01, 0x82, 0x03, 0x04, 0x06, 0x04, 0x7D, 0x02,
	0x04, 0x0F, 0x00, 0x05, 0xC8, 0x03, 0x0F, 0xB9, 0x08, 0x0A, 0xFB, 0x04,
	0x05, 0x6E, 0x02, 0x08, 0x74, 0x02, 0x0B, 0x1F, 0x00, 0x06, 0x41, 0x05,
	0x04, 0x96, 0x07, 0x06, 0x3D, 0x01, 0x80, 0x06, 0x04, 0xB7, 0x01, 0x10,
	0x3F, 0x01, 0x04, 0x1C, 0x00, 0x05, 0x95, 0x0C, 0x23, 0x40, 0x01, 0x04,
	0x80, 0x02, 0x04, 0x62, 0x0C, 0x82, 0x0A, 0x0A, 0x0A, 0x04, 0x2B, 0x02,
	0x04, 0x35, 0x02, 0x0A, 0xC0, 0x03, 0x04, 0x3E, 0x01, 0x81, 0x09, 0x09,
	0x05, 0x04, 0x02, 0x09, 0x40, 0x01, 0x82, 0x07, 0x00, 0x04, 0x07, 0xEB,
	0x04, 0x04, 0x75, 0x07, 0x05, 0xC0, 0x03, 0x05, 0x61, 0x06, 0x0E, 0x14,
	0x00, 0x09, 0x80, 0x02, 0x80, 0x00, 0x09, 0x40, 0x01, 0x04, 0x29, 0x01,
	0x06, 0x34, 0x01, 0x07, 0x7F, 0x02, 0x81, 0x01, 0x06, 0x04, 0x18, 0x01,
	0x06, 0xDF, 0x0A, 0x80, 0x04, 0x05, 0xFD, 0x0C, 0x81, 0x00, 0x04, 0x06,
	0x3C, 0x01, 0x82, 0x03, 0x00, 0x06, 0x04, 0x2C, 0x01, 0x04, 0x87, 0x02,
	0x80, 0x03, 0x04, 0x46, 0x01, 0x05, 0x34, 0x01, 0x05, 0x18, 0x0A, 0x04,
	0x1F, 0x00, 0x04, 0x40, 0x06, 0x07, 0x8C, 0x02, 0x11, 0xD9, 0x00, 0x08,
	0x63, 0x0F, 0x09, 0xEE, 0x03, 0x80, 0x00, 0x06, 0x93, 0x02, 0x08, 0x14,
	0x09, 0x09, 0x54, 0x06, 0x05, 0x82, 0x0C, 0x05, 0x40, 0x01, 0x81, 0x06,
	0x06, 0x05, 0x39, 0x0D, 0x0E, 0x40, 0x01, 0x04, 0x12, 0x00, 0x09, 0x86,
	0x02, 0x1C, 0x01, 0x05, 0x04, 0x5E, 0x03, 0x04, 0x6B, 0x0D, 0x08, 0x80,
	0x02, 0x04, 0x73, 0x08, 0x0B, 0xC0, 0x08, 0x81, 0x00, 0x08, 0x04, 0xC4,
	0x00, 0x04, 0xD0, 0x05, 0x06, 0x2C, 0x06, 0x05, 0x33, 0x06, 0x80, 0x04,
	0x06, 0x42, 0x01, 0x83, 0x09, 0x09, 0x08, 0x00, 0x06, 0x54, 0x06, 0x04,
	0x14, 0x00, 0x80, 0x09, 0x05, 0x93, 0x02, 0x83, 0x09, 0x08, 0x09, 0x00,
	0x08, 0x40, 0x01, 0x05, 0x6C, 0x03, 0x81, 0x0B, 0x04, 0x05, 0x3D, 0x05,
	0x04, 0x80, 0x02, 0x05, 0x77, 0x0E, 0x80, 0x00, 0x04, 0x44, 0x02, 0x04,
	0xB7, 0x00, 0x0C, 0x30, 0x06, 0x04, 0x47, 0x06, 0x86, 0x06, 0x01, 0x04,
	0x04, 0x06, 0x04, 0x01, 0x05, 0x78, 0x02, 0x84, 0x06, 0x06, 0x00, 0x01,
	0x03, 0x04, 0x3E, 0x01, 0x05, 0x33, 0x01, 0x07, 0x40, 0x01, 0x05, 0xC5,
	0x00, 0x07, 0x40, 0x01, 0x08, 0x6F, 0x06, 0x0D, 0x42, 0x01, 0x0C, 0xEC,
	0x04, 0x0A, 0xFF, 0x08, 0x06, 0x3D, 0x01, 0x07, 0x37, 0x0B, 0x07, 0x7D,
	0x02, 0x04, 0x3E, 0x01, 0x04, 0x6E, 0x00, 0x81, 0x04, 0x04, 0x05, 0xBE,
	0x01, 0x0A, 0x40, 0x01, 0x06, 0x52, 0x09, 0x06, 0x06, 0x00, 0x0A, 0xC5,
	0x03, 0x06, 0x40, 0x01, 0x08, 0xDC, 0x02, 0x13, 0xEF, 0x0F, 0x80, 0x00,
	0x06, 0x3F, 0x0B, 0x05, 0x4D, 0x01, 0x81, 0x07, 0x07, 0x0C, 0x40, 0x01,
	0x04, 0xC2, 0x08, 0x81, 0x03, 0x04, 0x04, 0x82, 0x07, 0x81, 0x04, 0x03,
	0x07, 0x80, 0x02, 0x04, 0x2D, 0x01, 0x05, 0xA8, 0x03, 0x82, 0x09, 0x09,
	0x00, 0x07, 0x80, 0x07, 0x0B, 0x14, 0x00, 0x82, 0x04, 0x00, 0x07, 0x09,
	0x40, 0x01, 0x04, 0x8E, 0x0B, 0x81, 0x00, 0x08, 0x07, 0xC0, 0x08, 0x80,
	0x06, 0x09, 0x8E, 0x09, 0x80, 0x04, 0x06, 0x3D, 0x06, 0x0B, 0x41, 0x02,
	0x04, 0xF8, 0x0E, 0x04, 0x38, 0x01, 0x81, 0x04, 0x04, 0x05, 0x9F, 0x0E,
	0x04, 0x21, 0x05, 0x05, 0xBC, 0x03, 0x05, 0xED, 0x05, 0x80, 0x04, 0x04,
	0xF6, 0x00, 0x05, 0x47, 0x06, 0x80, 0x01, 0x05, 0xBA, 0x08, 0x81, 0x06,
	0x01, 0x04, 0x38, 0x00, 0x08, 0x39, 0x01, 0x12, 0x41, 0x01, 0x07, 0x70,
	0x0C, 0x05, 0xEC, 0x00, 0x05, 0xAA, 0x03, 0x0A, 0xF3, 0x00, 0x05, 0xC7,
	0x0C, 0x06, 0xF2, 0x00, 0x07, 0x2B, 0x01, 0x81, 0x06, 0x01, 0x04, 0x46,
	0x01, 0x80, 0x05, 0x05, 0xF8, 0x0F, 0x07, 0x73, 0x02, 0x0B, 0x45, 0x01,
	0x09, 0x40, 0x01, 0x04, 0x1B, 0x00, 0x06, 0x24, 0x09, 0x05, 0xAF, 0x03,
	0x16, 0xC0, 0x08, 0x07, 0x58, 0x0B, 0x80, 0x03, 0x05, 0x42, 0x0B, 0x09,
	0x40, 0x0B, 0x04, 0x21, 0x05, 0x04, 0x3D, 0x03, 0x80, 0x03, 0x09, 0x58,
	0x02, 0x05, 0x81, 0x02, 0x05, 0xEE, 0x00, 0x80, 0x08, 0x0C, 0x40, 0x01,
	0x04, 0x41, 0x01, 0x04, 0x11, 0x02, 0x08, 0xE8, 0x03, 0x04, 0x40, 0x01,
	0x04, 0xAE, 0x0C, 0x80, 0x07, 0x05, 0xCC, 0x03, 0x80, 0x05, 0x05, 0xE9,
	0x04, 0x09, 0xDE, 0x04, 0x0E, 0xFD, 0x00, 0x07, 0xD6, 0x0F, 0x05, 0x1C,
	0x05, 0x80, 0x04, 0x05, 0xFB, 0x04, 0x04, 0x32, 0x01, 0x05, 0x2D, 0x00,
	0x05, 0x2A, 0x01, 0x06, 0x47, 0x06, 0x06, 0x0A, 0x00, 0x05, 0x0C, 0x05,
	0x06, 0x7B, 0x01, 0x08, 0x7F, 0x0B, 0x07, 0x32, 0x07, 0x06, 0x63, 0x03,
	0x07, 0x07, 0x01, 0x06, 0x13, 0x0A, 0x04, 0x90, 0x00, 0x80, 0x01, 0x04,
	0x66, 0x0A, 0x05, 0x2D, 0x05, 0x04, 0xCF, 0x02, 0x05, 0x06, 0x00, 0x08,
	0x3E, 0x01, 0x0F, 0x6F, 0x02, 0x0B, 0x0B, 0x00, 0x82, 0x01, 0x01, 0x05,
	0x05, 0x05, 0x00, 0x06, 0x40, 0x01, 0x05, 0x0D, 0x05, 0x04, 0xEC, 0x12,
	0x15, 0xC0, 0x03, 0x05, 0x3E, 0x10, 0x07, 0x40, 0x01, 0x80, 0x07, 0x04,
	0xEB, 0x02, 0x0C, 0x40, 0x01, 0x04, 0x72, 0x05, 0x81, 0x04, 0x03, 0x04,
	0xD3, 0x00, 0x80, 0x01, 0x05, 0x40, 0x0B, 0x05, 0x54, 0x01, 0x04, 0x28,
	0x01, 0x05, 0x22, 0x07, 0x07, 0x14, 0x0A, 0x07, 0x41, 0x01, 0x07, 0x14,
	0x00, 0x0B, 0x80, 0x02, 0x82, 0x03, 0x07, 0x03, 0x06, 0x55, 0x0B, 0x80,
	0x03, 0x04, 0x05, 0x03, 0x04, 0xBF, 0x01, 0x04, 0x9C, 0x03, 0x05, 0x07,
	0x01, 0x04, 0x08, 0x00, 0x0A, 0x29, 0x08, 0x07, 0xF0, 0x0A, 0x05, 0xDB,
	0x03, 0x05, 0x40, 0x01, 0x04, 0xF8, 0x00, 0x04, 0x06, 0x05, 0x04, 0x26,
	0x01, 0x06, 0xC9, 0x08, 0x08, 0x19, 0x06, 0x05, 0x1D, 0x00, 0x04, 0xEE,
	0x03, 0x05, 0x05, 0x01, 0x0A, 0x40, 0x11, 0x09, 0xA3, 0x04, 0x05, 0x31,
	0x01, 0x80, 0x06, 0x04, 0x3E, 0x00, 0x05, 0xD4, 0x07, 0x05, 0x1C, 0x00,
	0x06, 0xED, 0x04, 0x0C, 0xC6, 0x07, 0x23, 0x42, 0x01, 0x82, 0x05, 0x01,
	0x05, 0x05, 0x42, 0x01, 0x06, 0x43, 0x00, 0x07, 0xBF, 0x0B, 0x13, 0xC1,
	0x08, 0x04, 0x83, 0x10, 0x05, 0x00, 0x0A, 0x07, 0x83, 0x05, 0x0E, 0x40,
	0x01, 0x05, 0x09, 0x06, 0x05, 0x19, 0x01, 0x0A, 0x94, 0x02, 0x07, 0x64,
	0x00, 0x08, 0x54, 0x0B, 0x06, 0xA4, 0x0C, 0x08, 0x14, 0x00, 0x0C, 0x40,
	0x01, 0x06, 0x70, 0x00, 0x07, 0x00, 0x05, 0x08, 0x2B, 0x10, 0x08, 0x71,
	0x11, 0x11, 0xBE, 0x09, 0x06, 0x30, 0x11, 0x09, 0x41, 0x13, 0x04, 0x9B,
	0x0A, 0x09, 0x7A, 0x12, 0x0E, 0x39, 0x0C, 0x10, 0x6F, 0x12, 0x0C, 0xB3,
	0x09, 0x09, 0x23, 0x01, 0x06, 0xBB, 0x12, 0x05, 0x58, 0x01, 0x06, 0x96,
	0x01, 0x07, 0x1A, 0x00, 0x06, 0xBB, 0x08, 0x05, 0x7E, 0x01, 0x04, 0x1D,
	0x04, 0x19, 0x40, 0x01, 0x08, 0x1A, 0x00, 0x08, 0xA4, 0x11, 0x06, 0x5E,
	0x0A, 0x11, 0x7E, 0x02, 0x04, 0x5A, 0x03, 0x07, 0x40, 0x01, 0x06, 0x64,
	0x05, 0x0C, 0x00, 0x05, 0x06, 0xFE, 0x05, 0x04, 0x4C, 0x03, 0x06, 0xC0,
	0x0D, 0x07, 0x10, 0x0F, 0x05, 0x57, 0x00, 0x09, 0x94, 0x0C, 0x0E, 0x14,
	0x00, 0x09, 0x80, 0x07, 0x05, 0x00, 0x05, 0x06, 0x33, 0x0E, 0x05, 0x00,
	0x0F, 0x07, 0x4D, 0x15, 0x0E, 0xEE, 0x00, 0x11, 0x4A, 0x13, 0x0C, 0x58,
	0x15, 0x0A, 0x83, 0x11, 0x2B, 0x40, 0x01, 0x05, 0x9F, 0x03, 0x08, 0x20,
	0x15, 0x05, 0x84, 0x06, 0x05, 0x04, 0x01, 0x06, 0x8F, 0x02, 0x06, 0x54,
	0x01, 0x05, 0xF6, 0x04, 0x05, 0xDE, 0x07, 0x04, 0x7B, 0x09, 0x0C, 0x38,
	0x09, 0x06, 0x09, 0x00, 0x05, 0x16, 0x01, 0x81, 0x04, 0x03, 0x05, 0xE2,
	0x02, 0x05, 0x25, 0x08, 0x06, 0x40, 0x01, 0x08, 0x85, 0x14, 0x0F, 0x3F,
	0x01, 0x82, 0x07, 0x00, 0x01, 0x04, 0x41, 0x06, 0x07, 0x40, 0x01, 0x06,
	0x41, 0x10, 0x0E, 0x40, 0x10, 0x81, 0x03, 0x01, 0x04, 0x11, 0x01, 0x0B,
	0x14, 0x00, 0x04, 0x93, 0x04, 0x08, 0x14, 0x0A, 0x10, 0x14, 0x00, 0x07,
	0xD4, 0x08, 0x04, 0x49, 0x05, 0x81, 0x04, 0x04, 0x04, 0xFE, 0x08, 0x83,
	0x03, 0x07, 0x07, 0x01, 0x09, 0x45, 0x09, 0x07, 0x83, 0x15, 0x18, 0x86,
	0x02, 0x04, 0x5F, 0x01, 0x08, 0x9C, 0x16, 0x0B, 0x1F, 0x00, 0x10, 0x30,
	0x03, 0x0E, 0x85, 0x01, 0x12, 0x33, 0x0C, 0x09, 0xDA, 0x03, 0x08, 0x89,
	0x02, 0x06, 0xB2, 0x08, 0x05, 0x46, 0x01, 0x0B, 0xC0, 0x03, 0x82, 0x06,
	0x00, 0x07, 0x06, 0x90, 0x0B, 0x04, 0x9F, 0x06, 0x81, 0x04, 0x04, 0x04,
	0xAC, 0x06, 0x04, 0x92, 0x02, 0x80, 0x07, 0x04, 0x78, 0x0A, 0x04, 0xDB,
	0x0A, 0x05, 0xC9, 0x08, 0x80, 0x04, 0x07, 0xD8, 0x12, 0x04, 0x82, 0x07,
	0x05, 0xC3, 0x03, 0x10, 0xCE, 0x01, 0x82, 0x07, 0x00, 0x05, 0x05, 0x81,
	0x07, 0x06, 0x41, 0x01, 0x05, 0x3F, 0x01, 0x05, 0x58, 0x0C, 0x0B, 0xA8,
	0x12, 0x05, 0x90, 0x03, 0x0B, 0x14, 0x00, 0x07, 0xD2, 0x0D, 0x14, 0x14,
	0x00, 0x09, 0x14, 0x00, 0x81, 0x03, 0x07, 0x05, 0x19, 0x14, 0x05, 0x56,
	0x05, 0x05, 0x8B, 0x16, 0x0A, 0x14, 0x01, 0x06, 0x1B, 0x18, 0x18, 0xAA,
	0x14, 0x09, 0x3D, 0x16, 0x19, 0x41, 0x01, 0x08, 0x40, 0x01, 0x07, 0xF6,
	0x04, 0x04, 0x08, 0x0E, 0x0A, 0x00, 0x05, 0x0C, 0x43, 0x01, 0x09, 0x6A,
	0x16, 0x08, 0xFC, 0x0C, 0x07, 0x65, 0x06, 0x09, 0xA7, 0x03, 0x05, 0x0C,
	0x0E, 0x04, 0x40, 0x01, 0x04, 0x31, 0x00, 0x05, 0x40, 0x01, 0x04, 0x93,
	0x02, 0x80, 0x03, 0x04, 0x7F, 0x05, 0x0B, 0xCB, 0x03, 0x05, 0x80, 0x02,
	0x06, 0x7C, 0x04, 0x13, 0xFF, 0x04, 0x05, 0x81, 0x0C, 0x08, 0x8D, 0x0D,
	0x05, 0x09, 0x00, 0x07, 0x84, 0x16, 0x0E, 0x83, 0x10, 0x07, 0xA0, 0x16,
	0x13, 0x14, 0x00, 0x14, 0x28, 0x00, 0x0D, 0xBD, 0x10, 0x07, 0xCB, 0x17,
	0x0A, 0xB1, 0x13, 0x07, 0xAA, 0x14, 0x0F, 0x03, 0x19, 0x11, 0x41, 0x01,
	0x18, 0xF8, 0x15, 0x0A, 0x40, 0x01, 0x07, 0xF5, 0x14, 0x07, 0xE6, 0x00,
	0x0F, 0x09, 0x04, 0x06, 0xE7, 0x09, 0x05, 0xC6, 0x03, 0x07, 0x89, 0x02,
	0x07, 0x8C, 0x07, 0x08, 0x00, 0x05, 0x0D, 0xBD, 0x03, 0x06, 0x10, 0x05,
	0x06, 0xF3, 0x07, 0x04, 0x18, 0x00, 0x80, 0x05, 0x06, 0xC2, 0x08, 0x09,
	0xE3, 0x07, 0x07, 0x72, 0x0B, 0x0B, 0x42, 0x01, 0x07, 0x34, 0x09, 0x80,
	0x07, 0x04, 0x0B, 0x07, 0x40, 0x4D, 0xB6, 0x17, 0x0F, 0xC4, 0x17, 0x06,
	0xED, 0x12, 0x05, 0xC1, 0x0D, 0x0C, 0x84, 0x02, 0x05, 0x06, 0x01, 0x13,
	0x86, 0x02, 0x06, 0xD0, 0x13, 0x06, 0xC1, 0x09, 0x08, 0x62, 0x01, 0x0F,
	0xF4, 0x01, 0x07, 0x76, 0x15, 0x0C, 0x35, 0x0C, 0x05, 0x2B, 0x01, 0x0C,
	0x45, 0x00, 0x0A, 0x36, 0x06, 0x06, 0xB8, 0x03, 0x06, 0xF3, 0x07, 0x1F,
	0x80, 0x07, 0x09, 0x95, 0x14, 0x80, 0x04, 0x04, 0xC2, 0x08, 0x04, 0x3B,
	0x01, 0x08, 0x0A, 0x04, 0x05, 0xBD, 0x0C, 0x15, 0x8E, 0x05, 0x07, 0xD4,
	0x01, 0x0A, 0x92, 0x16, 0x05, 0xB7, 0x08, 0x04, 0xAB, 0x0D, 0x0A, 0xDF,
	0x05, 0x0A, 0xD2, 0x15, 0x07, 0x37, 0x03, 0x09, 0xEE, 0x16, 0x0A, 0x2F,
	0x07, 0x05, 0x26, 0x17, 0x08, 0xCE, 0x00, 0x82, 0x01, 0x01, 0x04, 0x04,
	0xF4, 0x13, 0x08, 0xE4, 0x11, 0x05, 0x7A, 0x0E, 0x0E, 0x70, 0x02, 0x06,
	0x5F, 0x17, 0x06, 0xD0, 0x05, 0x11, 0x33, 0x06, 0x08, 0x28, 0x0C, 0x14,
	0x3A, 0x1C, 0x0D, 0xF4, 0x19, 0x0B, 0xB3, 0x0E, 0x0D, 0x67, 0x17, 0x07,
	0xC1, 0x03, 0x05, 0x43, 0x01, 0x07, 0x2C, 0x10, 0x08, 0x40, 0x0E, 0x81,
	0x04, 0x04, 0x0B, 0x81, 0x02, 0x0F, 0x75, 0x07, 0x06, 0xDA, 0x03, 0x80,
	0x05, 0x05, 0x3D, 0x01, 0x09, 0x4A, 0x01, 0x07, 0xF4, 0x00, 0x04, 0x93,
	0x00, 0x80, 0x03, 0x0B, 0x11, 0x08, 0x08, 0xB2, 0x0B, 0x05, 0xE6, 0x0C,
	0x05, 0x5E, 0x05, 0x09, 0x94, 0x16, 0x07, 0x32, 0x02, 0x0A, 0x2F, 0x17,
	0x09, 0xF8, 0x01, 0x05, 0x1B, 0x01, 0x08, 0x82, 0x1C, 0x09, 0xFA, 0x00,
	0x80, 0x01, 0x04, 0xF5, 0x0B, 0x07, 0x5E, 0x02, 0x08, 0x5B, 0x06, 0x0A,
	0x2E, 0x07, 0x09, 0x3D, 0x0D, 0x0E, 0x3F, 0x01, 0x09, 0x78, 0x16, 0x05,
	0x1C, 0x08, 0x08, 0xC3, 0x01, 0x0A, 0x39, 0x01, 0x09, 0x5D, 0x00, 0x0A,
	0xF7, 0x01, 0x0C, 0x9B, 0x17, 0x07, 0x7A, 0x01, 0x0A, 0x31, 0x0B, 0x09,
	0x22, 0x01, 0x10, 0xCC, 0x02, 0x06, 0xDD, 0x00, 0x08, 0xD8, 0x08, 0x1B,
	0x80, 0x02, 0x81, 0x05, 0x04, 0x05, 0x33, 0x06, 0x04, 0xF7, 0x1A, 0x08,
	0x14, 0x04, 0x04, 0x80, 0x01, 0x06, 0x01, 0x05, 0x07, 0x4E, 0x1E, 0x09,
	0x40, 0x01, 0x0B, 0xD9, 0x00, 0x0D, 0xDF, 0x1C, 0x08, 0x3F, 0x01, 0x08,
	0x76, 0x0E, 0x07, 0x36, 0x0A, 0x04, 0xF9, 0x0F, 0x04, 0x41, 0x00, 0x08,
	0x2E, 0x01, 0x05, 0x29, 0x01, 0x07, 0xF3, 0x00, 0x06, 0x6B, 0x04, 0x81,
	0x01, 0x00, 0x04, 0xCF, 0x06, 0x0C, 0x4F, 0x00, 0x0C, 0xE9, 0x02, 0x0A,
	0x18, 0x00, 0x05, 0x2D, 0x01, 0x05, 0xAC, 0x13, 0x07, 0x78, 0x1B, 0x07,
	0xE0, 0x06, 0x12, 0x74, 0x13, 0x06, 0xE4, 0x02, 0x07, 0xD1, 0x18, 0x0E,
	0x38, 0x03, 0x07, 0x93, 0x04, 0x08, 0xBC, 0x03, 0x05, 0x85, 0x10, 0x08,
	0x1F, 0x06, 0x08, 0x81, 0x02, 0x05, 0x71, 0x07, 0x05, 0xFE, 0x04, 0x07,
	0x29, 0x03, 0x08, 0x22, 0x00, 0x15, 0x7F, 0x02, 0x04, 0x37, 0x10, 0x09,
	0x77, 0x02, 0x0C, 0x55, 0x01, 0x05, 0x9D, 0x00, 0x04, 0x41, 0x00, 0x05,
	0x83, 0x19, 0x04, 0x11, 0x11, 0x10, 0x81, 0x1B, 0x05, 0x31, 0x08, 0x80,
	0x03, 0x05, 0xA3, 0x13, 0x08, 0xD4, 0x08, 0x04, 0xB0, 0x04, 0x06, 0x7F,
	0x0C, 0x0C, 0xA5, 0x02, 0x08, 0x48, 0x05, 0x07, 0xB8, 0x04, 0x05, 0x8B,
	0x02, 0x09, 0xA6, 0x1B, 0x04, 0x4E, 0x01, 0x81, 0x04, 0x03, 0x08, 0xDB,
	0x13, 0x10, 0xDF, 0x09, 0x11, 0xFA, 0x19, 0x08, 0x11, 0x0D, 0x08, 0x7E,
	0x02, 0x0C, 0xC4, 0x08, 0x0F, 0xB6, 0x14, 0x07, 0xA8, 0x02, 0x0C, 0x42,
	0x01, 0x07, 0xF3, 0x04, 0x0F, 0x75, 0x12, 0x0D, 0x52, 0x10, 0x05, 0xD6,
	0x00, 0x08, 0x02, 0x0A, 0x80, 0x01, 0x05, 0x16, 0x0A, 0x05, 0xB0, 0x00,
	0x06, 0x1A, 0x05, 0x14, 0x40, 0x01, 0x07, 0x7B, 0x11, 0x0A, 0xD5, 0x1D,
	0x0A, 0x23, 0x0E, 0x07, 0x01, 0x0A, 0x05, 0x7F, 0x15, 0x04, 0x67, 0x02,
	0x0C, 0x7E, 0x02, 0x09, 0xD4, 0x01, 0x0A, 0xE7, 0x00, 0x04, 0x92, 0x0D,
	0x06, 0x40, 0x10, 0x07, 0x7D, 0x19, 0x06, 0x9B, 0x0F, 0x09, 0x3E, 0x02,
	0x06, 0x52, 0x0F, 0x05, 0x39, 0x01, 0x0D, 0xEF, 0x1E, 0x07, 0x80, 0x12,
	0x11, 0xDB, 0x02, 0x12, 0x73, 0x1E, 0x09, 0x28, 0x01, 0x07, 0x2F, 0x05,
	0x10, 0x85, 0x1C, 0x06, 0x9D, 0x02, 0x0A, 0x73, 0x00, 0x0D, 0xA5, 0x20,
	0x05, 0x9B, 0x02, 0x08, 0xBC, 0x1B, 0x0C, 0x43, 0x06, 0x14, 0xC5, 0x08,
	0x05, 0x06, 0x0F, 0x04, 0x5F, 0x06, 0x06, 0xAE, 0x12, 0x08, 0x3A, 0x0F,
	0x1B, 0x45, 0x06, 0x05, 0x42, 0x0E, 0x04, 0xC1, 0x0D, 0x0A, 0xBB, 0x02,
	0x05, 0x57, 0x01, 0x05, 0xB2, 0x00, 0x0E, 0xC8, 0x00, 0x0D, 0x0F, 0x1D,
	0x0B, 0x16, 0x05, 0x80, 0x03, 0x06, 0x80, 0x12, 0x06, 0x93, 0x02, 0x04,
	0xD7, 0x07, 0x08, 0x9E, 0x0E, 0x08, 0x00, 0x08, 0x81, 0x07, 0x07, 0x04,
	0x16, 0x11, 0x07, 0xF1, 0x01, 0x08, 0x08, 0x00, 0x05, 0x6E, 0x12, 0x07,
	0x47, 0x16, 0x04, 0x47, 0x01, 0x08, 0xC0, 0x00, 0x05, 0x17, 0x00, 0x18,
	0xAC, 0x08, 0x08, 0x2A, 0x11, 0x10, 0x40, 0x01, 0x08, 0xD6, 0x03, 0x0C,
	0xDB, 0x03, 0x0E, 0x06, 0x0A, 0x05, 0x72, 0x10, 0x08, 0x5E, 0x08, 0x05,
	0x60, 0x02, 0x0F, 0x43, 0x01, 0x05, 0x76, 0x02, 0x05, 0x57, 0x02, 0x06,
	0x37, 0x22, 0x07, 0xFE, 0x04, 0x08, 0x80, 0x0C, 0x11, 0x39, 0x01, 0x04,
	0xC5, 0x21, 0x08, 0x76, 0x05, 0x07, 0x0D, 0x00, 0x06, 0x9F, 0x16, 0x05,
	0xB0, 0x01, 0x05, 0x3F, 0x01, 0x05, 0xD0, 0x11, 0x0E, 0x21, 0x02, 0x80,
	0x03, 0x09, 0x7A, 0x19, 0x0D, 0x1A, 0x1E, 0x05, 0x0A, 0x01, 0x04, 0xBF,
	0x15, 0x06, 0x34, 0x01, 0x04, 0x1B, 0x11, 0x05, 0xAA, 0x0B, 0x06, 0x1A,
	0x11, 0x0A, 0x07, 0x11, 0x81, 0x00, 0x03, 0x05, 0x02, 0x01, 0x07, 0xAE,
	0x18, 0x0A, 0xAF, 0x13, 0x06, 0x29, 0x1B, 0x04, 0x8D, 0x0A, 0x06, 0x17,
	0x00, 0x17, 0x41, 0x01, 0x07, 0x74, 0x0C, 0x09, 0x84, 0x1C, 0x0F, 0x57,
	0x20, 0x08, 0xE9, 0x07, 0x0E, 0xD1, 0x21, 0x0A, 0x04, 0x24, 0x08, 0x84,
	0x02, 0x04, 0x27, 0x01, 0x05, 0xA6, 0x08, 0x0B, 0x70, 0x01, 0x06, 0xAD,
	0x05, 0x07, 0xA9, 0x17, 0x05, 0xF0, 0x13, 0x09, 0x0C, 0x10, 0x09, 0x01,
	0x21, 0x04, 0x34, 0x00, 0x08, 0xF8, 0x04, 0x0D, 0x41, 0x1F, 0x05, 0x59,
	0x11, 0x0C, 0x80, 0x00, 0x05, 0xA8, 0x00, 0x06, 0x88, 0x18, 0x0E, 0x19,
	0x07, 0x80, 0x07, 0x0C, 0xFE, 0x01, 0x09, 0x72, 0x07, 0x05, 0x9A, 0x03,
	0x04, 0x7A, 0x02, 0x06, 0x53, 0x0A, 0x04, 0x1C, 0x01, 0x80, 0x04, 0x04,
	0x73, 0x02, 0x06, 0x22, 0x00, 0x0B, 0x6B, 0x17, 0x09, 0x94, 0x12, 0x06,
	0x5A, 0x01, 0x08, 0x5F, 0x01, 0x05, 0x3A, 0x01, 0x05, 0x06, 0x00, 0x0C,
	0x38, 0x07, 0x17, 0x85, 0x02, 0x0A, 0x11, 0x0A, 0x0F, 0xEF, 0x1F, 0x11,
	0x59, 0x06, 0x0C, 0x8A, 0x01, 0x0C, 0x84, 0x07, 0x06, 0xEA, 0x09, 0x0F,
	0x5E, 0x0F, 0x07, 0x24, 0x00, 0x08, 0xED, 0x13, 0x08, 0x3E, 0x0E, 0x0A,
	0x85, 0x09, 0x05, 0x61, 0x10, 0x05, 0x3C, 0x24, 0x04, 0x47, 0x01, 0x0E,
	0x87, 0x20, 0x0B, 0xAB, 0x09, 0x06, 0x09, 0x00, 0x09, 0xF8, 0x06, 0x0F,
	0xCE, 0x05, 0x09, 0x23, 0x18, 0x04, 0xE3, 0x1B, 0x09, 0x1E, 0x00, 0x06,
	0xBC, 0x12, 0x08, 0x43, 0x01, 0x05, 0x22, 0x01, 0x07, 0x28, 0x01, 0x06,
	0x44, 0x12, 0x0F, 0x9A, 0x13, 0x05, 0x79, 0x07, 0x06, 0x1B, 0x1B, 0x09,
	0x52, 0x01, 0x05, 0x3C, 0x16, 0x06, 0x7D, 0x02, 0x04, 0xE7, 0x16, 0x1A,
	0x40, 0x01, 0x07, 0x39, 0x10, 0x09, 0x10, 0x26, 0x07, 0x2D, 0x0D, 0x07,
	0xFB, 0x04, 0x0D, 0xC8, 0x08, 0x0F, 0x8B, 0x01, 0x0A, 0x44, 0x06, 0x06,
	0xA9, 0x03, 0x11, 0x9A, 0x24, 0x07, 0xAA, 0x07, 0x0C, 0xD7, 0x03, 0x08,
	0xC0, 0x0A, 0x08, 0x35, 0x05, 0x80, 0x00, 0x05, 0x66, 0x0C, 0x0A, 0x6A,
	0x0C, 0x07, 0x7A, 0x02, 0x08, 0x7F, 0x02, 0x0B, 0xD4, 0x0A, 0x05, 0xAF,
	0x01, 0x09, 0xE3, 0x04, 0x09, 0x40, 0x06, 0x09, 0xB1, 0x06, 0x0B, 0x9A,
	0x00, 0x06, 0xA1, 0x1D, 0x06, 0x32, 0x09, 0x08, 0x3A, 0x01, 0x04, 0x7E,
	0x06, 0x04, 0x14, 0x08, 0x06, 0x25, 0x06, 0x0D, 0x80, 0x02, 0x06, 0x00,
	0x05, 0x04, 0x9E, 0x02, 0x08, 0x19, 0x00, 0x80, 0x06, 0x06, 0x7A, 0x02,
	0x81, 0x06, 0x07, 0x06, 0xFD, 0x04, 0x16, 0x81, 0x02, 0x0C, 0x28, 0x25,
	0x06, 0xE2, 0x17, 0x0B, 0xCA, 0x23, 0x0C, 0x48, 0x10, 0x0D, 0x0C, 0x0F,
	0x10, 0x72, 0x10, 0x0A, 0x84, 0x07, 0x0B, 0x41, 0x00, 0x0E, 0x0A, 0x09,
	0x14, 0x38, 0x04, 0x09, 0x43, 0x0F, 0x05, 0x2A, 0x06, 0x07, 0xEF, 0x04,
	0x09, 0xD4, 0x06, 0x0D, 0x2E, 0x0C, 0x0B, 0x16, 0x08, 0x0A, 0x16, 0x12,
	0x11, 0xF4, 0x0B, 0x0C, 0x9B, 0x02, 0x80, 0x06, 0x04, 0x66, 0x05, 0x07,
	0x40, 0x01, 0x06, 0x4D, 0x01, 0x08, 0x46, 0x01, 0x04, 0xCB, 0x26, 0x05,
	0xDA, 0x19, 0x06, 0xB5, 0x03, 0x05, 0x3D, 0x01, 0x05, 0x0C, 0x1A, 0x07,
	0x9E, 0x02, 0x06, 0x1D, 0x1A, 0x06, 0x3F, 0x1B, 0x0A, 0x18, 0x12, 0x0C,
	0x76, 0x03, 0x0E, 0xC7, 0x08, 0x0B, 0x10, 0x0B, 0x08, 0x9E, 0x0B, 0x0C,
	0x83, 0x02, 0x12, 0x25, 0x0F, 0x0E, 0x8A, 0x01, 0x05, 0xA0, 0x0D, 0x0A,
	0x83, 0x07, 0x11, 0x80, 0x02, 0x1D, 0x38, 0x04, 0x07, 0x5D, 0x07, 0x08,
	0x00, 0x05, 0x07, 0x28, 0x15, 0x05, 0x91, 0x03, 0x04, 0x18, 0x1F, 0x07,
	0x62, 0x0D, 0x0B, 0x15, 0x04, 0x04, 0x41, 0x0B, 0x0A, 0x75, 0x02, 0x05,
	0xC0, 0x1C, 0x07, 0x1E, 0x02, 0x05, 0xBC, 0x17, 0x0C, 0x26, 0x1D, 0x05,
	0xED, 0x08, 0x04, 0x73, 0x19, 0x05, 0x48, 0x06, 0x80, 0x03, 0x08, 0xB6,
	0x18, 0x06, 0xBD, 0x01, 0x05, 0xDC, 0x19, 0x08, 0xCA, 0x03, 0x05, 0x55,
	0x21, 0x06, 0xDA, 0x05, 0x06, 0x85, 0x0E, 0x09, 0xEB, 0x29, 0x06, 0x21,
	0x0B, 0x15, 0x00, 0x0A, 0x18, 0x05, 0x1F, 0x06, 0x58, 0x0A, 0x0B, 0xDA,
	0x08, 0x0B, 0x25, 0x0E, 0x05, 0x20, 0x00, 0x0D, 0x00, 0x1F, 0x0A, 0xEF,
	0x1D, 0x09, 0x81, 0x02, 0x05, 0xE8, 0x13, 0x2C, 0x41, 0x01, 0x04, 0x64,
	0x07, 0x05, 0x3D, 0x0B, 0x08, 0xC0, 0x03, 0x07, 0x30, 0x23, 0x0A, 0x0D,
	0x05, 0x04, 0x21, 0x10, 0x0D, 0x66, 0x0C, 0x07, 0xBD, 0x03, 0x05, 0x0D,
	0x19, 0x08, 0x6D, 0x0D, 0x0F, 0x14, 0x0A, 0x18, 0x82, 0x29, 0x07, 0x8D,
	0x0C, 0x0A, 0x2E, 0x00, 0x0D, 0x71, 0x06, 0x06, 0x1F, 0x13, 0x13, 0xED,
	0x04, 0x12, 0x51, 0x00, 0x0A, 0xB9, 0x08, 0x0D, 0x49, 0x29, 0x0A, 0x50,
	0x0B, 0x06, 0xBC, 0x00, 0x04, 0x18, 0x20, 0x14, 0x49, 0x26, 0x0B, 0xC0,
	0x07, 0x09, 0x05, 0x04, 0x05, 0x6D, 0x11, 0x0B, 0x2F, 0x2B, 0x28, 0x41,
	0x01, 0x04, 0x80, 0x2A, 0x04, 0x5F, 0x1C, 0x07, 0xA7, 0x17, 0x13, 0x41,
	0x05, 0x07, 0x45, 0x0E, 0x07, 0x81, 0x05, 0x09, 0x19, 0x15, 0x07, 0x7A,
	0x02, 0x0F, 0x0F, 0x28, 0x15, 0x31, 0x03, 0x0E, 0x55, 0x01, 0x08, 0x95,
	0x03, 0x05, 0x34, 0x1E, 0x83, 0x07, 0x03, 0x00, 0x04, 0x05, 0xFE, 0x26,
	0x0B, 0x14, 0x1D, 0x1C, 0x40, 0x01, 0x06, 0x05, 0x08, 0x08, 0xFF, 0x0E,
	0x15, 0x14, 0x0A, 0x0B, 0x59, 0x02, 0x81, 0x02, 0x02, 0x07, 0x39, 0x0E,
	0x0C, 0xDB, 0x17, 0x0A, 0xBE, 0x03, 0x0C, 0x48, 0x00, 0x07, 0x0E, 0x14,
	0x10, 0x47, 0x0B, 0x0B, 0x35, 0x06, 0x10, 0x23, 0x09, 0x07, 0x40, 0x01,
	0x06, 0x6D, 0x1B, 0x13, 0x8D, 0x2A, 0x08, 0xE1, 0x18, 0x08, 0x38, 0x1E,
	0x08, 0x25, 0x16, 0x19, 0x1F, 0x01, 0x0B, 0xD7, 0x17, 0x16, 0x88, 0x0D,
	0x06, 0xA2, 0x00, 0x07, 0x47, 0x00, 0x04, 0x2F, 0x19, 0x04, 0x39, 0x01,
	0x06, 0x3F, 0x06, 0x09, 0x40, 0x01, 0x13, 0xBD, 0x02, 0x0F, 0x4F, 0x00,
	0x09, 0xCA, 0x13, 0x17, 0x18, 0x02, 0x09, 0xC4, 0x0D, 0x07, 0x9C, 0x22,
	0x80, 0x02, 0x07, 0xED, 0x0D, 0x07, 0x38, 0x23, 0x0C, 0x25, 0x0E, 0x0D,
	0x4E, 0x01, 0x81, 0x06, 0x00, 0x04, 0x3D, 0x1A, 0x0F, 0xD5, 0x02, 0x06,
	0x94, 0x01, 0x05, 0x3A, 0x22, 0x10, 0x2C, 0x0E, 0x07, 0x40, 0x01, 0x06,
	0xC1, 0x03, 0x13, 0x9F, 0x05, 0x07, 0x8D, 0x02, 0x04, 0xF9, 0x14, 0x08,
	0xF2, 0x00, 0x05, 0xDD, 0x03, 0x0C, 0x01, 0x0A, 0x1D, 0xB3, 0x03, 0x0E,
	0xAA, 0x07, 0x04, 0x25, 0x0F, 0x08, 0x37, 0x01, 0x05, 0x3B, 0x01, 0x04,
	0x36, 0x01, 0x0A, 0xCA, 0x1D, 0x09, 0x1D, 0x1D, 0x15, 0x48, 0x00, 0x0D,
	0x9A, 0x00, 0x06, 0x57, 0x13, 0x1A, 0x42, 0x01, 0x0B, 0x02, 0x01, 0x04,
	0xE5, 0x23, 0x0A, 0xC6, 0x03, 0x80, 0x03, 0x05, 0x23, 0x0B, 0x0E, 0x22,
	0x02, 0x09, 0x72, 0x02, 0x05, 0x05, 0x1D, 0x05, 0xD0, 0x06, 0x11, 0x4F,
	0x15, 0x05, 0x49, 0x0B, 0x05, 0xA1, 0x1F, 0x1B, 0x80, 0x02, 0x10, 0x83,
	0x00, 0x04, 0x15, 0x00, 0x0D, 0x76, 0x2F, 0x07, 0x1C, 0x05, 0x0C, 0xB4,
	0x0D, 0x13, 0x2D, 0x01, 0x09, 0xC8, 0x0D, 0x09, 0x61, 0x01, 0x04, 0xB7,
	0x0C, 0x06, 0x39, 0x01, 0x04, 0xD6, 0x21, 0x86, 0x00, 0x0B, 0x0B, 0x03,
	0x00, 0x0B, 0x0B, 0x04, 0x08, 0x00, 0x81, 0x00, 0x0B, 0x0B, 0x40, 0x00,
	0x1C, 0x40, 0x01, 0x80, 0x00, 0x04, 0xDC, 0x24, 0x0B, 0x2D, 0x01, 0x1B,
	0x50, 0x06, 0x10, 0x24, 0x02, 0x0E, 0x41, 0x01, 0x07, 0x63, 0x0B, 0x13,
	0x96, 0x08, 0x04, 0xE5, 0x0E, 0x06, 0xD6, 0x25, 0x12, 0x40, 0x01, 0x08,
	0x80, 0x0E, 0x07, 0x44, 0x12, 0x0C, 0x88, 0x2D, 0x06, 0x29, 0x10, 0x80,
	0x05, 0x0B, 0x23, 0x06, 0x04, 0x92, 0x02, 0x15, 0xEC, 0x27, 0x15, 0xDE,
	0x00, 0x0D, 0x63, 0x02, 0x10, 0xFB, 0x2E, 0x08, 0xD6, 0x21, 0x04, 0x69,
	0x02, 0x83, 0x09, 0x00, 0x00, 0x0B, 0x04, 0x72, 0x02, 0x04, 0x36, 0x01,
	0x80, 0x0B, 0x04, 0x3F, 0x01, 0x10, 0xF9, 0x00, 0x05, 0xEC, 0x09, 0x0F,
	0x63, 0x00, 0x08, 0x65, 0x20, 0x0C, 0x88, 0x05, 0x1F, 0x41, 0x01, 0x08,
	0x89, 0x0C, 0x0B, 0x81, 0x11, 0x08, 0x60, 0x26, 0x09, 0xEB, 0x0B, 0x06,
	0x64, 0x02, 0x18, 0x8F, 0x2F, 0x14, 0x40, 0x01, 0x05, 0x3E, 0x01, 0x06,
	0x16, 0x32, 0x0E, 0x6C, 0x2F, 0x09, 0x2C, 0x24, 0x07, 0x9E, 0x01, 0x19,
	0x38, 0x01, 0x0B, 0x39, 0x15, 0x13, 0xAF, 0x03, 0x0D, 0xF9, 0x00, 0x06,
	0x07, 0x06, 0x04, 0xA1, 0x07, 0x06, 0x1E, 0x32, 0x83, 0x01, 0x01, 0x00,
	0x09, 0x04, 0x34, 0x01, 0x05, 0x75, 0x02, 0x19, 0xF9, 0x00, 0x1D, 0x40,
	0x01, 0x04, 0xB7, 0x00, 0x06, 0x06, 0x01, 0x14, 0x48, 0x07, 0x12, 0x74,
	0x04, 0x0D, 0xDA, 0x03, 0x07, 0x05, 0x05, 0x08, 0xAA, 0x0D, 0x05, 0x24,
	0x06, 0x12, 0x0F, 0x06, 0x05, 0x39, 0x1F, 0x05, 0x8E, 0x0A, 0x04, 0x04,
	0x00, 0x05, 0xBA, 0x12, 0x0A, 0xA5, 0x03, 0x09, 0xF7, 0x1D, 0x0C, 0x69,
	0x15, 0x06, 0x41, 0x0B, 0x07, 0xAB, 0x21, 0x20, 0x39, 0x01, 0x0D, 0xCF,
	0x14, 0x07, 0xC9, 0x03, 0x0C, 0x97, 0x08, 0x0E, 0xA8, 0x14, 0x05, 0x71,
	0x26, 0x07, 0xD5, 0x0A, 0x82, 0x00, 0x00, 0x06, 0x07, 0x36, 0x01, 0x04,
	0x07, 0x00, 0x19, 0x41, 0x01, 0x07, 0xAC, 0x0D, 0x1B, 0x80, 0x02, 0x07,
	0x06, 0x01, 0x1F, 0xCC, 0x0D, 0x08, 0x3C, 0x15, 0x0B, 0x0D, 0x1E, 0x06,
	0x3D, 0x00, 0x0A, 0x0B, 0x0A, 0x07, 0x7B, 0x26, 0x18, 0x81, 0x02, 0x06,
	0x8F, 0x0B, 0x08, 0xB4, 0x14, 0x0A, 0x66, 0x15, 0x05, 0xC7, 0x12, 0x04,
	0x6B, 0x10, 0x0A, 0xF9, 0x0C, 0x0A, 0x7B, 0x00, 0x2A, 0x3F, 0x01, 0x0B,
	0xAD, 0x12, 0x09, 0x86, 0x11, 0x06, 0x72, 0x02, 0x07, 0x9D, 0x14, 0x09,
	0xF2, 0x07, 0x07, 0xB6, 0x0A, 0x06, 0x28, 0x06, 0x05, 0xB9, 0x03, 0x1C,
	0x1E, 0x31, 0x08, 0x40, 0x01, 0x0B, 0x3F, 0x0B, 0x0B, 0x40, 0x01, 0x08,
	0x6E, 0x0D, 0x1E, 0x42, 0x01, 0x07, 0x80, 0x0C, 0x09, 0x4B, 0x0D, 0x0C,
	0x96, 0x02, 0x07, 0x3A, 0x00, 0x04, 0x41, 0x02, 0x06, 0x08, 0x01, 0x12,
	0x32, 0x07, 0x05, 0xF7, 0x18, 0x05, 0x8A, 0x11, 0x08, 0x53, 0x25, 0x81,
	0x06, 0x06, 0x06, 0x52, 0x01, 0x08, 0x3E, 0x01, 0x06, 0x68, 0x10, 0x0D,
	0xA3, 0x07, 0x0F, 0x1B, 0x1A, 0x1E, 0x3F, 0x01, 0x09, 0x2F, 0x01, 0x0A,
	0x51, 0x0B, 0x06, 0xA9, 0x2C, 0x07, 0xB4, 0x15, 0x05, 0xE4, 0x0B, 0x09,
	0x9D, 0x2F, 0x08, 0x3A, 0x0F, 0x1D, 0xB9, 0x03, 0x09, 0xBD, 0x00, 0x06,
	0x65, 0x00, 0x06, 0xA2, 0x27, 0x06, 0x16, 0x14, 0x07, 0xEE, 0x28, 0x0A,
	0x41, 0x19, 0x05, 0x50, 0x00, 0x0C, 0x15, 0x0B, 0x12, 0x6B, 0x08, 0x07,
	0x73, 0x0E, 0x09, 0xF5, 0x21, 0x0F, 0x2F, 0x07, 0x05, 0x0D, 0x01, 0x08,
	0x50, 0x20, 0x0E, 0x8E, 0x20, 0x08, 0xAA, 0x08, 0x06, 0xF2, 0x13, 0x04,
	0x85, 0x0E, 0x04, 0x62, 0x11, 0x07, 0x0D, 0x00, 0x05, 0x3E, 0x01, 0x0A,
	0x84, 0x02, 0x09, 0xA8, 0x06, 0x04, 0x2A, 0x04, 0x06, 0x6E, 0x0D, 0x26,
	0x7D, 0x02, 0x0A, 0xE9, 0x09, 0x08, 0x38, 0x01, 0x09, 0x24, 0x02, 0x07,
	0x4A, 0x00, 0x0A, 0xB9, 0x10, 0x08, 0xA3, 0x00, 0x1F, 0x33, 0x07, 0x0D,
	0x40, 0x01, 0x09, 0xC5, 0x12, 0x04, 0x3C, 0x00, 0x08, 0x81, 0x2B, 0x06,
	0x75, 0x1C, 0x0D, 0x4B, 0x02, 0x19, 0x02, 0x06, 0x05, 0x3A, 0x01, 0x0E,
	0xCD, 0x0D, 0x0A, 0xD6, 0x03, 0x09, 0xFF, 0x35, 0x0E, 0x83, 0x1B, 0x0D,
	0xC3, 0x0C, 0x84, 0x04, 0x06, 0x01, 0x0B, 0x0B, 0x06, 0x54, 0x1A, 0x05,
	0xB7, 0x03, 0x04, 0x4A, 0x01, 0x05, 0xD7, 0x21, 0x08, 0x43, 0x06, 0x06,
	0x02, 0x28, 0x0F, 0x9B, 0x01, 0x29, 0x7E, 0x02, 0x08, 0x3A, 0x01, 0x04,
	0x9C, 0x19, 0x05, 0xAC, 0x2E, 0x0A, 0x37, 0x04, 0x09, 0x1D, 0x39, 0x05,
	0x3E, 0x04, 0x05, 0xC3, 0x00, 0x07, 0x57, 0x12, 0x10, 0x77, 0x0B, 0x1A,
	0x40, 0x01, 0x05, 0x64, 0x15, 0x06, 0xAA, 0x1E, 0x06, 0x84, 0x16, 0x06,
	0x1A, 0x38, 0x09, 0xF3, 0x1D, 0x0B, 0x12, 0x06, 0x07, 0x18, 0x0B, 0x11,
	0xD9, 0x0D, 0x07, 0x2D, 0x01, 0x09, 0x74, 0x19, 0x0A, 0x17, 0x11, 0x10,
	0xF9, 0x18, 0x0D, 0x0A, 0x10, 0x07, 0x64, 0x23, 0x06, 0xFA, 0x02, 0x06,
	0x2F, 0x31, 0x05, 0x29, 0x01, 0x06, 0x13, 0x00, 0x09, 0x35, 0x1C, 0x05,
	0x8C, 0x16, 0x06, 0x37, 0x27, 0x07, 0xB8, 0x00, 0x09, 0x42, 0x36, 0x1F,
	0x41, 0x01, 0x08, 0x0F, 0x24, 0x07, 0x76, 0x00, 0x0C, 0x16, 0x10, 0x07,
	0xBB, 0x03, 0x07, 0xF9, 0x04, 0x05, 0x59, 0x01, 0x0C, 0xE0, 0x1E, 0x04,
	0x72, 0x01, 0x1C, 0xC5, 0x13, 0x0A, 0x40, 0x01, 0x05, 0xB7, 0x16, 0x06,
	0xAE, 0x11, 0x04, 0x80, 0x02, 0x06, 0x91, 0x04, 0x81, 0x00, 0x03, 0x09,
	0x3F, 0x07, 0x05, 0xBC, 0x03, 0x05, 0x98, 0x01, 0x07, 0x42, 0x01, 0x13,
	0x77, 0x1C, 0x05, 0x33, 0x00, 0x07, 0x6F, 0x01, 0x07, 0x14, 0x0F, 0x06,
	0xC7, 0x06, 0x05, 0xC3, 0x07, 0x05, 0x15, 0x01, 0x05, 0xD1, 0x27, 0x0D,
	0x40, 0x01, 0x0A, 0x08, 0x19, 0x05, 0x4D, 0x11, 0x07, 0x03, 0x28, 0x08,
	0x19, 0x39, 0x05, 0xC3, 0x03, 0x08, 0x4E, 0x00, 0x06, 0x62, 0x24, 0x0E,
	0xFF, 0x04, 0x07, 0x80, 0x02, 0x0E, 0xC8, 0x03, 0x07, 0xA8, 0x03, 0x06,
	0x38, 0x01, 0x05, 0x17, 0x03, 0x04, 0x76, 0x02, 0x09, 0x48, 0x21, 0x0B,
	0xBE, 0x03, 0x0A, 0xF6, 0x01, 0x04, 0xDD, 0x00, 0x07, 0x2A, 0x09, 0x0F,
	0xA0, 0x08, 0x24, 0x40, 0x01, 0x05, 0x8A, 0x00, 0x80, 0x01, 0x04, 0xAE,
	0x16, 0x06, 0xB3, 0x00, 0x04, 0xEF, 0x2C, 0x04, 0x73, 0x00, 0x07, 0x5F,
	0x31, 0x05, 0x7A, 0x02, 0x09, 0xBF, 0x03, 0x06, 0x43, 0x01, 0x0F, 0x84,
	0x02, 0x05, 0xAD, 0x2A, 0x09, 0x7C, 0x05, 0x09, 0xC0, 0x22, 0x07, 0x9F,
	0x00, 0x08, 0x88, 0x01, 0x04, 0x8A, 0x03, 0x11, 0x4A, 0x11, 0x07, 0xEF,
	0x27, 0x06, 0x28, 0x06, 0x05, 0x27, 0x06, 0x04, 0x7F, 0x02, 0x05, 0x75,
	0x02, 0x05, 0x38, 0x1F, 0x05, 0x8C, 0x1B, 0x08, 0x65, 0x01, 0x06, 0x11,
	0x2C, 0x0A, 0x46, 0x01, 0x08, 0x32, 0x01, 0x08, 0x36, 0x1B, 0x09, 0x39,
	0x01, 0x06, 0xB8, 0x03, 0x05, 0x73, 0x1D, 0x07, 0xCD, 0x09, 0x08, 0xBA,
	0x2D, 0x09, 0x8D, 0x07, 0x04, 0x8C, 0x02, 0x07, 0x75, 0x09, 0x05, 0x3E,
	0x01, 0x0E, 0xA8, 0x0B, 0x08, 0x5F, 0x0C, 0x21, 0x40, 0x01, 0x07, 0x3A,
	0x03, 0x04, 0xAC, 0x00, 0x05, 0x0D, 0x00, 0x05, 0xA3, 0x00, 0x04, 0x2A,
	0x02, 0x04, 0x62, 0x00, 0x05, 0x2D, 0x01, 0x07, 0xD8, 0x07, 0x0A, 0xCF,
	0x09, 0x05, 0x55, 0x01, 0x0F, 0x6D, 0x00, 0x06, 0xC1, 0x01, 0x07, 0x67,
	0x24, 0x07, 0x91, 0x05, 0x04, 0x9B, 0x00, 0x06, 0x77, 0x1B, 0x0A, 0x90,
	0x08, 0x12, 0x7D, 0x02, 0x08, 0xEB, 0x09, 0x04, 0x31, 0x01, 0x09, 0x6F,
	0x1D, 0x80, 0x06, 0x04, 0x11, 0x05, 0x05, 0x40, 0x01, 0x06, 0x3A, 0x06,
	0x08, 0x2A, 0x14, 0x07, 0x8B, 0x23, 0x06, 0x31, 0x0F, 0x06, 0x40, 0x01,
	0x07, 0xC8, 0x03, 0x08, 0xDE, 0x0F, 0x0C, 0x76, 0x36, 0x0B, 0x76, 0x02,
	0x14, 0xB8, 0x05, 0x07, 0xC6, 0x00, 0x09, 0xB9, 0x3D, 0x12, 0x1E, 0x0B,
	0x22, 0x40, 0x06, 0x08, 0xB8, 0x07, 0x06, 0xAD, 0x01, 0x07, 0x77, 0x1A,
	0x09, 0x26, 0x3C, 0x0C, 0x7A, 0x18, 0x0D, 0x31, 0x02, 0x12, 0xF3, 0x10,
	0x07, 0x12, 0x3E, 0x0A, 0x82, 0x13, 0x0B, 0x1B, 0x03, 0x08, 0x83, 0x1E,
	0x0A, 0xF0, 0x18, 0x15, 0x41, 0x01, 0x06, 0x42, 0x01, 0x05, 0xEB, 0x04,
	0x05, 0x40, 0x01, 0x05, 0xD6, 0x00, 0x09, 0x40, 0x01, 0x06, 0x97, 0x01,
	0x08, 0xC0, 0x30, 0x09, 0xD3, 0x09, 0x07, 0x70, 0x02, 0x08, 0x53, 0x11,
	0x12, 0x23, 0x01, 0x0C, 0xC5, 0x3E, 0x05, 0x6B, 0x01, 0x0C, 0xE9, 0x10,
	0x08, 0xE9, 0x17, 0x15, 0x21, 0x2A, 0x24, 0x50, 0x13, 0x0D, 0xBF, 0x0C,
	0x08, 0xC5, 0x1D, 0x07, 0xC1, 0x32, 0x06, 0xB5, 0x08, 0x07, 0xD2, 0x07,
	0x08, 0xED, 0x3C, 0x0E, 0xF6, 0x00, 0x15, 0xDD, 0x14, 0x08, 0x19, 0x06,
	0x08, 0x57, 0x06, 0x07, 0xF1, 0x20, 0x09, 0x7C, 0x3F, 0x11, 0x8F, 0x01,
	0x06, 0x34, 0x05, 0x07, 0xB1, 0x08, 0x08, 0xAA, 0x30, 0x09, 0x89, 0x07,
	0x09, 0x1F, 0x0F, 0x06, 0x80, 0x03, 0x08, 0x0C, 0x20, 0x0D, 0x5B, 0x19,
	0x18, 0xFE, 0x00, 0x13, 0x33, 0x26, 0x81, 0x01, 0x00, 0x04, 0x98, 0x2E,
	0x09, 0x20, 0x19, 0x1B, 0x3E, 0x01, 0x22, 0x3E, 0x06, 0x07, 0x80, 0x02,
	0x05, 0x83, 0x05, 0x04, 0xED, 0x00, 0x0A, 0x76, 0x13, 0x06, 0xB9, 0x01,
	0x08, 0x2B, 0x1F, 0x08, 0x50, 0x1D, 0x09, 0xA7, 0x17, 0x16, 0x9A, 0x0C,
	0x04, 0x8B, 0x00, 0x06, 0x09, 0x03, 0x07, 0x7F, 0x07, 0x0A, 0x9B, 0x00,
	0x08, 0x57, 0x09, 0x07, 0x24, 0x17, 0x19, 0x1C, 0x15, 0x0B, 0xFA, 0x08,
	0x0C, 0x30, 0x13, 0x07, 0x7F, 0x05, 0x0B, 0xF0, 0x01, 0x21, 0xD4, 0x10,
	0x13, 0xAB, 0x0A, 0x06, 0x2C, 0x3F, 0x06, 0x57, 0x04, 0x0D, 0x50, 0x22,
	0x17, 0xDD, 0x0E, 0x23, 0x40, 0x01, 0x0A, 0x0D, 0x0E, 0x80, 0x06, 0x06,
	0x62, 0x07, 0x0A, 0x82, 0x17, 0x07, 0x32, 0x40, 0x0B, 0xE3, 0x02, 0x06,
	0x46, 0x01, 0x0A, 0x83, 0x03, 0x09, 0x61, 0x06, 0x0D, 0x88, 0x07, 0x0A,
	0xFD, 0x1A, 0x06, 0x7E, 0x21, 0x08, 0x02, 0x01, 0x0A, 0xC8, 0x2B, 0x1F,
	0x5F, 0x42, 0x07, 0x0F, 0x14, 0x09, 0xE0, 0x02, 0x07, 0x0B, 0x03, 0x06,
	0x13, 0x22, 0x09, 0x39, 0x0D, 0x0F, 0x1F, 0x1A, 0x08, 0x72, 0x01, 0x07,
	0x7B, 0x01, 0x0D, 0x89, 0x01, 0x07, 0x3A, 0x03, 0x0F, 0x15, 0x42, 0x07,
	0x56, 0x03, 0x07, 0x67, 0x2E, 0x13, 0x94, 0x2C, 0x0D, 0x3B, 0x29, 0x14,
	0xA9, 0x00, 0x0C, 0x9F, 0x0C, 0x05, 0x2F, 0x34, 0x07, 0x6D, 0x02, 0x08,
	0x40, 0x01, 0x0B, 0x06, 0x16, 0x09, 0x89, 0x02, 0x09, 0xB0, 0x17, 0x0A,
	0x4C, 0x06, 0x07, 0x9B, 0x02, 0x0E, 0x27, 0x1B, 0x08, 0x3A, 0x00, 0x08,
	0x59, 0x06, 0x0A, 0x78, 0x01, 0x06, 0xDC, 0x00, 0x1B, 0x42, 0x01, 0x09,
	0x95, 0x17, 0x0C, 0x9F, 0x06, 0x06, 0x68, 0x00, 0x09, 0x51, 0x08, 0x05,
	0x03, 0x20, 0x25, 0xF1, 0x17, 0x06, 0x4B, 0x04, 0x0B, 0xF1, 0x06, 0x0C,
	0x3E, 0x01, 0x17, 0xC6, 0x02, 0x25, 0x0D, 0x05, 0x04, 0x0A, 0x14, 0x04,
	0x17, 0x14, 0x09, 0xAF, 0x06, 0x08, 0x1E, 0x24, 0x06, 0xAA, 0x00, 0x09,
	0x4A, 0x43, 0x0B, 0x35, 0x06, 0x0C, 0x2F, 0x17, 0x1B, 0x4E, 0x06, 0x12,
	0xC9, 0x1E, 0x08, 0x66, 0x04, 0x0D, 0x6B, 0x01, 0x1A, 0x50, 0x0F, 0x05,
	0x62, 0x07, 0x0C, 0xF6, 0x11, 0x09, 0x51, 0x14, 0x04, 0xD6, 0x29, 0x22,
	0xE3, 0x00, 0x0A, 0x1B, 0x31, 0x09, 0x87, 0x01, 0x06, 0x9F, 0x04, 0x06,
	0x2A, 0x08, 0x0B, 0x9F, 0x00, 0x36, 0x36, 0x06, 0x07, 0x7D, 0x02, 0x04,
	0x80, 0x02, 0x0D, 0x51, 0x04, 0x08, 0x4D, 0x20, 0x0B, 0x99, 0x24, 0x0F,
	0x13, 0x01, 0x06, 0x4E, 0x1E, 0x14, 0x42, 0x07, 0x0E, 0x39, 0x10, 0x05,
	0x76, 0x07, 0x0A, 0x8D, 0x1B, 0x06, 0x4F, 0x02, 0x05, 0x3C, 0x20, 0x1B,
	0x44, 0x01, 0x0D, 0xF5, 0x29, 0x08, 0xFE, 0x02, 0x08, 0x91, 0x02, 0x06,
	0x6E, 0x05, 0x09, 0x40, 0x01, 0x1C, 0x41, 0x01, 0x0D, 0x42, 0x0E, 0x08,
	0x89, 0x0A, 0x09, 0x29, 0x22, 0x0A, 0x29, 0x08, 0x3B, 0x3E, 0x01, 0x09,
	0xC0, 0x03, 0x0B, 0xD4, 0x44, 0x10, 0xDD, 0x10, 0x12, 0xB7, 0x40, 0x07,
	0xCD, 0x0D, 0x0E, 0x7E, 0x02, 0x09, 0x65, 0x10, 0x0B, 0xEB, 0x06, 0x05,
	0x67, 0x01, 0x06, 0x9B, 0x0A, 0x0C, 0x14, 0x04, 0x07, 0xC4, 0x00, 0x06,
	0x60, 0x02, 0x19, 0x82, 0x03, 0x07, 0x7D, 0x1A, 0x08, 0x48, 0x3D, 0x09,
	0x38, 0x02, 0x83, 0x02, 0x06, 0x06, 0x01, 0x05, 0x61, 0x26, 0x17, 0x40,
	0x01, 0x09, 0xC8, 0x1D, 0x0A, 0xB3, 0x01, 0x06, 0x3B, 0x0B, 0x07, 0x48,
	0x24, 0x08, 0x4E, 0x05, 0x07, 0x0B, 0x26, 0x19, 0xCA, 0x19, 0x2A, 0x0E,
	0x1C, 0x81, 0x00, 0x0B, 0x10, 0xD1, 0x06, 0x09, 0x4C, 0x25, 0x12, 0xE4,
	0x05, 0x06, 0x43, 0x10, 0x08, 0x63, 0x1B, 0x0B, 0xFC, 0x3D, 0x09, 0x9E,
	0x03, 0x0C, 0x5F, 0x10, 0x08, 0x68, 0x02, 0x08, 0x74, 0x02, 0x07, 0xA2,
	0x02, 0x06, 0xF9, 0x26, 0x09, 0xC9, 0x02, 0x1A, 0xA4, 0x1C, 0x0A, 0x7E,
	0x1A, 0x07, 0x96, 0x1F, 0x80, 0x00, 0x05, 0x6F, 0x00, 0x0A, 0xCE, 0x13,
	0x1A, 0x73, 0x3E, 0x0A, 0x06, 0x07, 0x07, 0x35, 0x04, 0x08, 0x1F, 0x10,
	0x09, 0x34, 0x0B, 0x19, 0xBE, 0x01, 0x07, 0x39, 0x02, 0x2A, 0x42, 0x01,
	0x06, 0x00, 0x05, 0x0E, 0x26, 0x2A, 0x17, 0x55, 0x05, 0x06, 0x2B, 0x42,
	0x08, 0x0F, 0x0A, 0x07, 0x43, 0x01, 0x0C, 0x1E, 0x25, 0x06, 0x1A, 0x00,
	0x0D, 0x45, 0x01, 0x09, 0xF6, 0x03, 0x06, 0x71, 0x02, 0x08, 0x47, 0x03,
	0x08, 0xA2, 0x14, 0x1C, 0x9E, 0x48, 0x07, 0x49, 0x04, 0x06, 0x30, 0x00,
	0x06, 0x08, 0x08, 0x82, 0x02, 0x02, 0x02, 0x09, 0x0E, 0x0B, 0x09, 0x84,
	0x26, 0x10, 0x00, 0x02, 0x06, 0x48, 0x0E, 0x08, 0xDE, 0x24, 0x06, 0xAB,
	0x0C, 0x08, 0xAD, 0x01, 0x09, 0x4C, 0x08, 0x1A, 0x49, 0x30, 0x06, 0xEC,
	0x1A, 0x2C, 0x41, 0x0B, 0x09, 0x42, 0x15, 0x07, 0xEA, 0x02, 0x09, 0xFD,
	0x06, 0x13, 0x47, 0x00, 0x07, 0x94, 0x07, 0x07, 0x3B, 0x3F, 0x09, 0x80,
	0x02, 0x09, 0xF5, 0x07, 0x06, 0xDC, 0x01, 0x80, 0x01, 0x0A, 0x1E, 0x07,
	0x09, 0x98, 0x02, 0x04, 0xCA, 0x00, 0x07, 0x88, 0x07, 0x05, 0x13, 0x00,
	0x1B, 0x41, 0x01, 0x07, 0xBF, 0x03, 0x09, 0x8A, 0x01, 0x07, 0xB7, 0x04,
	0x09, 0xF2, 0x40, 0x07, 0xC6, 0x40, 0x09, 0xB7, 0x13, 0x0F, 0xE3, 0x01,
	0x05, 0xF8, 0x1A, 0x08, 0x3B, 0x05, 0x05, 0x65, 0x11, 0x08, 0xFF, 0x33,
	0x80, 0x06, 0x09, 0x58, 0x04, 0x17, 0x07, 0x17, 0x06, 0xF4, 0x35, 0x09,
	0x5D, 0x01, 0x06, 0x61, 0x33, 0x24, 0x40, 0x01, 0x09, 0x97, 0x45, 0x08,
	0x27, 0x1B, 0x0A, 0x25, 0x13, 0x17, 0xA9, 0x01, 0x0E, 0xC1, 0x41, 0x09,
	0xC1, 0x21, 0x08, 0xC3, 0x01, 0x05, 0x8D, 0x22, 0x06, 0xE1, 0x18, 0x05,
	0x94, 0x01, 0x09, 0x95, 0x04, 0x05, 0x18, 0x01, 0x07, 0xC4, 0x05, 0x16,
	0x31, 0x08, 0x04, 0x9A, 0x01, 0x09, 0x6A, 0x01, 0x0A, 0x57, 0x2D, 0x07,
	0x8E, 0x19, 0x81, 0x02, 0x02, 0x09, 0x84, 0x26, 0x0C, 0x68, 0x22, 0x0C,
	0xF3, 0x09, 0x09, 0xA4, 0x0F, 0x07, 0x40, 0x08, 0x08, 0x92, 0x03, 0x07,
	0x69, 0x04, 0x07, 0x26, 0x01, 0x1E, 0xC7, 0x1E, 0x29, 0x40, 0x01, 0x08,
	0xF0, 0x2B, 0x06, 0xEF, 0x0E, 0x08, 0xEB, 0x00, 0x04, 0xEA, 0x2B, 0x1F,
	0xDC, 0x0B, 0x0B, 0x43, 0x0B, 0x06, 0x88, 0x02, 0x07, 0xC3, 0x18, 0x0A,
	0xD1, 0x03, 0x0B, 0xA6, 0x21, 0x08, 0x99, 0x02, 0x08, 0xA8, 0x14, 0x07,
	0xCC, 0x03, 0x17, 0x07, 0x02, 0x05, 0xFA, 0x11, 0x06, 0xC3, 0x03, 0x08,
	0x32, 0x05, 0x06, 0x38, 0x02, 0x04, 0x01, 0x05, 0x80, 0x02, 0x07, 0x18,
	0x01, 0x08, 0x67, 0x09, 0x09, 0x32, 0x4A, 0x0C, 0x7F, 0x0A, 0x0F, 0x66,
	0x13, 0x07, 0x79, 0x00, 0x06, 0xC5, 0x01, 0x15, 0x48, 0x35, 0x09, 0x0A,
	0x4E, 0x18, 0xDB, 0x03, 0x19, 0x3A, 0x0B, 0x0B, 0x96, 0x38, 0x06, 0x22,
	0x0D, 0x08, 0x91, 0x16, 0x22, 0x40, 0x01, 0x04, 0x19, 0x14, 0x09, 0x86,
	0x0C, 0x06, 0xE3, 0x06, 0x09, 0x20, 0x31, 0x0D, 0x20, 0x01, 0x10, 0xED,
	0x0E, 0x08, 0x1C, 0x00, 0x12, 0xC8, 0x11, 0x0B, 0x2D, 0x0B, 0x07, 0x5B,
	0x43, 0x08, 0x7A, 0x01, 0x05, 0x99, 0x04, 0x82, 0x02, 0x00, 0x07, 0x07,
	0x82, 0x02, 0x06, 0xBC, 0x32, 0x0A, 0xC0, 0x00, 0x09, 0x7B, 0x09, 0x09,
	0xD4, 0x01, 0x0C, 0x8D, 0x0B, 0x09, 0xD2, 0x3A, 0x1C, 0x4D, 0x1C, 0x05,
	0x41, 0x3A, 0x16, 0x28, 0x0B, 0x12, 0x12, 0x00, 0x11, 0x75, 0x09, 0x09,
	0x8D, 0x1A, 0x0A, 0x1C, 0x18, 0x21, 0x48, 0x05, 0x08, 0x35, 0x1B, 0x09,
	0x4E, 0x44, 0x12, 0xE0, 0x13, 0x09, 0x9F, 0x03, 0x0D, 0x32, 0x48, 0x09,
	0xAA, 0x10, 0x15, 0x85, 0x02, 0x09, 0xE8, 0x2F, 0x07, 0xA8, 0x02, 0x0B,
	0x40, 0x01, 0x81, 0x02, 0x03, 0x09, 0x1C, 0x01, 0x07, 0x10, 0x19, 0x0B,
	0x10, 0x24, 0x07, 0x3D, 0x0E, 0x12, 0x40, 0x01, 0x0B, 0x59, 0x29, 0x19,
	0x37, 0x0B, 0x0D, 0x93, 0x46, 0x06, 0x60, 0x00, 0x06, 0x7B, 0x1B, 0x05,
	0x68, 0x0C, 0x07, 0x07, 0x00, 0x13, 0x42, 0x01, 0x18, 0x67, 0x02, 0x0F,
	0xBF, 0x21, 0x15, 0xDB, 0x10, 0x0B, 0xD5, 0x0E, 0x0A, 0x4F, 0x06, 0x09,
	0x35, 0x01, 0x05, 0x77, 0x10, 0x0A, 0x97, 0x04, 0x08, 0xE9, 0x03, 0x09,
	0xF2, 0x46, 0x07, 0xD7, 0x21, 0x13, 0x40, 0x01, 0x0F, 0xE5, 0x11, 0x0A,
	0x40, 0x01, 0x81, 0x01, 0x02, 0x04, 0x80, 0x02, 0x07, 0x1E, 0x01, 0x07,
	0x27, 0x0D, 0x0D, 0xA3, 0x2E, 0x0D, 0x76, 0x1E, 0x0B, 0x19, 0x30, 0x0A,
	0x56, 0x13, 0x17, 0x16, 0x02, 0x0C, 0x87, 0x29, 0x08, 0x1A, 0x03, 0x0B,
	0x02, 0x1E, 0x0D, 0xB3, 0x03, 0x0E, 0x80, 0x02, 0x10, 0x2B, 0x24, 0x0B,
	0xA2, 0x15, 0x0B, 0xA5, 0x18, 0x1B, 0x06, 0x05, 0x0B, 0xB7, 0x0A, 0x09,
	0x21, 0x0A, 0x13, 0x1D, 0x4D, 0x0C, 0xDC, 0x00, 0x11, 0xB2, 0x0C, 0x0F,
	0x0C, 0x02, 0x0B, 0x9D, 0x06, 0x80, 0x00, 0x07, 0x40, 0x01, 0x07, 0x36,
	0x09, 0x04, 0x41, 0x0B, 0x04, 0x0B, 0x0A, 0x0B, 0x8C, 0x10, 0x0A, 0xFF,
	0x1E, 0x0A, 0x4D, 0x04, 0x0E, 0x2A, 0x01, 0x0A, 0x90, 0x14, 0x25, 0x9D,
	0x08, 0x09, 0x07, 0x3F, 0x17, 0x40, 0x01, 0x0C, 0x2C, 0x00, 0x80, 0x09,
	0x19, 0x80, 0x02, 0x09, 0x00, 0x19, 0x21, 0x74, 0x00, 0x0F, 0xF0, 0x09,
	0x0B, 0xC6, 0x00, 0x0C, 0x0D, 0x1C, 0x0B, 0x9C, 0x25, 0x0B, 0x1C, 0x00,
	0x16, 0x20, 0x50, 0x0A, 0x0B, 0x01, 0x06, 0x3E, 0x01, 0x05, 0x0F, 0x02,
	0x05, 0x09, 0x00, 0x0D, 0x94, 0x3D, 0x0C, 0x5D, 0x39, 0x09, 0xA6, 0x33,
	0x12, 0x9F, 0x01, 0x07, 0x3B, 0x1E, 0x12, 0x3B, 0x1D, 0x1B, 0x14, 0x02,
	0x05, 0xFD, 0x07, 0x07, 0x81, 0x07, 0x12, 0x00, 0x05, 0x0A, 0x18, 0x00,
	0x80, 0x09, 0x18, 0x29, 0x06, 0x04, 0x40, 0x01, 0x09, 0xCD, 0x01, 0x09,
	0x88, 0x03, 0x0F, 0xFA, 0x51, 0x18, 0x43, 0x02, 0x0A, 0xA6, 0x03, 0x10,
	0xA0, 0x11, 0x09, 0x85, 0x1A, 0x0F, 0x96, 0x3E, 0x12, 0x43, 0x00, 0x08,
	0xA9, 0x03, 0x07, 0x36, 0x1E, 0x07, 0x15, 0x02, 0x09, 0x36, 0x15, 0x05,
	0x1F, 0x03, 0x0D, 0xE8, 0x39, 0x08, 0x05, 0x05, 0x06, 0x63, 0x4A, 0x12,
	0xD7, 0x26, 0x07, 0x33, 0x05, 0x20, 0x5D, 0x0C, 0x05, 0xB2, 0x1A, 0x06,
	0xF1, 0x00, 0x0B, 0x6E, 0x25, 0x0C, 0x34, 0x01, 0x1F, 0x80, 0x02, 0x08,
	0x53, 0x0B, 0x10, 0xA5, 0x4B, 0x0C, 0x7E, 0x16, 0x09, 0x30, 0x33, 0x0D,
	0xA2, 0x02, 0x0D, 0x79, 0x2A, 0x0B, 0x9E, 0x0C, 0x09, 0xC4, 0x05, 0x06,
	0x33, 0x05, 0x04, 0x9F, 0x00, 0x0A, 0x0B, 0x05, 0x1C, 0x07, 0x0F, 0x80,
	0x01, 0x06, 0x40, 0x01, 0x07, 0x00, 0x05, 0x07, 0x1A, 0x14, 0x0A, 0xD5,
	0x44, 0x0D, 0x3C, 0x24, 0x09, 0x71, 0x10, 0x06, 0xC2, 0x29, 0x15, 0x93,
	0x03, 0x0A, 0x52, 0x10, 0x1E, 0x9D, 0x31, 0x07, 0xE1, 0x00, 0x0B, 0xBA,
	0x03, 0x18, 0x40, 0x01, 0x06, 0x00, 0x05, 0x0A, 0x3F, 0x18, 0x10, 0x0F,
	0x03, 0x0A, 0x40, 0x01, 0x80, 0x02, 0x0E, 0xF4, 0x13, 0x0B, 0x12, 0x08,
	0x05, 0x2C, 0x01, 0x0A, 0x74, 0x08, 0x11, 0x43, 0x02, 0x0A, 0xF0, 0x0D,
	0x04, 0x06, 0x00, 0x07, 0x8C, 0x4C, 0x0A, 0x9C, 0x01, 0x18, 0xC8, 0x00,
	0x06, 0xC1, 0x01, 0x0B, 0xED, 0x02, 0x80, 0x03, 0x07, 0xFA, 0x0A, 0x05,
	0xA7, 0x27, 0x09, 0x0A, 0x14, 0x0D, 0x68, 0x41, 0x80, 0x03, 0x05, 0x95,
	0x07, 0x08, 0x39, 0x39, 0x0C, 0x5B, 0x04, 0x09, 0x5B, 0x15, 0x04, 0xFA,
	0x08, 0x1D, 0x7A, 0x14, 0x04, 0xCE, 0x4C, 0x0A, 0xF9, 0x06, 0x0F, 0x40,
	0x24, 0x14, 0x40, 0x01, 0x17, 0x2B, 0x4A, 0x0A, 0x30, 0x04, 0x0A, 0x66,
	0x02, 0x09, 0x4D, 0x01, 0x0C, 0xE8, 0x06, 0x0D, 0x11, 0x4D, 0x04, 0x1A,
	0x01, 0x0D, 0x03, 0x0F, 0x0B, 0x43, 0x01, 0x09, 0xEC, 0x30, 0x05, 0x9F,
	0x00, 0x09, 0x47, 0x00, 0x1A, 0x0B, 0x02, 0x10, 0xE0, 0x16, 0x0C, 0x70,
	0x09, 0x0C, 0x11, 0x00, 0x0A, 0xE4, 0x1F, 0x09, 0x62, 0x00, 0x19, 0xEC,
	0x24, 0x0D, 0x1E, 0x14, 0x10, 0x1B, 0x19, 0x09, 0x4B, 0x0A, 0x2F, 0x47,
	0x1A, 0x11, 0xB5, 0x1F, 0x0C, 0xBC, 0x20, 0x11, 0xE4, 0x33, 0x09, 0x3D,
	0x4E, 0x08, 0xDD, 0x1C, 0x0A, 0xE4, 0x32, 0x0A, 0x25, 0x06, 0x0A, 0xA8,
	0x00, 0x0A, 0x06, 0x0A, 0x08, 0x07, 0x24, 0x80, 0x01, 0x04, 0x5E, 0x02,
	0x08, 0x2D, 0x00, 0x18, 0x8F, 0x0E, 0x06, 0x88, 0x07, 0x0F, 0xE2, 0x34,
	0x04, 0xE3, 0x3C, 0x04, 0x26, 0x50, 0x0E, 0x31, 0x12, 0x0C, 0x52, 0x56,
	0x09, 0xE5, 0x26, 0x1F, 0xEC, 0x06, 0x10, 0x22, 0x00, 0x1A, 0x77, 0x01,
	0x2A, 0x3C, 0x01, 0x05, 0x0D, 0x1C, 0x84, 0x02, 0x02, 0x03, 0x03, 0x02,
	0x10, 0x40, 0x56, 0x0A, 0x40, 0x01, 0x0C, 0xB6, 0x03, 0x07, 0x20, 0x1F,
	0x04, 0x47, 0x01, 0x09, 0x01, 0x02, 0x0D, 0xAB, 0x0A, 0x0B, 0x3F, 0x08,
	0x0A, 0x73, 0x48, 0x10, 0xE6, 0x17, 0x10, 0xFC, 0x06, 0x0A, 0xBC, 0x04,
	0x08, 0x11, 0x04, 0x05, 0x50, 0x0F, 0x06, 0x49, 0x01, 0x80, 0x07, 0x04,
	0xB6, 0x01, 0x10, 0xB8, 0x07, 0x06, 0x42, 0x04, 0x0F, 0x36, 0x06, 0x1D,
	0x66, 0x19, 0x08, 0x88, 0x03, 0x07, 0xE5, 0x18, 0x0D, 0x77, 0x04, 0x2B,
	0x7C, 0x11, 0x0B, 0x40, 0x01, 0x11, 0x29, 0x4A, 0x15, 0xD7, 0x0A, 0x0C,
	0x25, 0x0B, 0x10, 0x10, 0x24, 0x0D, 0x4D, 0x06, 0x0D, 0x42, 0x01, 0x0B,
	0x83, 0x35, 0x0D, 0x93, 0x09, 0x13, 0x5D, 0x0A, 0x0B, 0xEA, 0x25, 0x06,
	0xD7, 0x10, 0x06, 0x2F, 0x05, 0x08, 0x6A, 0x19, 0x09, 0xD0, 0x1D, 0x0E,
	0x40, 0x01, 0x0D, 0x55, 0x51, 0x1D, 0x85, 0x1B, 0x0A, 0x7D, 0x17, 0x09,
	0x20, 0x1A, 0x33, 0x89, 0x16, 0x09, 0x21, 0x01, 0x05, 0xF1, 0x45, 0x06,
	0x40, 0x01, 0x04, 0x78, 0x02, 0x1C, 0x40, 0x01, 0x0D, 0xE1, 0x09, 0x18,
	0x5B, 0x1F, 0x14, 0x24, 0x19, 0x0F, 0xA8, 0x00, 0x13, 0x7A, 0x01, 0x10,
	0x2C, 0x07, 0x10, 0x8F, 0x30, 0x09, 0xFA, 0x44, 0x07, 0x34, 0x3E, 0x08,
	0x13, 0x3D, 0x0F, 0x21, 0x00, 0x11, 0x7D, 0x32, 0x12, 0x19, 0x01, 0x05,
	0x0B, 0x56, 0x0C, 0x07, 0x06, 0x80, 0x08, 0x31, 0xB5, 0x03, 0x06, 0x7A,
	0x00, 0x05, 0x48, 0x00, 0x0C, 0x78, 0x02, 0x80, 0x07, 0x0F, 0x3F, 0x01,
	0x16, 0xFE, 0x02, 0x0A, 0x20, 0x01, 0x80, 0x02, 0x0A, 0xCA, 0x03, 0x14,
	0x51, 0x20, 0x0C, 0x1B, 0x00, 0x0B, 0xDE, 0x05, 0x0D, 0x93, 0x06, 0x0C,
	0x55, 0x05, 0x14, 0x8E, 0x3D, 0x15, 0x96, 0x07, 0x0F, 0xB9, 0x40, 0x0F,
	0xF2, 0x0D, 0x07, 0x41, 0x01, 0x0B, 0x4E, 0x04, 0x10, 0xB1, 0x09, 0x3F,
	0xF5, 0x18, 0x0F, 0xEB, 0x40, 0x0B, 0xB8, 0x03, 0x10, 0x7F, 0x02, 0x0F,
	0x23, 0x02, 0x0A, 0x35, 0x11, 0x12, 0x2C, 0x3A, 0x08, 0xB1, 0x14, 0x18,
	0xCE, 0x03, 0x0C, 0xD6, 0x03, 0x0D, 0x27, 0x39, 0x09, 0x73, 0x33, 0x0A,
	0x92, 0x0D, 0x09, 0xA5, 0x01, 0x0E, 0x5D, 0x2D, 0x0F, 0x27, 0x02, 0x06,
	0x7C, 0x04, 0x0D, 0xF4, 0x13, 0x0A, 0x2C, 0x10, 0x0B, 0x12, 0x00, 0x1B,
	0x7A, 0x08, 0x34, 0x51, 0x01, 0x14, 0x22, 0x27, 0x18, 0x3B, 0x27, 0x17,
	0x5A, 0x02, 0x11, 0xFA, 0x04, 0x0F, 0xB9, 0x21, 0x0B, 0x06, 0x01, 0x12,
	0x29, 0x00, 0x0E, 0x2C, 0x39, 0x07, 0xAB, 0x2D, 0x08, 0x60, 0x20, 0x0A,
	0x36, 0x01, 0x13, 0x15, 0x3C, 0x08, 0xA1, 0x01, 0x12, 0x79, 0x09, 0x0A,
	0xDB, 0x1F, 0x0B, 0x8E, 0x00, 0x07, 0xB6, 0x0C, 0x04, 0xA6, 0x4E, 0x1F,
	0x13, 0x01, 0x80, 0x08, 0x0A, 0xFD, 0x12, 0x2D, 0x38, 0x01, 0x20, 0x40,
	0x01, 0x18, 0x9A, 0x03, 0x17, 0x54, 0x01, 0x16, 0x16, 0x00, 0x18, 0x77,
	0x2A, 0x0D, 0x82, 0x3D, 0x0F, 0x62, 0x01, 0x15, 0x91, 0x5D, 0x0A, 0xED,
	0x08, 0x0D, 0xC6, 0x40, 0x0D, 0x0D, 0x03, 0x0C, 0x5F, 0x0E, 0x07, 0xC3,
	0x02, 0x0E, 0x36, 0x11, 0x80, 0x0B, 0x07, 0xF5, 0x37, 0x16, 0x3A, 0x44,
	0x10, 0x6F, 0x06, 0x18, 0xAF, 0x62, 0x19, 0x4A, 0x01, 0x0E, 0xC1, 0x03,
	0x2E, 0x40, 0x01, 0x0E, 0x4B, 0x1F, 0x0F, 0x3A, 0x3E, 0x10, 0x7F, 0x1F,
	0x0C, 0x82, 0x07, 0x0F, 0x92, 0x25, 0x0D, 0xEE, 0x0F, 0x11, 0x10, 0x38,
	0x04, 0x32, 0x00, 0x0B, 0x72, 0x1D, 0x10, 0x08, 0x0D, 0x10, 0xE2, 0x13,
	0x04, 0x02, 0x10, 0x08, 0x40, 0x2F, 0x06, 0xCC, 0x31, 0x09, 0xF6, 0x5F,
	0x13, 0x16, 0x07, 0x25, 0x6E, 0x02, 0x40, 0x54, 0x40, 0x01, 0x16, 0x51,
	0x1F, 0x18, 0x21, 0x00, 0x0C, 0xD6, 0x05, 0x11, 0x3B, 0x00, 0x0B, 0xD1,
	0x23, 0x15, 0x1B, 0x0F, 0x0B, 0x98, 0x19, 0x0A, 0x60, 0x13, 0x13, 0x04,
	0x08, 0x12, 0x46, 0x1B, 0x06, 0xC6, 0x0E, 0x05, 0xD9, 0x54, 0x10, 0xCC,
	0x08, 0x0D, 0xAF, 0x11, 0x30, 0x75, 0x02, 0x0B, 0xC9, 0x03, 0x0F, 0x41,
	0x06, 0x10, 0x66, 0x5E, 0x2C, 0xB9, 0x03, 0x40, 0x41, 0xFB, 0x03, 0x0D,
	0x97, 0x09, 0x09, 0x93, 0x02, 0x09, 0x98, 0x23, 0x0C, 0x40, 0x01, 0x17,
	0x55, 0x00, 0x0B, 0x42, 0x00, 0x0B, 0xC4, 0x0E, 0x80, 0x0B, 0x13, 0x16,
	0x29, 0x08, 0x59, 0x0A, 0x3F, 0x81, 0x02, 0x10, 0x40, 0x01, 0x0D, 0x90,
	0x00, 0x24, 0x4B, 0x01, 0x40, 0x52, 0x64, 0x01, 0x11, 0x63, 0x03, 0x05,
	0x02, 0x14, 0x06, 0x1E, 0x01, 0x07, 0x90, 0x1E, 0x0F, 0x75, 0x02, 0x0F,
	0x30, 0x41, 0x28, 0xD5, 0x27, 0x11, 0x25, 0x46, 0x08, 0x56, 0x2D, 0x09,
	0x1A, 0x2C, 0x22, 0x54, 0x01, 0x0F, 0x40, 0x01, 0x15, 0xF5, 0x00, 0x3D,
	0x47, 0x01, 0x40, 0x44, 0xB3, 0x02, 0x06, 0xB5, 0x2B, 0x16, 0x46, 0x00,
	0x19, 0xAE, 0x06, 0x0B, 0xC7, 0x02, 0x23, 0x93, 0x2B, 0x08, 0x9C, 0x0B,
	0x0A, 0x58, 0x14, 0x26, 0xD3, 0x03, 0x11, 0x80, 0x02, 0x07, 0x73, 0x12,
	0x0D, 0x7E, 0x11, 0x40, 0x44, 0x40, 0x01, 0x3E, 0x64, 0x01, 0x04, 0xBF,
	0x17, 0x04, 0x97, 0x00, 0x07, 0x94, 0x1A, 0x0D, 0x29, 0x00, 0x11, 0xA0,
	0x00, 0x11, 0x9D, 0x0D, 0x0E, 0xCF, 0x2B, 0x17, 0x82, 0x02, 0x2E, 0x03,
	0x05, 0x09, 0x81, 0x0C, 0x0F, 0x36, 0x00, 0x0C, 0xE6, 0x60, 0x0C, 0x0C,
	0x00, 0x06, 0x8D, 0x2F, 0x07, 0x85, 0x63, 0x07, 0x0D, 0x00, 0x40, 0x4F,
	0xA2, 0x02, 0x1C, 0x1C, 0x00, 0x80, 0x03, 0x09, 0x78, 0x15, 0x26, 0xDB,
	0x06, 0x26, 0x92, 0x30, 0x0B, 0xB7, 0x4F, 0x19, 0x15, 0x31, 0x2F, 0x01,
	0x0A, 0x19, 0x40, 0x01, 0x16, 0x53, 0x01, 0x0B, 0xFC, 0x01, 0x0D, 0xE4,
	0x18, 0x40, 0x51, 0x40, 0x01, 0x07, 0x6C, 0x11, 0x07, 0x41, 0x06, 0x07,
	0x7B, 0x00, 0x0B, 0x1C, 0x30, 0x10, 0x63, 0x5A, 0x0A, 0x99, 0x2A, 0x20,
	0xD4, 0x0E, 0x0C, 0xB8, 0x03, 0x0E, 0xCC, 0x04, 0x2A, 0x40, 0x01, 0x09,
	0x2B, 0x00, 0x2C, 0x3F, 0x01, 0x28, 0x65, 0x01, 0x1F, 0xA3, 0x02, 0x0D,
	0xE0, 0x1C, 0x16, 0x1F, 0x00, 0x05, 0x5D, 0x13, 0x0B, 0x40, 0x01, 0x05,
	0x56, 0x00, 0x0A, 0xD5, 0x15, 0x10, 0xF6, 0x04, 0x21, 0x84, 0x2B, 0x0A,
	0x0B, 0x41, 0x09, 0x89, 0x17, 0x31, 0x78, 0x07, 0x40, 0x42, 0x7F, 0x02,
	0x40, 0x44, 0x5D, 0x01, 0x0D, 0x55, 0x66, 0x08, 0xD3, 0x02, 0x08, 0x17,
	0x18, 0x0B, 0x29, 0x00, 0x09, 0x9A, 0x00, 0x0B, 0xA2, 0x00, 0x06, 0x25,
	0x00, 0x16, 0xDB, 0x04, 0x2A, 0x5F, 0x11, 0x0A, 0x9B, 0x10, 0x24, 0x77,
	0x02, 0x13, 0x40, 0x01, 0x0D, 0x41, 0x06, 0x40, 0x6F, 0x40, 0x01, 0x29,
	0x29, 0x00, 0x04, 0x59, 0x36, 0x0F, 0x40, 0x01, 0x18, 0x05, 0x1C, 0x81,
	0x01, 0x00, 0x24, 0x01, 0x0F, 0x16, 0x12, 0x24, 0x0A, 0xDC, 0x4E, 0x37,
	0x81, 0x0C, 0x40, 0x98, 0x40, 0x01, 0x09, 0x38, 0x01, 0x04, 0x21, 0x08,
	0x19, 0xCF, 0x3D, 0x08, 0x74, 0x0B, 0x33, 0x40, 0x01, 0x09, 0x47, 0x06,
	0x30, 0x4B, 0x0B, 0x0E, 0xC1, 0x08, 0x40, 0xA1, 0x40, 0x01, 0x15, 0xC8,
	0x0E, 0x09, 0xEE, 0x12, 0x07, 0x07, 0x05, 0x80, 0x0A, 0x2E, 0x1F, 0x15,
	0x37, 0xBB, 0x0D, 0x40, 0xB5, 0x40, 0x01, 0x14, 0xAF, 0x35, 0x11, 0x3D,
	0x0B, 0x26, 0x40, 0x01, 0x08, 0xC8, 0x4E, 0x16, 0xB0, 0x03, 0x29, 0x56,
	0x01, 0x40, 0xB1, 0x40, 0x01, 0x16, 0x9E, 0x48, 0x0C, 0xFD, 0x09, 0x2B,
	0x80, 0x02, 0x19, 0x29, 0x01, 0x20, 0x40, 0x01, 0x16, 0xC2, 0x17, 0x40,
	0xB1, 0x80, 0x02, 0x14, 0x83, 0x10, 0x26, 0x40, 0x01, 0x0B, 0xFE, 0x09,
	0x10, 0x32, 0x01, 0x08, 0x5F, 0x47, 0x25, 0x81, 0x07, 0x40, 0xAC, 0x40,
	0x01, 0x11, 0xA2, 0x19, 0x15, 0xC3, 0x11, 0x81, 0x00, 0x09, 0x25, 0x40,
	0x01, 0x0C, 0xE3, 0x44, 0x09, 0x46, 0x47, 0x12, 0x87, 0x0C, 0x20, 0x80,
	0x02, 0x40, 0x7C, 0x00, 0x0A, 0x2B, 0x40, 0x01, 0x05, 0x9B, 0x00, 0x04,
	0x3B, 0x66, 0x15, 0xD8, 0x1A, 0x0E, 0xFC, 0x0E, 0x28, 0x41, 0x0B, 0x0C,
	0x14, 0x46, 0x10, 0xB2, 0x03, 0x29, 0x80, 0x02, 0x40, 0xAB, 0x40, 0x01,
	0x05, 0x31, 0x62, 0x0F, 0xD3, 0x44, 0x39, 0x40, 0x01, 0x0D, 0x0A, 0x2E,
	0x0E, 0x31, 0x01, 0x24, 0x02, 0x0A, 0x40, 0xAF, 0x40, 0x01, 0x05, 0xC1,
	0x03, 0x14, 0x76, 0x4F, 0x1C, 0x53, 0x36, 0x29, 0xD8, 0x1D, 0x0F, 0x3F,
	0x01, 0x3A, 0xD2, 0x08, 0x40, 0x9D, 0x40, 0x01, 0x05, 0x1D, 0x43, 0x21,
	0x40, 0x01, 0x04, 0x9E, 0x02, 0x2A, 0x81, 0x02, 0x0B, 0xF2, 0x44, 0x0B,
	0x75, 0x65, 0x10, 0x45, 0x01, 0x2A, 0xCD, 0x08, 0x40, 0x9E, 0x40, 0x01,
	0x13, 0x09, 0x1A, 0x3B, 0x40, 0x01, 0x08, 0x14, 0x55, 0x13, 0xB0, 0x70,
	0x2C, 0x84, 0x02, 0x0C, 0x81, 0x07, 0x40, 0xA2, 0x40, 0x01, 0x80, 0x03,
	0x0F, 0xFB, 0x1E, 0x15, 0x01, 0x14, 0x26, 0xC1, 0x0D, 0x08, 0x3B, 0x10,
	0x0D, 0xDF, 0x22, 0x31, 0xC5, 0x03, 0x0D, 0x01, 0x0A, 0x40, 0xA3, 0x80,
	0x02, 0x40, 0x49, 0x40, 0x01, 0x08, 0x9B, 0x4D, 0x10, 0x00, 0x14, 0x10,
	0x4A, 0x01, 0x2C, 0x41, 0x0B, 0x40, 0x9E, 0x40, 0x06, 0x15, 0xC1, 0x0D,
	0x14, 0x41, 0x06, 0x28, 0x81, 0x0C, 0x0C, 0x4A, 0x46, 0x10, 0x41, 0x01,
	0x11, 0x56, 0x0B, 0x24, 0x81, 0x07, 0x40, 0xA2, 0x40, 0x01, 0x0D, 0x8A,
	0x1C, 0x17, 0xB1, 0x1F, 0x04, 0x41, 0x0B, 0x21, 0x41, 0x01, 0x80, 0x08,
	0x08, 0xE4, 0x58, 0x0A, 0x80, 0x02, 0x0D, 0x33, 0x01, 0x35, 0xC1, 0x08,
	0x40, 0xA2, 0x40, 0x01, 0x04, 0x92, 0x2D, 0x0B, 0x99, 0x17, 0x15, 0x84,
	0x1A, 0x26, 0x40, 0x01, 0x11, 0x23, 0x01, 0x16, 0x49, 0x0B, 0x18, 0x84,
	0x07, 0x40, 0xAF, 0x40, 0x01, 0x80, 0x02, 0x07, 0x02, 0x19, 0x80, 0x02,
	0x06, 0xF3, 0x4B, 0x16, 0xFA, 0x04, 0x08, 0x4B, 0x22, 0x26, 0x45, 0x39,
	0x09, 0xE7, 0x0E, 0x31, 0xFE, 0x18, 0x40, 0xB4, 0x40, 0x01, 0x0C, 0x81,
	0x02, 0x11, 0xB8, 0x42, 0x10, 0xC4, 0x08, 0x29, 0x03, 0x19, 0x0D, 0x42,
	0x10, 0x37, 0xC2, 0x17, 0x40, 0xAD, 0x40, 0x01, 0x10, 0x81, 0x0C, 0x3F,
	0x80, 0x0C, 0x0C, 0x27, 0x5F, 0x30, 0x2D, 0x0B, 0x40, 0xB6, 0x80, 0x02,
	0x80, 0x07, 0x11, 0xF7, 0x40, 0x10, 0xC0, 0x03, 0x82, 0x00, 0x00, 0x0B,
	0x2B, 0x01, 0x0A, 0x0E, 0x01, 0x19, 0x3E, 0x8D, 0x16, 0x40, 0xA4, 0x40,
	0x01, 0x0E, 0x42, 0x15, 0x15, 0x01, 0x05, 0x2B, 0xC6, 0x40, 0x08, 0x99,
	0x5C, 0x12, 0x37, 0x10, 0x29, 0x4A, 0x01, 0x0C, 0xC9, 0x03, 0x40, 0xA4,
	0x40, 0x01, 0x04, 0xDC, 0x04, 0x17, 0x95, 0x2E, 0x10, 0x45, 0x1F, 0x22,
	0xFF, 0x09, 0x11, 0xEB, 0x76, 0x2A, 0x7A, 0x0C, 0x14, 0x01, 0x05, 0x40,
	0x9C, 0x40, 0x01, 0x08, 0x01, 0x05, 0x0F, 0x44, 0x2A, 0x13, 0x3E, 0x01,
	0x28, 0x87, 0x63, 0x2E, 0x30, 0x01, 0x40, 0xC7, 0x40, 0x01, 0x0B, 0xA4,
	0x30, 0x17, 0x90, 0x25, 0x0F, 0x55, 0x51, 0x1E, 0x40, 0x01, 0x2F, 0x38,
	0x24, 0x40, 0xC2, 0x40, 0x01, 0x05, 0x83, 0x53, 0x0B, 0x29, 0x38, 0x12,
	0xBB, 0x03, 0x05, 0xA3, 0x0C, 0x0D, 0xC2, 0x03, 0x06, 0xB8, 0x31, 0x0A,
	0xC5, 0x2F, 0x0C, 0x8E, 0x61, 0x39, 0x36, 0x06, 0x40, 0xB7, 0x40, 0x01,
	0x05, 0xC1, 0x03, 0x0B, 0x2B, 0x4B, 0x15, 0x7F, 0x25, 0x10, 0x80, 0x07,
	0x08, 0x69, 0x24, 0x0F, 0x1C, 0x69, 0x07, 0x94, 0x33, 0x21, 0xEC, 0x0E,
	0x25, 0x40, 0x01, 0x04, 0x3E, 0x00, 0x40, 0x9B, 0x40, 0x01, 0x0D, 0x42,
	0x10, 0x0B, 0xA2, 0x4C, 0x12, 0x74, 0x2D, 0x0A, 0x99, 0x08, 0x10, 0x6E,
	0x23, 0x13, 0x7E, 0x3A, 0x09, 0x04, 0x1E, 0x40, 0x42, 0xBD, 0x08, 0x40,
	0x9E, 0x40, 0x01, 0x07, 0x1B, 0x3C, 0x0F, 0x83, 0x20, 0x12, 0x42, 0x10,
	0x07, 0x04, 0x56, 0x14, 0x0A, 0x26, 0x19, 0x42, 0x15, 0x0B, 0xBC, 0x2B,
	0x41, 0x04, 0x40, 0x01, 0x13, 0x7B, 0x02, 0x06, 0xE4, 0x35, 0x10, 0x42,
	0x01, 0x0B, 0x19, 0x6E, 0x40, 0x46, 0x81, 0x02, 0x40, 0xA4, 0x40, 0x01,
	0x10, 0x79, 0x53, 0x11, 0x40, 0x01, 0x05, 0xE3, 0x0D, 0x14, 0x84, 0x28,
	0x11, 0x82, 0x02, 0x0C, 0xC4, 0x1C, 0x31, 0xC3, 0x2B, 0x40, 0xAF, 0x40,
	0x01, 0x08, 0x06, 0x46, 0x0F, 0x40, 0x01, 0x13, 0x3E, 0x06, 0x05, 0x0C,
	0x01, 0x15, 0xC5, 0x29, 0x14, 0x57, 0x0B, 0x09, 0x48, 0x1F, 0x0E, 0xC9,
	0x40, 0x36, 0x49, 0x06, 0x40, 0xB1, 0x40, 0x01, 0x15, 0x02, 0x0A, 0x15,
	0xC0, 0x03, 0x15, 0x40, 0x01, 0x12, 0x48, 0x7A, 0x28, 0x35, 0x01, 0x08,
	0x59, 0x6E, 0x40, 0xD2, 0x40, 0x01, 0x06, 0x28, 0x01, 0x18, 0x4C, 0x2C,
	0x13, 0x80, 0x0C, 0x35, 0xFA, 0x04, 0x0C, 0x49, 0x6A, 0x40, 0xA6, 0x40,
	0x01, 0x09, 0xC1, 0x0D, 0x0C, 0xDB, 0x75, 0x19, 0xFD, 0x31, 0x16, 0x44,
	0x05, 0x1F, 0x81, 0x2F, 0x40, 0x41, 0x41, 0x0B, 0x40, 0xA4, 0x40, 0x01,
	0x0A, 0x90, 0x52, 0x14, 0x00, 0x0F, 0x1B, 0x40, 0x01, 0x14, 0xBB, 0x2A,
	0x0A, 0xFC, 0x7C, 0x2A, 0x43, 0x15, 0x11, 0xF3, 0x03, 0x0A, 0x82, 0x1B,
	0x40, 0x9C, 0x40, 0x01, 0x0B, 0x41, 0x0B, 0x08, 0x6F, 0x2A, 0x15, 0xC0,
	0x26, 0x0C, 0x40, 0x01, 0x09, 0xB5, 0x55, 0x0A, 0x89, 0x46, 0x12, 0x66,
	0x42, 0x1C, 0xEE, 0x1D, 0x0F, 0x9A, 0x16, 0x82, 0x00, 0x00, 0x08, 0x04,
	0x1C, 0x18, 0x19, 0xB4, 0x2F, 0x40, 0xA7, 0x40, 0x01, 0x16, 0x80, 0x11,
	0x14, 0x0B, 0x4A, 0x09, 0x44, 0x01, 0x11, 0x98, 0x6D, 0x0D, 0xB8, 0x4F,
	0x20, 0xC0, 0x03, 0x04, 0xB3, 0x3E, 0x80, 0x08, 0x10, 0x22, 0x7E, 0x40,
	0xBA, 0x40, 0x01, 0x08, 0x9C, 0x39, 0x17, 0x2F, 0x15, 0x80, 0x03, 0x09,
	0xAF, 0x2F, 0x11, 0xD5, 0x33, 0x11, 0xCA, 0x6C, 0x0C, 0x53, 0x10, 0x12,
	0x7F, 0x34, 0x05, 0x51, 0x6F, 0x04, 0x39, 0x01, 0x0D, 0xE7, 0x08, 0x1A,
	0x41, 0x01, 0x40, 0xA9, 0xC0, 0x03, 0x16, 0xCD, 0x09, 0x11, 0xC1, 0x00,
	0x05, 0x77, 0x0C, 0x13, 0x41, 0x01, 0x0C, 0x51, 0x74, 0x15, 0x91, 0x49,
	0x07, 0x85, 0x70, 0x10, 0x7B, 0x38, 0x40, 0xC7, 0x40, 0x01, 0x11, 0x9B,
	0x12, 0x1B, 0xB9, 0x00, 0x12, 0x9D, 0x11, 0x0C, 0x79, 0x01, 0x0A, 0x6C,
	0x25, 0x09, 0x51, 0x00, 0x80, 0x09, 0x07, 0xEF, 0x44, 0x19, 0x32, 0x14,
	0x40, 0xB8, 0x40, 0x01, 0x13, 0x01, 0x0A, 0x26, 0xB2, 0x00, 0x0C, 0x82,
	0x02, 0x10, 0xD3, 0x43, 0x0E, 0x37, 0x1F, 0x20, 0xA4, 0x34, 0x20, 0xF9,
	0x30, 0x40, 0xA6, 0x80, 0x02, 0x11, 0xA0, 0x0D, 0x28, 0x85, 0x37, 0x0F,
	0x58, 0x4B, 0x0F, 0xB3, 0x03, 0x23, 0x40, 0x01, 0x17, 0x80, 0x02, 0x09,
	0xC1, 0x08, 0x40, 0xA7, 0x40, 0x01, 0x30, 0x66, 0x37, 0x08, 0xC1, 0x08,
	0x12, 0x1F, 0x1E, 0x11, 0x2A, 0x29, 0x19, 0x28, 0x2D, 0x13, 0x22, 0x00,
	0x40, 0xAF, 0x40, 0x01, 0x12, 0x8B, 0x20, 0x33, 0x82, 0x02, 0x17, 0x84,
	0x20, 0x0A, 0xFE, 0x36, 0x21, 0x7E, 0x48, 0x40, 0xBA, 0x40, 0x01, 0x13,
	0x85, 0x39, 0x2D, 0x40, 0x01, 0x13, 0x43, 0x15, 0x0B, 0x00, 0x2D, 0x21,
	0x00, 0x5B, 0x0B, 0x31, 0x54, 0x40, 0xF3, 0x40, 0x01, 0x11, 0x27, 0x3C,
	0x0E, 0x37, 0x15, 0x0A, 0x06, 0x14, 0x1B, 0x63, 0x42, 0x18, 0x40, 0x01,
	0x40, 0xA6, 0x40, 0x06, 0x3A, 0x40, 0x01, 0x1A, 0xF9, 0x4D, 0x09, 0x12,
	0x01, 0x07, 0x40, 0x15, 0x0D, 0x1B, 0x56, 0x20, 0x07, 0x1D, 0x12, 0x42,
	0x10, 0x40, 0xD3, 0x40, 0x01, 0x12, 0xAE, 0x41, 0x13, 0x8D, 0x6C, 0x09,
	0x0A, 0x00, 0x0D, 0xFA, 0x26, 0x09, 0x64, 0x6E, 0x17, 0x75, 0x7E, 0x40,
	0xE5, 0x80, 0x02, 0x14, 0x1F, 0x40, 0x17, 0xCC, 0x26, 0x12, 0xE0, 0x09,
	0x08, 0x18, 0x00, 0x18, 0xEF, 0x59, 0x11, 0x0D, 0x37, 0x40, 0xDF, 0xC0,
	0x03, 0x11, 0x45, 0x1A, 0x0C, 0xC6, 0x0D, 0x11, 0x80, 0x07, 0x21, 0x96,
	0x07, 0x40, 0xE7, 0x40, 0x01, 0x09, 0xA9, 0x43, 0x17, 0x9C, 0x25, 0x0C,
	0x81, 0x16, 0x17, 0x97, 0x3E, 0x09, 0xAB, 0x16, 0x16, 0x40, 0x01, 0x08,
	0x81, 0x07, 0x40, 0xA7, 0x40, 0x01, 0x3B, 0x41, 0x06, 0x1D, 0x89, 0x39,
	0x17, 0x40, 0x01, 0x06, 0x19, 0x00, 0x05, 0xBD, 0x33, 0x0D, 0x20, 0x00,
	0x80, 0x09, 0x11, 0xC4, 0x30, 0x40, 0xA7, 0x38, 0x0B, 0x38, 0x40, 0x01,
	0x09, 0x01, 0x0A, 0x0E, 0xF9, 0x1D, 0x0F, 0xC7, 0x3A, 0x11, 0xA7, 0x71,
	0x06, 0x09, 0x00, 0x04, 0x3E, 0x36, 0x0D, 0xD0, 0x7F, 0x0B, 0x02, 0x19,
	0x40, 0xA6, 0x40, 0x01, 0x3C, 0x81, 0x0C, 0x06, 0x34, 0x46, 0x0E, 0xE7,
	0x57, 0x14, 0x03, 0x0F, 0x1B, 0xA1, 0x1B, 0x0F, 0x32, 0x1A, 0x14, 0x41,
	0x0B, 0x40, 0x9F, 0x37, 0x01, 0x40, 0x41, 0x81, 0x0C, 0x0C, 0x42, 0x1A,
	0x10, 0xC4, 0x17, 0x14, 0x80, 0x02, 0x0B, 0x57, 0x10, 0x04, 0x0A, 0x00,
	0x0F, 0xF0, 0x09, 0x40, 0xEC, 0x40, 0x01, 0x08, 0xAE, 0x47, 0x11, 0x81,
	0x16, 0x09, 0x82, 0x34, 0x0C, 0x81, 0x07, 0x08, 0x14, 0x05, 0x0A, 0xA2,
	0x1B, 0x06, 0xC1, 0x03, 0x21, 0xD6, 0x1C, 0x40, 0x68, 0x6B, 0x4D, 0x40,
	0x68, 0x68, 0x00, 0x31, 0x31, 0x00, 0x85, 0x09, 0x09, 0x09, 0x09, 0x09,
	0x08, 0x05, 0x06, 0x00, 0x05, 0x05, 0x00, 0x06, 0x06, 0x00, 0x04, 0x11,
	0x00, 0x04, 0x93, 0x16, 0x0E, 0x15, 0x00, 0x06, 0xA3, 0x16, 0x0D, 0x0E,
	0x54, 0x40, 0x9E, 0xDD, 0x00, 0x0E, 0xD1, 0x68, 0x40, 0x55, 0x62, 0x00,
	0x80, 0x09, 0x04, 0x2A, 0x1A, 0x80, 0x08, 0x0B, 0x83, 0x16, 0x0B, 0x8D,
	0x16, 0x04, 0xF3, 0x35, 0x83, 0x08, 0x08, 0x08, 0x09, 0x04, 0x05, 0x00,
	0x0F, 0x1C, 0x00, 0x40, 0xFF, 0x40, 0x01, 0x0A, 0xE6, 0x56, 0x07, 0x40,
	0x01, 0x19, 0x2F, 0x0B, 0x04, 0x44, 0x01, 0x09, 0x3A, 0x01, 0x0A, 0xEE,
	0x0D, 0x40, 0xAE, 0x40, 0x01, 0x40, 0x5B, 0x5B, 0x00, 0x81, 0x08, 0x08,
	0x07, 0xEF, 0x5D, 0x08, 0x13, 0x7E, 0x0C, 0x66, 0x19, 0x82, 0x03, 0x03,
	0x08, 0x0D, 0x64, 0x06, 0x41, 0x13, 0x40, 0x01, 0x80, 0x00, 0x04, 0xD9,
	0x04, 0x80, 0x08, 0x15, 0x42, 0x37, 0x0B, 0xA2, 0x39, 0x07, 0xA0, 0x02,
	0x0B, 0x40, 0x01, 0x0D, 0x89, 0x7B, 0x40, 0xFD, 0x40, 0x01, 0x04, 0xDE,
	0x04, 0x05, 0x66, 0x20, 0x0A, 0x7D, 0x02, 0x06, 0x2F, 0x01, 0x0C, 0x69,
	0x07, 0x05, 0x20, 0x00, 0x0B, 0x26, 0x00, 0x40, 0xA6, 0x40, 0x01, 0x40,
	0x64, 0x5B, 0x05, 0x11, 0x40, 0x01, 0x08, 0x0C, 0x05, 0x09, 0x3C, 0x01,
	0x80, 0x08, 0x04, 0xC5, 0x03, 0x05, 0xE5, 0x03, 0x0C, 0xC0, 0x03, 0x19,
	0x15, 0x3A, 0x40, 0xEA, 0x89, 0x02, 0x06, 0x3C, 0x3C, 0x04, 0x3F, 0x01,
	0x0F, 0x81, 0x02, 0x07, 0x0F, 0x00, 0x0C, 0x7C, 0x0C, 0x13, 0x47, 0x40,
	0x18, 0x13, 0x26, 0x40, 0xEC, 0xC9, 0x03, 0x07, 0xBE, 0x08, 0x04, 0x5E,
	0x02, 0x09, 0x84, 0x07, 0x08, 0x4C, 0x01, 0x0E, 0x2B, 0x0B, 0x0E, 0xA3,
	0x07, 0x40, 0xA6, 0x40, 0x06, 0x40, 0x6A, 0x40, 0x01, 0x11, 0x7D, 0x07,
	0x12, 0xE3, 0x26, 0x40, 0xB4, 0x40, 0x01, 0x40, 0x61, 0x41, 0x0B, 0x06,
	0x68, 0x25, 0x07, 0x6F, 0x25, 0x14, 0xDF, 0x53, 0x1D, 0x41, 0x01, 0x41,
	0x02, 0x80, 0x02, 0x82, 0x01, 0x01, 0x0B, 0x10, 0x3C, 0x0B, 0x04, 0x8D,
	0x02, 0x0D, 0x39, 0x01, 0x80, 0x04, 0x0A, 0xC5, 0x08, 0x0F, 0x01, 0x0A,
	0x41, 0x02, 0x80, 0x02, 0x12, 0x7E, 0x4C, 0x04, 0x3F, 0x01, 0x07, 0x32,
	0x01, 0x08, 0x40, 0x01, 0x06, 0x0F, 0x00, 0x40, 0x7C, 0x40, 0x01, 0x83,
	0x04, 0x04, 0x04, 0x04, 0x04, 0x04, 0x00, 0x08, 0x08, 0x00, 0x10, 0x10,
	0x00, 0x18, 0x18, 0x00, 0x80, 0x06, 0x27, 0x28, 0x00, 0x3F, 0x02, 0x0F,
	0x0D, 0x65, 0x16, 0x83, 0x08, 0x08, 0x00, 0x04, 0x0D, 0x81, 0x02, 0x08,
	0x40, 0x01, 0x12, 0x81, 0x0C, 0x2C, 0x40, 0x01, 0x13, 0xEB, 0x67, 0x11,
	0x13, 0x00, 0x80, 0x07, 0x18, 0x2E, 0x02, 0x83, 0x04, 0x04, 0x04, 0x00,
	0x11, 0xF5, 0x00, 0x0F, 0x12, 0x00, 0x18, 0x66, 0x01, 0x80, 0x01, 0x10,
	0x28, 0x00, 0x3C, 0x40, 0x01, 0x0A, 0xCD, 0x66, 0x07, 0x7C, 0x62, 0x0C,
	0x14, 0x01, 0x81, 0x04, 0x07, 0x07, 0xCF, 0x26, 0x05, 0x40, 0x01, 0x09,
	0x42, 0x06, 0x80, 0x04, 0x04, 0x0F, 0x00, 0x15, 0xC1, 0x0D, 0x2C, 0x40,
	0x01, 0x07, 0x1C, 0x01, 0x0D, 0x13, 0x00, 0x10, 0xB8, 0x00, 0x04, 0x24,
	0x00, 0x04, 0x37, 0x70, 0x35, 0x40, 0x01, 0x80, 0x00, 0x0A, 0x10, 0x00,
	0x0D, 0x33, 0x01, 0x10, 0x40, 0x01, 0x07, 0x0F, 0x00, 0x0D, 0x16, 0x00,
	0x29, 0xB7, 0x00, 0x80, 0x00, 0x05, 0xA3, 0x00, 0x04, 0xF7, 0x00, 0x80,
	0x07, 0x07, 0xA6, 0x00, 0x0F, 0x40, 0x01, 0x05, 0x80, 0x02, 0x08, 0x46,
	0x06, 0x05, 0xFE, 0x0E, 0x09, 0x30, 0x4B, 0x40, 0x66, 0x40, 0x01, 0x04,
	0x10, 0x3E, 0x12, 0xE6, 0x06, 0x2E, 0x40, 0x01, 0x0D, 0xC0, 0x03, 0x10,
	0x18, 0x00, 0x13, 0x27, 0x00, 0x2B, 0xC0, 0x03, 0x04, 0xA3, 0x00, 0x84,
	0x07, 0x00, 0x01, 0x01, 0x04, 0x08, 0xD0, 0x00, 0x0B, 0x9E, 0x76, 0x05,
	0x80, 0x02, 0x0B, 0x0C, 0x0A, 0x08, 0x83, 0x07, 0x83, 0x09, 0x08, 0x00,
	0x08, 0x06, 0x25, 0x00, 0x32, 0x40, 0x01, 0x83, 0x05, 0x05, 0x05, 0x05,
	0x04, 0x04, 0x00, 0x81, 0x05, 0x07, 0x0A, 0x0B, 0x00, 0x84, 0x05, 0x05,
	0x01, 0x05, 0x04, 0x04, 0x13, 0x00, 0x40, 0x61, 0x40, 0x01, 0x1B, 0x80,
	0x02, 0x17, 0x40, 0x01, 0x0F, 0x6B, 0x69, 0x12, 0x74, 0x04, 0x80, 0x04,
	0x04, 0xF0, 0x35, 0x09, 0x40, 0x01, 0x84, 0x00, 0x01, 0x00, 0x04, 0x03,
	0x06, 0x17, 0x01, 0x80, 0x08, 0x04, 0x40, 0x01, 0x82, 0x04, 0x08, 0x04,
	0x0C, 0x0D, 0x0A, 0x0C, 0x22, 0x4B, 0x04, 0x1B, 0x2D, 0x25, 0x40, 0x01,
	0x0B, 0x28, 0x01, 0x0B, 0x0B, 0x00, 0x80, 0x07, 0x08, 0x08, 0x00, 0x87,
	0x07, 0x07, 0x04, 0x05, 0x04, 0x07, 0x07, 0x07, 0x04, 0x40, 0x01, 0x05,
	0x17, 0x00, 0x80, 0x04, 0x04, 0xA9, 0x1A, 0x80, 0x05, 0x0E, 0xC0, 0x03,
	0x83, 0x03, 0x03, 0x01, 0x04, 0x04, 0x7F, 0x53, 0x04, 0xDA, 0x00, 0x80,
	0x00, 0x06, 0xC5, 0x4F, 0x04, 0x21, 0x12, 0x05, 0x27, 0x01, 0x08, 0x29,
	0x01, 0x80, 0x00, 0x04, 0x1C, 0x01, 0x82, 0x00, 0x00, 0x01, 0x07, 0x14,
	0x00, 0x05, 0x65, 0x01, 0x06, 0x1B, 0x00, 0x04, 0x33, 0x01, 0x04, 0x1B,
	0x00, 0x09, 0x58, 0x01, 0x06, 0x35, 0x00, 0x06, 0x2E, 0x00, 0x05, 0x09,
	0x00, 0x05, 0x3E, 0x00, 0x06, 0x34, 0x00, 0x04, 0x1E, 0x00, 0x07, 0x8D,
	0x03, 0x04, 0x74, 0x1C, 0x82, 0x00, 0x01, 0x06, 0x04, 0x79, 0x00, 0x81,
	0x01, 0x01, 0x06, 0x06, 0x00, 0x84, 0x07, 0x04, 0x03, 0x04, 0x03, 0x06,
	0x88, 0x00, 0x09, 0x40, 0x01, 0x04, 0xC5, 0x03, 0x05, 0x31, 0x00, 0x05,
	0x21, 0x54, 0x04, 0xA8, 0x1C, 0x81, 0x04, 0x09, 0x05, 0xAD, 0x00, 0x80,
	0x07, 0x04, 0x2A, 0x00, 0x0C, 0x4E, 0x0B, 0x0E, 0xFE, 0x09, 0x82, 0x04,
	0x05, 0x05, 0x1B, 0x40, 0x01, 0x04, 0x56, 0x02, 0x16, 0x3B, 0x01, 0x06,
	0x38, 0x01, 0x80, 0x00, 0x07, 0x07, 0x00, 0x84, 0x05, 0x00, 0x03, 0x05,
	0x07, 0x04, 0xBB, 0x00, 0x87, 0x05, 0x07, 0x04, 0x00, 0x07, 0x03, 0x05,
	0x05, 0x05, 0xA0, 0x01, 0x04, 0x90, 0x02, 0x04, 0xA4, 0x02, 0x06, 0x40,
	0x01, 0x86, 0x07, 0x07, 0x04, 0x01, 0x00, 0x03, 0x04, 0x08, 0xE2, 0x03,
	0x08, 0x1B, 0x01, 0x0A, 0xFB, 0x00, 0x07, 0x40, 0x01, 0x81, 0x00, 0x06,
	0x04, 0x18, 0x00, 0x06, 0x1B, 0x00, 0x07, 0x09, 0x00, 0x08, 0x40, 0x01,
	0x04, 0x0F, 0x00, 0x08, 0x40, 0x01, 0x81, 0x00, 0x00, 0x06, 0x13, 0x00,
	0x80, 0x01, 0x06, 0x16, 0x00, 0x05, 0x4D, 0x01, 0x0A, 0x53, 0x00, 0x04,
	0x07, 0x00, 0x80, 0x07, 0x05, 0x78, 0x02, 0x80, 0x07, 0x04, 0x4D, 0x02,
	0x05, 0xBC, 0x01, 0x81, 0x07, 0x05, 0x05, 0x06, 0x00, 0x04, 0xD3, 0x01,
	0x81, 0x03, 0x07, 0x04, 0xD1, 0x70, 0x09, 0x8A, 0x05, 0x84, 0x03, 0x04,
	0x07, 0x01, 0x07, 0x06, 0x7F, 0x02, 0x05, 0x23, 0x00, 0x06, 0xC0, 0x03,
	0x05, 0x9E, 0x08, 0x82, 0x04, 0x07, 0x07, 0x05, 0xC0, 0x03, 0x08, 0x40,
	0x01, 0x04, 0xFF, 0x04, 0x08, 0xEB, 0x1C, 0x04, 0x10, 0x00, 0x04, 0x79,
	0x03, 0x13, 0xB1, 0x76, 0x12, 0x74, 0x02, 0x07, 0x16, 0x03, 0x80, 0x05,
	0x04, 0xA6, 0x03, 0x05, 0x06, 0x00, 0x82, 0x04, 0x04, 0x04, 0x04, 0x40,
	0x01, 0x86, 0x04, 0x05, 0x04, 0x03, 0x04, 0x05, 0x00, 0x04, 0xD4, 0x01,
	0x87, 0x05, 0x00, 0x03, 0x04, 0x07, 0x04, 0x07, 0x03, 0x04, 0x1A, 0x00,
	0x80, 0x03, 0x05, 0x9B, 0x01, 0x06, 0xA4, 0x02, 0x82, 0x01, 0x03, 0x05,
	0x04, 0xF0, 0x70, 0x80, 0x00, 0x04, 0x9A, 0x00, 0x04, 0x07, 0x00, 0x07,
	0xC1, 0x03, 0x0A, 0xED, 0x00, 0x80, 0x04, 0x05, 0x72, 0x02, 0x06, 0x40,
	0x01, 0x05, 0x08, 0x12, 0x06, 0x50, 0x01, 0x81, 0x00, 0x04, 0x06, 0x0C,
	0x00, 0x08, 0x40, 0x01, 0x06, 0x99, 0x02, 0x04, 0x01, 0x05, 0x07, 0x33,
	0x01, 0x80, 0x01, 0x0A, 0x56, 0x01, 0x06, 0xC8, 0x02, 0x0B, 0x53, 0x00,
	0x07, 0x40, 0x01, 0x04, 0xB2, 0x01, 0x81, 0x03, 0x00, 0x04, 0xB5, 0x01,
	0x82, 0x04, 0x07, 0x05, 0x05, 0x83, 0x00, 0x06, 0x40, 0x01, 0x07, 0x32,
	0x06, 0x06, 0x40, 0x01, 0x80, 0x07, 0x04, 0xDF, 0x01, 0x05, 0x24, 0x03,
	0x04, 0x68, 0x65, 0x82, 0x04, 0x07, 0x01, 0x04, 0x40, 0x01, 0x80, 0x09,
	0x05, 0x39, 0x01, 0x81, 0x04, 0x07, 0x05, 0xE4, 0x09, 0x09, 0x41, 0x01,
	0x80, 0x08, 0x0B, 0xB3, 0x52, 0x04, 0x0F, 0x00, 0x04, 0x26, 0x01, 0x15,
	0x40, 0x01, 0x0F, 0x6B, 0x02, 0x08, 0x56, 0x04, 0x80, 0x05, 0x06, 0x43,
	0x01, 0x05, 0x09, 0x00, 0x82, 0x04, 0x07, 0x06, 0x07, 0x40, 0x01, 0x80,
	0x04, 0x0A, 0x40, 0x01, 0x81, 0x07, 0x07, 0x04, 0xBC, 0x00, 0x80, 0x08,
	0x04, 0x30, 0x01, 0x06, 0x80, 0x02, 0x84, 0x05, 0x05, 0x05, 0x03, 0x05,
	0x04, 0x46, 0x03, 0x04, 0xE3, 0x03, 0x04, 0xDF, 0x01, 0x0B, 0x40, 0x01,
	0x08, 0xF4, 0x00, 0x09, 0xC0, 0x04, 0x08, 0xD2, 0x03, 0x08, 0x40, 0x01,
	0x0A, 0x1B, 0x00, 0x06, 0x2A, 0x01, 0x04, 0x0F, 0x00, 0x07, 0x40, 0x01,
	0x05, 0x1A, 0x00, 0x04, 0xC7, 0x07, 0x09, 0x0D, 0x00, 0x08, 0x39, 0x01,
	0x07, 0x43, 0x01, 0x05, 0x40, 0x01, 0x04, 0x26, 0x01, 0x06, 0x40, 0x01,
	0x84, 0x03, 0x07, 0x04, 0x07, 0x05, 0x08, 0x40, 0x01, 0x06, 0x16, 0x00,
	0x09, 0xA4, 0x05, 0x05, 0x8F, 0x02, 0x04, 0xD1, 0x03, 0x80, 0x00, 0x05,
	0x69, 0x01, 0x04, 0x40, 0x01, 0x82, 0x08, 0x04, 0x07, 0x04, 0xC7, 0x12,
	0x81, 0x04, 0x07, 0x04, 0xE1, 0x04, 0x0A, 0x81, 0x02, 0x05, 0x40, 0x01,
	0x0D, 0x40, 0x45, 0x0C, 0x40, 0x01, 0x09, 0x00, 0x14, 0x05, 0x0C, 0x06,
	0x0E, 0x40, 0x01, 0x04, 0x05, 0x00, 0x07, 0x09, 0x00, 0x07, 0x89, 0x02,
	0x81, 0x04, 0x07, 0x04, 0x47, 0x01, 0x82, 0x05, 0x04, 0x03, 0x04, 0xEF,
	0x04, 0x04, 0x40, 0x01, 0x81, 0x03, 0x03, 0x04, 0xAF, 0x06, 0x04, 0x41,
	0x01, 0x80, 0x05, 0x04, 0x21, 0x09, 0x0D, 0x40, 0x01, 0x04, 0x1D, 0x00,
	0x81, 0x04, 0x07, 0x04, 0x04, 0x7D, 0x08, 0x69, 0x0F, 0x0A, 0xED, 0x00,
	0x83, 0x01, 0x04, 0x04, 0x06, 0x06, 0x81, 0x02, 0x06, 0x95, 0x03, 0x04,
	0x3A, 0x01, 0x07, 0x40, 0x01, 0x0D, 0xC0, 0x03, 0x07, 0x21, 0x05, 0x06,
	0x33, 0x01, 0x80, 0x01, 0x06, 0x23, 0x06, 0x07, 0x80, 0x02, 0x07, 0x37,
	0x00, 0x0B, 0x40, 0x01, 0x80, 0x03, 0x06, 0x80, 0x02, 0x82, 0x00, 0x01,
	0x05, 0x05, 0x40, 0x01, 0x80, 0x06, 0x04, 0x40, 0x01, 0x06, 0x90, 0x05,
	0x80, 0x07, 0x04, 0xF2, 0x04, 0x0C, 0x40, 0x01, 0x06, 0x8F, 0x02, 0x04,
	0x1E, 0x00, 0x04, 0x05, 0x00, 0x86, 0x05, 0x07, 0x01, 0x08, 0x03, 0x00,
	0x09, 0x04, 0xDE, 0x00, 0x89, 0x09, 0x09, 0x04, 0x07, 0x05, 0x05, 0x00,
	0x07, 0x08, 0x04, 0x08, 0xC3, 0x08, 0x06, 0x80, 0x02, 0x09, 0x32, 0x01,
	0x80, 0x05, 0x04, 0x69, 0x02, 0x12, 0x80, 0x02, 0x10, 0x3E, 0x01, 0x05,
	0x33, 0x01, 0x06, 0xB8, 0x03, 0x0B, 0x40, 0x01, 0x80, 0x05, 0x05, 0x26,
	0x44, 0x81, 0x03, 0x05, 0x06, 0x51, 0x0A, 0x04, 0x47, 0x69, 0x05, 0x53,
	0x01, 0x82, 0x00, 0x07, 0x05, 0x04, 0x47, 0x01, 0x80, 0x03, 0x0D, 0x80,
	0x02, 0x83, 0x03, 0x05, 0x05, 0x07, 0x04, 0x47, 0x01, 0x04, 0x5F, 0x01,
	0x10, 0x40, 0x01, 0x05, 0x41, 0x04, 0x0A, 0x00, 0x05, 0x05, 0x0E, 0x00,
	0x06, 0x14, 0x00, 0x0E, 0x40, 0x06, 0x06, 0x1A, 0x00, 0x09, 0x00, 0x05,
	0x06, 0xF3, 0x04, 0x06, 0x28, 0x00, 0x0D, 0xB9, 0x03, 0x06, 0x17, 0x00,
	0x06, 0x40, 0x01, 0x80, 0x01, 0x04, 0x72, 0x00, 0x81, 0x03, 0x04, 0x04,
	0x33, 0x02, 0x04, 0xC3, 0x01, 0x80, 0x03, 0x04, 0x2B, 0x01, 0x09, 0x40,
	0x01, 0x04, 0x0D, 0x00, 0x08, 0x38, 0x0B, 0x07, 0x70, 0x06, 0x05, 0x4D,
	0x7A, 0x84, 0x00, 0x05, 0x03, 0x00, 0x08, 0x04, 0xDE, 0x00, 0x04, 0x11,
	0x02, 0x04, 0x04, 0x04, 0x80, 0x08, 0x04, 0x83, 0x07, 0x05, 0x41, 0x01,
	0x05, 0x89, 0x34, 0x0C, 0x33, 0x10, 0x14, 0xC0, 0x03, 0x05, 0x1F, 0x01,
	0x11, 0xBF, 0x03, 0x08, 0x40, 0x01, 0x09, 0x46, 0x01, 0x04, 0x27, 0x06,
	0x07, 0x8C, 0x0B, 0x04, 0x17, 0x00, 0x04, 0x0A, 0x00, 0x80, 0x04, 0x04,
	0xA6, 0x03, 0x81, 0x03, 0x00, 0x04, 0x91, 0x02, 0x04, 0x86, 0x02, 0x05,
	0x3C, 0x01, 0x81, 0x05, 0x05, 0x05, 0x60, 0x06, 0x04, 0xA8, 0x02, 0x04,
	0x08, 0x05, 0x09, 0xF7, 0x06, 0x09, 0xED, 0x00, 0x04, 0x2D, 0x01, 0x0B,
	0x89, 0x08, 0x06, 0xE6, 0x04, 0x06, 0xDE, 0x04, 0x0A, 0x66, 0x0B, 0x80,
	0x06, 0x05, 0xB7, 0x03, 0x08, 0x8D, 0x02, 0x04, 0x7D, 0x02, 0x06, 0xC1,
	0x03, 0x06, 0xFE, 0x04, 0x04, 0x27, 0x00, 0x05, 0xC2, 0x02, 0x08, 0x53,
	0x00, 0x04, 0xC7, 0x04, 0x05, 0x6A, 0x00, 0x04, 0x72, 0x00, 0x82, 0x03,
	0x06, 0x06, 0x04, 0x0A, 0x01, 0x80, 0x05, 0x04, 0x29, 0x01, 0x04, 0xBA,
	0x03, 0x09, 0xEE, 0x62, 0x07, 0x56, 0x09, 0x04, 0x07, 0x00, 0x09, 0x0C,
	0x00, 0x80, 0x03, 0x04, 0xC0, 0x00, 0x05, 0x19, 0x06, 0x81, 0x03, 0x03,
	0x04, 0x0A, 0x07, 0x04, 0xCC, 0x43, 0x80, 0x05, 0x04, 0x83, 0x0C, 0x08,
	0x40, 0x01, 0x0E, 0x73, 0x11, 0x30, 0x40, 0x01, 0x05, 0xC2, 0x03, 0x06,
	0xC9, 0x03, 0x08, 0x25, 0x00, 0x08, 0x09, 0x00, 0x0B, 0x61, 0x06, 0x08,
	0x2A, 0x05, 0x11, 0xC8, 0x02, 0x09, 0xFF, 0x04, 0x38, 0xFF, 0x0E, 0x29,
	0x29, 0x00, 0x80, 0x01, 0x04, 0x71, 0x7F, 0x0A, 0xFF, 0x09, 0x80, 0x06,
	0x07, 0x50, 0x01, 0x15, 0x9E, 0x09, 0x15, 0x69, 0x08, 0x07, 0x15, 0x00,
	0x05, 0x1F, 0x00, 0x09, 0x93, 0x34, 0x0D, 0xD4, 0x12, 0x80, 0x08, 0x16,
	0x40, 0x01, 0x0B, 0x1B, 0x01, 0x12, 0x00, 0x05, 0x1C, 0xD0, 0x08, 0x0A,
	0x2E, 0x00, 0x19, 0x1A, 0x00, 0x40, 0x41, 0x3F, 0x10, 0x29, 0x29, 0x00,
	0x0D, 0x89, 0x09, 0x82, 0x06, 0x01, 0x06, 0x04, 0xF0, 0x04, 0x80, 0x06,
	0x12, 0x4B, 0x0B, 0x18, 0xA0, 0x00, 0x06, 0x0B, 0x00, 0x08, 0x12, 0x00,
	0x81, 0x00, 0x08, 0x05, 0x93, 0x1B, 0x10, 0xD7, 0x12, 0x05, 0x26, 0x00,
	0x11, 0x40, 0x01, 0x06, 0x47, 0x02, 0x0F, 0x79, 0x07, 0x0B, 0x9A, 0x00,
	0x06, 0xBD, 0x08, 0x09, 0x75, 0x02, 0x14, 0x23, 0x00, 0x0B, 0x2D, 0x00,
	0x40, 0x75, 0x40, 0x01, 0x04, 0x59, 0x26, 0x09, 0x6F, 0x02, 0x81, 0x05,
	0x05, 0x04, 0x10, 0x4B, 0x08, 0x9D, 0x0D, 0x0A, 0x43, 0x01, 0x10, 0x97,
	0x00, 0x09, 0x9E, 0x00, 0x0A, 0x14, 0x00, 0x09, 0x1B, 0x00, 0x14, 0x41,
	0x01, 0x80, 0x08, 0x05, 0xA3, 0x02, 0x0F, 0x6E, 0x72, 0x0E, 0x40, 0x01,
	0x0D, 0x35, 0x01, 0x09, 0x10, 0x00, 0x08, 0x0C, 0x00, 0x07, 0xCB, 0x03,
	0x08, 0x09, 0x00, 0x08, 0x5B, 0x06, 0x0F, 0x38, 0x01, 0x0D, 0x44, 0x01,
	0x2B, 0x40, 0x01, 0x17, 0xBC, 0x0D, 0x31, 0xBE, 0x12, 0x06, 0x87, 0x07,
	0x81, 0x00, 0x06, 0x0A, 0x20, 0x01, 0x09, 0xB7, 0x03, 0x05, 0x2A, 0x01,
	0x07, 0x30, 0x01, 0x18, 0xAB, 0x0E, 0x06, 0x08, 0x00, 0x04, 0x40, 0x1A,
	0x0D, 0xD4, 0x17, 0x82, 0x08, 0x00, 0x08, 0x09, 0x34, 0x00, 0x0E, 0xBB,
	0x6A, 0x0D, 0x40, 0x01, 0x0B, 0x3F, 0x23, 0x06, 0x55, 0x19, 0x06, 0x06,
	0x00, 0x81, 0x08, 0x08, 0x11, 0x76, 0x02, 0x04, 0x14, 0x00, 0x17, 0xCE,
	0x03, 0x14, 0x41, 0x01, 0x10, 0x2F, 0x02, 0x11, 0x10, 0x0F, 0x80, 0x05,
	0x09, 0x0E, 0x00, 0x12, 0x6C, 0x01, 0x18, 0xF3, 0x02, 0x0E, 0x41, 0x00,
	0x08, 0x40, 0x01, 0x04, 0xD7, 0x00, 0x05, 0x0D, 0x00, 0x0F, 0x9B, 0x0E,
	0x05, 0xDB, 0x04, 0x08, 0x0A, 0x00, 0x09, 0x09, 0x00, 0x15, 0x40, 0x01,
	0x04, 0xA5, 0x03, 0x05, 0x56, 0x1F, 0x06, 0x05, 0x05, 0x05, 0x0A, 0x00,
	0x80, 0x08, 0x09, 0xAF, 0x02, 0x0E, 0x40, 0x01, 0x0D, 0x3F, 0x02, 0x10,
	0x86, 0x24, 0x80, 0x09, 0x06, 0x88, 0x01, 0x0E, 0x4C, 0x01, 0x0F, 0x0F,
	0x00, 0x31, 0x40, 0x01, 0x05, 0x73, 0x00, 0x05, 0x86, 0x00, 0x0B, 0x06,
	0x01, 0x80, 0x08, 0x08, 0x0D, 0x01, 0x0A, 0x49, 0x01, 0x2E, 0xB3, 0x02,
	0x09, 0x80, 0x02, 0x08, 0xBA, 0x03, 0x80, 0x04, 0x08, 0x52, 0x06, 0x0B,
	0x2D, 0x01, 0x15, 0x79, 0x02, 0x0C, 0x06, 0x05, 0x09, 0x0C, 0x00, 0x82,
	0x00, 0x09, 0x0A, 0x04, 0xFD, 0x00, 0x85, 0x0A, 0x0A, 0x0A, 0x0A, 0x0A,
	0x09, 0x05, 0x0C, 0x00, 0x0B, 0x5C, 0x01, 0x2B, 0x40, 0x01, 0x21, 0x3F,
	0x01, 0x11, 0x41, 0x01, 0x13, 0x40, 0x01, 0x07, 0x2F, 0x0B, 0x08, 0x74,
	0x0C, 0x09, 0xD5, 0x09, 0x04, 0xA9, 0x14, 0x07, 0xF2, 0x09, 0x04, 0x86,
	0x22, 0x05, 0xE7, 0x09, 0x05, 0x49, 0x01, 0x0C, 0x72, 0x02, 0x80, 0x00,
	0x04, 0x13, 0x11, 0x04, 0x2C, 0x04, 0x04, 0x65, 0x08, 0x09, 0x8F, 0x02,
	0x04, 0x05, 0x00, 0x15, 0x40, 0x01, 0x09, 0x97, 0x12, 0x11, 0x40, 0x01,
	0x06, 0xE3, 0x04, 0x1F, 0x6B, 0x12, 0x0A, 0x31, 0x12, 0x81, 0x0A, 0x09,
	0x09, 0x5C, 0x00, 0x83, 0x09, 0x0A, 0x08, 0x08, 0x0A, 0xBE, 0x02, 0x13,
	0x40, 0x01, 0x08, 0xF3, 0x00, 0x11, 0x40, 0x01, 0x80, 0x09, 0x04, 0x8B,
	0x0B, 0x2C, 0x7E, 0x02, 0x0F, 0x40, 0x01, 0x07, 0x74, 0x00, 0x0C, 0x0F,
	0x01, 0x81, 0x08, 0x08, 0x09, 0x3C, 0x0B, 0x05, 0x6E, 0x02, 0x0A, 0x80,
	0x02, 0x05, 0x79, 0x18, 0x0D, 0x16, 0x01, 0x82, 0x05, 0x04, 0x08, 0x08,
	0x45, 0x09, 0x82, 0x01, 0x04, 0x08, 0x05, 0x15, 0x08, 0x04, 0x3E, 0x00,
	0x04, 0x04, 0x00, 0x04, 0xF4, 0x0C, 0x0F, 0x40, 0x01, 0x04, 0x14, 0x00,
	0x07, 0x40, 0x01, 0x04, 0x20, 0x00, 0x0F, 0x40, 0x01, 0x0C, 0x3B, 0x01,
	0x05, 0x98, 0x00, 0x12, 0x07, 0x05, 0x09, 0x80, 0x07, 0x06, 0xB7, 0x03,
	0x0B, 0x3F, 0x01, 0x0B, 0x0C, 0x04, 0x0D, 0xC1, 0x0D, 0x09, 0x40, 0x01,
	0x06, 0xF5, 0x00, 0x12, 0xBF, 0x03, 0x80, 0x06, 0x04, 0xEA, 0x04, 0x3E,
	0x40, 0x01, 0x04, 0x62, 0x11, 0x80, 0x00, 0x05, 0x09, 0x15, 0x04, 0x0F,
	0x0A, 0x07, 0xC4, 0x12, 0x04, 0xA3, 0x14, 0x84, 0x08, 0x04, 0x05, 0x08,
	0x00, 0x05, 0x42, 0x01, 0x80, 0x01, 0x05, 0x64, 0x02, 0x04, 0x6E, 0x04,
	0x05, 0x93, 0x02, 0x08, 0x7F, 0x02, 0x05, 0x6A, 0x01, 0x0D, 0x74, 0x0A,
	0x06, 0x0D, 0x08, 0x06, 0x82, 0x01, 0x06, 0x83, 0x01, 0x06, 0x9D, 0x01,
	0x83, 0x01, 0x00, 0x06, 0x01, 0x04, 0x9C, 0x11, 0x84, 0x06, 0x05, 0x04,
	0x07, 0x06, 0x04, 0xEF, 0x02, 0x04, 0x03, 0x1A, 0x1F, 0x40, 0x01, 0x0B,
	0xEF, 0x04, 0x0E, 0x18, 0x00, 0x07, 0x40, 0x01, 0x09, 0x9F, 0x01, 0x81,
	0x09, 0x0A, 0x04, 0xDF, 0x5C, 0x13, 0x40, 0x01, 0x0A, 0x80, 0x02, 0x07,
	0xA0, 0x00, 0x11, 0x40, 0x01, 0x82, 0x04, 0x06, 0x06, 0x3E, 0x40, 0x01,
	0x04, 0xD7, 0x00, 0x04, 0x26, 0x0D, 0x04, 0xA9, 0x12, 0x05, 0x61, 0x11,
	0x08, 0xFD, 0x0F, 0x05, 0x12, 0x08, 0x0A, 0xAE, 0x1E, 0x04, 0x96, 0x02,
	0x07, 0x0E, 0x00, 0x07, 0x25, 0x09, 0x07, 0x25, 0x01, 0x04, 0x45, 0x00,
	0x06, 0x66, 0x00, 0x80, 0x08, 0x05, 0x17, 0x00, 0x05, 0x1B, 0x00, 0x80,
	0x08, 0x05, 0x48, 0x01, 0x09, 0xD1, 0x0D, 0x80, 0x04, 0x04, 0x24, 0x11,
	0x04, 0x07, 0x12, 0x05, 0x06, 0x00, 0x81, 0x01, 0x06, 0x04, 0xF0, 0x13,
	0x80, 0x07, 0x16, 0xC0, 0x03, 0x18, 0x53, 0x0B, 0x0D, 0x81, 0x02, 0x10,
	0x40, 0x01, 0x80, 0x09, 0x22, 0x40, 0x01, 0x17, 0x80, 0x02, 0x40, 0x43,
	0x40, 0x01, 0x86, 0x06, 0x01, 0x07, 0x04, 0x04, 0x03, 0x01, 0x06, 0x40,
	0x01, 0x0B, 0x00, 0x05, 0x04, 0x22, 0x01, 0x05, 0x15, 0x00, 0x80, 0x08,
	0x04, 0x04, 0x14, 0x04, 0x40, 0x01, 0x80, 0x05, 0x09, 0xC0, 0x03, 0x07,
	0x3C, 0x01, 0x0A, 0x9A, 0x00, 0x82, 0x04, 0x04, 0x09, 0x08, 0xF2, 0x0C,
	0x0A, 0x1F, 0x05, 0x06, 0x3F, 0x14, 0x08, 0x41, 0x10, 0x81, 0x04, 0x01,
	0x04, 0x28, 0x1B, 0x04, 0xC0, 0x03, 0x84, 0x04, 0x03, 0x03, 0x01, 0x06,
	0x04, 0xC8, 0x0D, 0x33, 0x40, 0x01, 0x0B, 0x80, 0x02, 0x80, 0x0A, 0x08,
	0x81, 0x00, 0x05, 0xFE, 0x04, 0x24, 0x40, 0x01, 0x0A, 0xC0, 0x08, 0x29,
	0x40, 0x01, 0x12, 0x41, 0x01, 0x0E, 0x40, 0x06, 0x84, 0x06, 0x06, 0x05,
	0x03, 0x00, 0x04, 0x95, 0x13, 0x05, 0x3C, 0x01, 0x05, 0x40, 0x01, 0x05,
	0x22, 0x06, 0x05, 0x3A, 0x06, 0x04, 0x3C, 0x01, 0x80, 0x04, 0x04, 0xC2,
	0x03, 0x07, 0x0D, 0x01, 0x80, 0x05, 0x05, 0x40, 0x01, 0x08, 0xA5, 0x0B,
	0x0B, 0x85, 0x14, 0x09, 0x91, 0x02, 0x04, 0x78, 0x02, 0x09, 0xD3, 0x1C,
	0x0A, 0x39, 0x14, 0x04, 0x90, 0x0F, 0x06, 0x8D, 0x0F, 0x82, 0x01, 0x04,
	0x07, 0x05, 0x7F, 0x02, 0x04, 0x4C, 0x01, 0x0E, 0xC2, 0x0D, 0x08, 0xDC,
	0x09, 0x05, 0x65, 0x02, 0x11, 0x1C, 0x0A, 0x08, 0xD1, 0x03, 0x06, 0x63,
	0x11, 0x06, 0x54, 0x64, 0x07, 0x01, 0x05, 0x04, 0x7E, 0x07, 0x17, 0x40,
	0x01, 0x0B, 0x8C, 0x13, 0x05, 0x9D, 0x05, 0x40, 0x58, 0x40, 0x01, 0x80,
	0x04, 0x07, 0x40, 0x01, 0x06, 0xF2, 0x00, 0x05, 0xE8, 0x04, 0x07, 0xCA,
	0x17, 0x09, 0x27, 0x10, 0x0A, 0x02, 0x2A, 0x06, 0x1A, 0x01, 0x0A, 0x6E,
	0x02, 0x06, 0xA1, 0x0F, 0x04, 0x05, 0x00, 0x06, 0x97, 0x02, 0x80, 0x06,
	0x08, 0xA0, 0x02, 0x17, 0x40, 0x01, 0x80, 0x04, 0x04, 0x09, 0x05, 0x80,
	0x07, 0x04, 0x63, 0x13, 0x0D, 0x81, 0x0C, 0x07, 0x8E, 0x05, 0x15, 0x49,
	0x4B, 0x0D, 0x40, 0x01, 0x08, 0xE4, 0x1C, 0x80, 0x09, 0x04, 0x84, 0x07,
	0x83, 0x09, 0x09, 0x0A, 0x0A, 0x06, 0xFC, 0x09, 0x12, 0xC0, 0x08, 0x05,
	0x41, 0x01, 0x0D, 0x27, 0x03, 0x33, 0x40, 0x01, 0x1F, 0x00, 0x0A, 0x81,
	0x06, 0x06, 0x04, 0x68, 0x15, 0x81, 0x00, 0x07, 0x06, 0x7C, 0x02, 0x07,
	0x86, 0x11, 0x05, 0xFD, 0x00, 0x05, 0x5A, 0x1B, 0x0B, 0xA6, 0x17, 0x0C,
	0x50, 0x11, 0x25, 0x3F, 0x0B, 0x0B, 0x40, 0x01, 0x82, 0x01, 0x04, 0x00,
	0x04, 0x27, 0x15, 0x04, 0x06, 0x00, 0x05, 0x54, 0x13, 0x83, 0x01, 0x04,
	0x06, 0x07, 0x05, 0xAF, 0x06, 0x86, 0x06, 0x01, 0x06, 0x06, 0x06, 0x06,
	0x06, 0x04, 0x0A, 0x0F, 0x07, 0xCF, 0x06, 0x04, 0xE5, 0x02, 0x11, 0xBB,
	0x03, 0x0A, 0xC0, 0x0D, 0x0B, 0x40, 0x01, 0x80, 0x00, 0x04, 0x3C, 0x01,
	0x04, 0xFF, 0x09, 0x04, 0x7E, 0x02, 0x0C, 0xAD, 0x07, 0x40, 0x6B, 0x40,
	0x01, 0x83, 0x04, 0x04, 0x06, 0x05, 0x04, 0x47, 0x1A, 0x08, 0x5D, 0x2C,
	0x10, 0x40, 0x01, 0x0F, 0x89, 0x0C, 0x08, 0x40, 0x01, 0x05, 0xA3, 0x03,
	0x09, 0x4A, 0x0B, 0x1B, 0x80, 0x0C, 0x08, 0xB0, 0x02, 0x04, 0x39, 0x01,
	0x04, 0x0E, 0x17, 0x04, 0x00, 0x0A, 0x04, 0x4D, 0x15, 0x80, 0x07, 0x04,
	0x06, 0x00, 0x04, 0x38, 0x01, 0x04, 0x0B, 0x13, 0x06, 0x41, 0x01, 0x09,
	0x68, 0x11, 0x0E, 0xBD, 0x03, 0x07, 0x39, 0x01, 0x0C, 0xA3, 0x02, 0x0A,
	0xD8, 0x75, 0x05, 0x05, 0x01, 0x04, 0x77, 0x11, 0x0C, 0x40, 0x01, 0x0E,
	0xC1, 0x03, 0x0E, 0xC4, 0x0E, 0x0B, 0xBA, 0x08, 0x08, 0x02, 0x0F, 0x28,
	0x86, 0x11, 0x14, 0xCB, 0x0D, 0x80, 0x01, 0x04, 0xBE, 0x00, 0x09, 0x6F,
	0x16, 0x40, 0x4A, 0xF0, 0x0E, 0x12, 0x46, 0x00, 0x06, 0xC6, 0x08, 0x04,
	0x06, 0x00, 0x80, 0x01, 0x04, 0x78, 0x02, 0x04, 0x82, 0x01, 0x05, 0xC0,
	0x03, 0x09, 0x7F, 0x02, 0x08, 0x28, 0x10, 0x04, 0x80, 0x02, 0x11, 0x75,
	0x1C, 0x14, 0x80, 0x07, 0x04, 0x70, 0x16, 0x80, 0x08, 0x04, 0xC1, 0x12,
	0x07, 0xF9, 0x0D, 0x0A, 0x24, 0x00, 0x0D, 0x40, 0x01, 0x0B, 0xDB, 0x00,
	0x3B, 0x2A, 0x01, 0x17, 0x0A, 0x0F, 0x05, 0x40, 0x01, 0x04, 0x42, 0x01,
	0x40, 0x58, 0x81, 0x11, 0x15, 0x86, 0x01, 0x07, 0x6D, 0x00, 0x07, 0x3B,
	0x01, 0x09, 0x41, 0x01, 0x08, 0x40, 0x01, 0x1E, 0x82, 0x0C, 0x0C, 0x2D,
	0x0F, 0x80, 0x05, 0x05, 0xA7, 0x0A, 0x11, 0x67, 0x0B, 0x18, 0x40, 0x01,
	0x40, 0x4F, 0x41, 0x01, 0x04, 0x51, 0x00, 0x09, 0xBF, 0x00, 0x40, 0x58,
	0x40, 0x01, 0x13, 0x60, 0x24, 0x05, 0xB1, 0x01, 0x0E, 0x3E, 0x01, 0x0A,
	0x01, 0x05, 0x81, 0x05, 0x00, 0x1C, 0xC8, 0x08, 0x10, 0xE5, 0x08, 0x04,
	0x40, 0x01, 0x12, 0x30, 0x00, 0x0E, 0x40, 0x01, 0x1E, 0xD1, 0x13, 0x3D,
	0xDE, 0x00, 0x80, 0x05, 0x40, 0x62, 0x40, 0x01, 0x0F, 0x36, 0x01, 0x08,
	0xFC, 0x17, 0x12, 0x40, 0x01, 0x81, 0x06, 0x06, 0x09, 0x40, 0x01, 0x1B,
	0x42, 0x01, 0x1D, 0x5D, 0x01, 0x16, 0xC0, 0x03, 0x40, 0x5B, 0x41, 0x01,
	0x04, 0xAC, 0x09, 0x40, 0x5E, 0x40, 0x01, 0x0D, 0x77, 0x02, 0x0C, 0xF3,
	0x26, 0x12, 0x3F, 0x01, 0x24, 0x40, 0x01, 0x07, 0x00, 0x0A, 0x2F, 0x40,
	0x01, 0x15, 0x77, 0x16, 0x40, 0x45, 0x3F, 0x01, 0x0A, 0xC9, 0x00, 0x40,
	0x63, 0x40, 0x01, 0x10, 0xC5, 0x03, 0x17, 0x40, 0x01, 0x19, 0x49, 0x55,
	0x08, 0x81, 0x07, 0x1E, 0x40, 0x01, 0x0E, 0x02, 0x19, 0x05, 0x4A, 0x00,
	0x40, 0x59, 0x41, 0x01, 0x06, 0xD7, 0x00, 0x40, 0x67, 0x40, 0x01, 0x11,
	0x05, 0x05, 0x16, 0x40, 0x01, 0x10, 0x1A, 0x17, 0x12, 0x81, 0x02, 0x20,
	0x7F, 0x02, 0x0C, 0x41, 0x0B, 0x07, 0x40, 0x1F, 0x40, 0x54, 0x41, 0x01,
	0x09, 0x54, 0x00, 0x04, 0x3E, 0x01, 0x40, 0x45, 0x40, 0x01, 0x34, 0x45,
	0x00, 0x09, 0xFF, 0x02, 0x2A, 0x40, 0x01, 0x20, 0x88, 0x26, 0x0B, 0x40,
	0x01, 0x09, 0xCA, 0x02, 0x0E, 0xCE, 0x18, 0x40, 0x46, 0x3B, 0x06, 0x08,
	0xF4, 0x04, 0x05, 0xBE, 0x00, 0x40, 0x70, 0x80, 0x02, 0x0F, 0x42, 0x01,
	0x11, 0x40, 0x01, 0x12, 0x28, 0x01, 0x0E, 0xD3, 0x12, 0x18, 0xB5, 0x1B,
	0x11, 0x24, 0x37, 0x0D, 0x25, 0x00, 0x0A, 0x21, 0x1A, 0x3F, 0xF8, 0x04,
	0x0B, 0xE6, 0x0F, 0x05, 0x0A, 0x00, 0x40, 0x63, 0x40, 0x01, 0x1B, 0xB5,
	0x00, 0x06, 0x40, 0x01, 0x11, 0xF4, 0x1D, 0x17, 0x00, 0x05, 0x16, 0x3C,
	0x01, 0x18, 0x12, 0x46, 0x0E, 0xBD, 0x07, 0x08, 0x49, 0x15, 0x0B, 0x4A,
	0x01, 0x09, 0x23, 0x1F, 0x1D, 0x2F, 0x01, 0x0E, 0x6D, 0x12, 0x0D, 0xF2,
	0x04, 0x40, 0x7B, 0x7C, 0x02, 0x0D, 0x40, 0x01, 0x1A, 0x9E, 0x1E, 0x0E,
	0x94, 0x16, 0x07, 0xA2, 0x11, 0x1F, 0x38, 0x01, 0x1A, 0xD3, 0x5B, 0x0E,
	0x17, 0x1F, 0x0B, 0x05, 0x1E, 0x08, 0xBB, 0x1C, 0x09, 0xBC, 0x1C, 0x0A,
	0x62, 0x12, 0x09, 0xEF, 0x13, 0x08, 0x2D, 0x03, 0x40, 0x82, 0x33, 0x01,
	0x0B, 0xF8, 0x07, 0x17, 0x40, 0x01, 0x0E, 0x42, 0x01, 0x0F, 0x95, 0x20,
	0x28, 0x95, 0x6F, 0x1E, 0x6D, 0x06, 0x0E, 0x77, 0x1E, 0x12, 0x10, 0x0F,
	0x06, 0x70, 0x02, 0x04, 0x17, 0x00, 0x0A, 0xAB, 0x0F, 0x40, 0x81, 0x6F,
	0x02, 0x17, 0x40, 0x01, 0x15, 0x61, 0x22, 0x12, 0x96, 0x20, 0x2D, 0xCD,
	0x70, 0x2D, 0x2D, 0x00, 0x00, 0x00, 0x00, 0x00, 0x00, 0x00, 0x00, 0x00,
	0x00, 0x00, 0x00, 0x00, 0x00, 0x00, 0x00, 0x00, 0x00, 0x00, 0x00, 0x00,
	0x00, 0x00, 0x00, 0x00, 0x00, 0x00, 0x00, 0x00, 0x00, 0x00, 0x00, 0x00,
	0x00, 0x00, 0x00, 0x00, 0x00, 0x00, 0x00, 0x00, 0x00, 0x00, 0x00, 0x00,
	0x00, 0x00, 0x00, 0x00, 0x00, 0x00, 0x00, 0x00, 0x00, 0x00, 0x00, 0x00,
	0x00, 0x00, 0x00, 0x00, 0x00, 0x00, 0x00, 0x00, 0x00, 0x00, 0x00, 0x00,
	0x00, 0x00, 0x00, 0x00, 0x00, 0x00, 0x00, 0x00, 0x00, 0x00, 0x00, 0x00,
	0x00, 0x00, 0x00, 0x00, 0x00, 0x00, 0x00, 0x00, 0x00, 0x00, 0x00, 0x00,
	0x00, 0x00, 0x00, 0x00, 0x00, 0x00, 0x00, 0x00, 0x00, 0x00, 0x00, 0x00,
	0x00, 0x00, 0x00, 0x00, 0x00, 0x00, 0x00, 0x00, 0x00, 0x00, 0x00, 0x00,
	0x00, 0x00, 0x00, 0x00, 0x00, 0x00, 0x00, 0x00, 0x00, 0x00, 0x00, 0x00,
	0x00, 0x00, 0x00, 0x00, 0x00, 0x00, 0x00, 0x00, 0x00, 0x00, 0x00, 0x00,
	0x00, 0x00, 0x00, 0x00, 0x00, 0x00, 0x00, 0x00, 0x00, 0x00, 0x00, 0x00,
	0x00, 0x00, 0x00, 0x00, 0x00, 0x00, 0x00, 0x00, 0x00, 0x00, 0x00, 0x00,
	0x00, 0x00, 0x00, 0x00, 0x00, 0x00, 0x00, 0x00, 0x00, 0x00, 0x00, 0x00,
	0x00, 0x00, 0x00, 0x00, 0x00, 0x00, 0x00, 0x00, 0x00, 0x00, 0x00, 0x00,
	0x00, 0x00, 0x00, 0x00, 0x00, 0x00, 0x00, 0x00, 0x00, 0x00, 0x00, 0x00,
	0x00, 0x00, 0x00, 0x00, 0x00, 0x00, 0x00, 0x00, 0x00, 0x00, 0x00, 0x00,
	0x00, 0x00, 0x00, 0x00, 0x00, 0x00, 0x00, 0x00, 0x00, 0x00, 0x00, 0x00,
	0x00, 0x00, 0x00, 0x00, 0x00, 0x00, 0x00, 0x00, 0x00, 0x00, 0x00, 0x00,
	0x00, 0x00, 0x00, 0x00, 0x00, 0x00, 0x00, 0x00, 0x00, 0x00, 0x00, 0x00,
	0x00, 0x00, 0x00, 0x00, 0x00, 0x00, 0x00, 0x00, 0x00, 0x00, 0x00, 0x00,
	0x00, 0x00, 0x00, 0x00, 0x00, 0x00, 0x00, 0x00, 0x00, 0x00, 0x00, 0x00,
	0x00, 0x00, 0x00, 0x00, 0x00, 0x00, 0x00, 0x00, 0x00, 0x00, 0x00, 0x00,
	0x00, 0x00, 0x00, 0x00, 0x00, 0x00, 0x00, 0x00, 0x00, 0x00, 0x00, 0x00,
	0x00, 0x00, 0x00, 0x00, 0x00, 0x00, 0x00, 0x00, 0x00, 0x00, 0x00, 0x00,
	0x00, 0x00, 0x00, 0x00, 0x00, 0x00, 0x00, 0x00, 0x00, 0x00, 0x00, 0x00,
	0x00, 0x00, 0x00, 0x00, 0x00, 0x00, 0x00, 0x00, 0x00, 0x00, 0x00, 0x00,
	0x00, 0x00, 0x00, 0x00, 0x00, 0x00, 0x00, 0x00, 0x00, 0x00, 0x00, 0x00,
	0x00, 0x00, 0x00, 0x00, 0x00, 0x00, 0x00, 0x00, 0x00, 0x00, 0x00, 0x00,
	0x00, 0x00, 0x00, 0x00, 0x00, 0x00, 0x00, 0x00, 0x00, 0x00, 0x00, 0x00,
	0x00, 0x00, 0x00, 0x00, 0x00, 0x00, 0x00, 0x00, 0x00, 0x00, 0x00, 0x00,
	0x00, 0x00, 0x00, 0x00, 0x00, 0x00, 0x00, 0x00, 0x00, 0x00, 0x00, 0x00,
	0x00, 0x00, 0x00, 0x00, 0x00, 0x00, 0x00, 0x00, 0x00, 0x00, 0x00, 0x00,
	0x00, 0x00, 0x00, 0x00, 0x00, 0x00, 0x00, 0x00, 0x00, 0x00, 0x00, 0x00,
	0x00, 0x00, 0x00, 0x00, 0x00, 0x00, 0x00, 0x00, 0x00, 0x00, 0x00, 0x00,
	0x00, 0x00, 0x00, 0x00, 0x00, 0x00, 0x00, 0x00, 0x00, 0x00, 0x00, 0x00,
	0x00, 0x00, 0x00, 0x00, 0x00, 0x00, 0x00, 0x00, 0x00, 0x00, 0x00, 0x00,
	0x00, 0x00, 0x00, 0x00, 0x00, 0x00, 0x00, 0x00, 0x00, 0x00, 0x00, 0x00,
	0x00, 0x00, 0x00, 0x00, 0x00, 0x00, 0x00, 0x00, 0x00, 0x00, 0x00, 0x00,
	0x00, 0x00, 0x00, 0x00, 0x00, 0x00, 0x00, 0x00, 0x00, 0x00, 0x00, 0x00,
	0x00, 0x00, 0x00, 0x00, 0x00, 0x00, 0x00, 0x00, 0x00, 0x00, 0x00, 0x00,
	0x00, 0x00, 0x00, 0x00, 0x00, 0x00, 0x00, 0x00, 0x00, 0x00, 0x00, 0x00,
	0x00, 0x00, 0x00, 0x00, 0x00, 0x00, 0x00, 0x00, 0x00, 0x00, 0x00, 0x00,
	0x00, 0x00, 0x00, 0x00, 0x00, 0x00, 0x00, 0x00, 0x00, 0x00, 0x00, 0x00,
	0x00, 0x00, 0x00, 0x00, 0x00, 0x00, 0x00, 0x00, 0x00, 0x00, 0x00, 0x00,
	0x00, 0x00, 0x00, 0x00, 0x00, 0x00, 0x00, 0x00, 0x00, 0x00, 0x00, 0x00,
	0x00, 0x00, 0x00, 0x00, 0x00, 0x00, 0x00, 0x00, 0x00, 0x00, 0x00, 0x00,
	0x00, 0x00, 0x00, 0x00, 0x00, 0x00, 0x00, 0x00, 0x00, 0x00, 0x00, 0x00,
	0x00, 0x00, 0x00, 0x00, 0x00, 0x00, 0x00, 0x00, 0x00, 0x00, 0x00, 0x00,
	0x00, 0x00, 0x00, 0x00, 0x00, 0x00, 0x00, 0x00, 0x00, 0x00, 0x00, 0x00,
	0x00, 0x00, 0x00, 0x00, 0x00, 0x00, 0x00, 0x00, 0x00, 0x00, 0x00, 0x00,
	0x00, 0x00, 0x00, 0x00, 0x00, 0x00, 0x00, 0x00, 0x00, 0x00, 0x00, 0x00,
	0x00, 0x00, 0x00, 0x00, 0x00, 0x00, 0x00, 0x00, 0x00, 0x00, 0x00, 0x00,
	0x00, 0x00, 0x00, 0x00, 0x00, 0x00, 0x00, 0x00, 0x00, 0x00, 0x00, 0x00,
	0x00, 0x00, 0x00, 0x00, 0x00, 0x00, 0x00, 0x00, 0x00, 0x00, 0x00, 0x00,
	0x00, 0x00, 0x00, 0x00, 0x00, 0x00, 0x00, 0x00, 0x00, 0x00, 0x00, 0x00,
	0x00, 0x00, 0x00, 0x00, 0x00, 0x00, 0x00, 0x00, 0x00, 0x00, 0x00, 0x00,
	0x00, 0x00, 0x00, 0x00, 0x00, 0x00, 0x00, 0x00, 0x00, 0x00, 0x00, 0x00,
	0x00, 0x00, 0x00, 0x00, 0x00, 0x00, 0x00, 0x00, 0x00, 0x00, 0x00, 0x00,
	0x00, 0x00, 0x00, 0x00, 0x00, 0x00, 0x00, 0x00, 0x00, 0x00, 0x00, 0x00,
	0x00, 0x00, 0x00, 0x00, 0x00, 0x00, 0x00, 0x00, 0x00, 0x00, 0x00, 0x00,
	0x00, 0x00, 0x00, 0x00, 0x00, 0x00, 0x00, 0x00, 0x00, 0x00, 0x00, 0x00,
	0x00, 0x00, 0x00, 0x00, 0x00, 0x00, 0x00, 0x00, 0x00, 0x00, 0x00, 0x00,
	0x00, 0x00, 0x00, 0x00, 0x00, 0x00, 0x00, 0x00, 0x00, 0x00, 0x00, 0x00,
	0x00, 0x00, 0x00, 0x00, 0x00, 0x00, 0x00, 0x00, 0x00, 0x00, 0x00, 0x00,
	0x00, 0x00, 0x00, 0x00, 0x00, 0x00, 0x00, 0x00, 0x00, 0x00, 0x00, 0x00,
	0x00, 0x00, 0x00, 0x00, 0x00, 0x00, 0x00, 0x00, 0x00, 0x00, 0x00, 0x00,
	0x00, 0x00, 0x00, 0x00, 0x00, 0x00, 0x00, 0x00, 0x00, 0x00, 0x00, 0x00,
	0x00, 0x00, 0x00, 0x00, 0x00, 0x00, 0x00, 0x00, 0x00, 0x00, 0x00, 0x00,
	0x00, 0x00, 0x00, 0x00, 0x00, 0x00, 0x00, 0x00, 0x00, 0x00, 0x00, 0x00,
	0x00, 0x00, 0x00, 0x00, 0x00, 0x00, 0x00, 0x00, 0x00, 0x00, 0x00, 0x00,
	0x00, 0x00, 0x00, 0x00, 0x00, 0x00, 0x00, 0x00, 0x00, 0x00, 0x00, 0x00,
	0x00, 0x00, 0x00, 0x00, 0x00, 0x00, 0x00, 0x00, 0x00, 0x00, 0x00, 0x00,
	0x00, 0x00, 0x00, 0x00, 0x00, 0x00, 0x00, 0x00, 0x00, 0x00, 0x00, 0x00,
	0x00, 0x00, 0x00, 0x00, 0x00, 0x00, 0x00, 0x00, 0x00, 0x00, 0x00, 0x00,
	0x00, 0x00, 0x00, 0x00, 0x00, 0x00, 0x00, 0x00, 0x00, 0x00, 0x00, 0x00,
	0x00, 0x00, 0x00, 0x00, 0x00, 0x00, 0x00, 0x00, 0x00, 0x00, 0x00, 0x00,
	0x00, 0x00, 0x00, 0x00, 0x00, 0x00, 0x00, 0x00, 0x00, 0x00, 0x00, 0x00,
	0x00, 0x00, 0x00, 0x00, 0x00, 0x00, 0x00, 0x00, 0x00, 0x00, 0x00, 0x00,
	0x00, 0x00, 0x00, 0x00, 0x00, 0x00, 0x00, 0x00, 0x00, 0x00, 0x00, 0x00,
	0x00, 0x00, 0x00, 0x00, 0x00, 0x00, 0x00, 0x00, 0x00, 0x00, 0x00, 0x00,
	0x00, 0x00, 0x00, 0x00, 0x00, 0x00, 0x00, 0x00, 0x00, 0x00, 0x00, 0x00,
	0x00, 0x00, 0x00, 0x00, 0x00, 0x00, 0x00, 0x00, 0x00, 0x00, 0x00, 0x00,
	0x00, 0x00, 0x00, 0x00, 0x00, 0x00, 0x00, 0x00, 0x00, 0x00, 0x00, 0x00,
	0x00, 0x00, 0x00, 0x00, 0x00, 0x00, 0x00, 0x00, 0x00, 0x00, 0x00, 0x00,
	0x00, 0x00, 0x00, 0x00, 0x00, 0x00, 0x00, 0x00, 0x00, 0x00, 0x00, 0x00,
	0x00, 0x00, 0x00, 0x00, 0x00, 0x00, 0x00, 0x00, 0x00, 0x00, 0x00, 0x00,
	0x00, 0x00, 0x00, 0x00, 0x00, 0x00, 0x00, 0x00, 0x00, 0x00, 0x00, 0x00,
	0x00, 0x00, 0x00, 0x00, 0x00, 0x00, 0x00, 0x00, 0x00, 0x00, 0x00, 0x00,
	0x00, 0x00, 0x00, 0x00, 0x00, 0x00, 0x00, 0x00, 0x00, 0x00, 0x00, 0x00,
	0x00, 0x00, 0x00, 0x00, 0x00, 0x00, 0x00, 0x00, 0x00, 0x00, 0x00, 0x00,
	0x00, 0x00, 0x00, 0x00, 0x00, 0x00, 0x00, 0x00, 0x00, 0x00, 0x00, 0x00,
	0x00, 0x00, 0x00, 0x00, 0x00, 0x00, 0x00, 0x00, 0x00, 0x00, 0x00, 0x00,
	0x00, 0x00, 0x00, 0x00, 0x00, 0x00, 0x00, 0x00, 0x00, 0x00, 0x00, 0x00,
	0x00, 0x00, 0x00, 0x00, 0x00, 0x00, 0x00, 0x00, 0x00, 0x00, 0x00, 0x00,
	0x00, 0x00, 0x00, 0x00, 0x00, 0x00, 0x00, 0x00, 0x00, 0x00, 0x00, 0x00,
	0x00, 0x00, 0x00, 0x00, 0x00, 0x00, 0x00, 0x00, 0x00, 0x00, 0x00, 0x00,
	0x00, 0x00, 0x00, 0x00, 0x00, 0x00, 0x00, 0x00, 0x00, 0x00, 0x00, 0x00,
	0x00, 0x00, 0x00, 0x00, 0x00, 0x00, 0x00, 0x00, 0x00, 0x00, 0x00, 0x00,
	0x00, 0x00, 0x00, 0x00, 0x00, 0x00, 0x00, 0x00, 0x00, 0x00, 0x00, 0x00,
	0x00, 0x00, 0x00, 0x00, 0x00, 0x00, 0x00, 0x00, 0x00, 0x00, 0x00, 0x00,
	0x00, 0x00, 0x00, 0x00, 0x00, 0x00, 0x00, 0x00, 0x00, 0x00, 0x00, 0x00,
	0x00, 0x00, 0x00, 0x00, 0x00, 0x00, 0x00, 0x00, 0x00, 0x00, 0x00, 0x00,
	0x00, 0x00, 0x00, 0x00, 0x00, 0x00, 0x00, 0x00, 0x00, 0x00, 0x00, 0x00,
	0x00, 0x00, 0x00, 0x00, 0x00, 0x00, 0x00, 0x00, 0x00, 0x00, 0x00, 0x00,
	0x00, 0x00, 0x00, 0x00, 0x00, 0x00, 0x00, 0x00, 0x00, 0x00, 0x00, 0x00,
	0x00, 0x00, 0x00, 0x00, 0x00, 0x00, 0x00, 0x00, 0x00, 0x00, 0x00, 0x00,
	0x00, 0x00, 0x00, 0x00, 0x00, 0x00, 0x00, 0x00, 0x00, 0x00, 0x00, 0x00,
	0x00, 0x00, 0x00, 0x00, 0x00, 0x00, 0x00, 0x00, 0x00, 0x00, 0x00, 0x00,
	0x00, 0x00, 0x00, 0x00, 0x00, 0x00, 0x00, 0x00, 0x00, 0x00, 0x00, 0x00,
	0x00, 0x00, 0x00, 0x00, 0x00, 0x00, 0x00, 0x00, 0x00, 0x00, 0x00, 0x00,
	0x00, 0x00, 0x00, 0x00, 0x00, 0x00, 0x00, 0x00, 0x00, 0x00, 0x00, 0x00,
	0x00, 0x00, 0x00, 0x00, 0x00, 0x00, 0x00, 0x00, 0x00, 0x00, 0x00, 0x00,
	0x00, 0x00, 0x00, 0x00, 0x00, 0x00, 0x00, 0x00, 0x00, 0x00, 0x00, 0x00,
	0x00, 0x00, 0x00, 0x00, 0x00, 0x00, 0x00, 0x00, 0x00, 0x00, 0x00, 0x00,
	0x00, 0x00, 0x00, 0x00, 0x00, 0x00, 0x00, 0x00, 0x00, 0x00, 0x00, 0x00,
	0x00, 0x00, 0x00, 0x00, 0x00, 0x00, 0x00, 0x00, 0x00, 0x00, 0x00, 0x00,
	0x00, 0x00, 0x00, 0x00, 0x00, 0x00, 0x00, 0x00, 0x00, 0x00, 0x00, 0x00,
	0x00, 0x00, 0x00, 0x00, 0x00, 0x00, 0x00, 0x00, 0x00, 0x00, 0x00, 0x00,
	0x00, 0x00, 0x00, 0x00, 0x00, 0x00, 0x00, 0x00, 0x00, 0x00, 0x00, 0x00,
	0x00, 0x00, 0x00, 0x00, 0x00, 0x00, 0x00, 0x00, 0x00, 0x00, 0x00, 0x00,
	0x00, 0x00, 0x00, 0x00, 0x00, 0x00, 0x00, 0x00, 0x00, 0x00, 0x00, 0x00,
	0x00, 0x00, 0x00, 0x00, 0x00, 0x00, 0x00, 0x00, 0x00, 0x00, 0x00, 0x00,
	0x00, 0x00, 0x00, 0x00, 0x00, 0x00, 0x00, 0x00, 0x00, 0x00, 0x00, 0x00,
	0x00, 0x00, 0x00, 0x00, 0x00, 0x00, 0x00, 0x00, 0x00, 0x00, 0x00, 0x00,
	0x00, 0x00, 0x00, 0x00, 0x00, 0x00, 0x00, 0x00, 0x00, 0x00, 0x00, 0x00,
	0x00, 0x00, 0x00, 0x00, 0x00, 0x00, 0x00, 0x00, 0x00, 0x00, 0x00, 0x00,
	0x00, 0x00, 0x00, 0x00, 0x00, 0x00, 0x00, 0x00, 0x00, 0x00, 0x00, 0x00,
	0x00, 0x00, 0x00, 0x00, 0x00, 0x00, 0x00, 0x00, 0x00, 0x00, 0x00, 0x00,
	0x00, 0x00, 0x00, 0x00, 0x00, 0x00, 0x00, 0x00, 0x00, 0x00, 0x00, 0x00,
	0x00, 0x00, 0x00, 0x00, 0x00, 0x00, 0x00, 0x00, 0x00, 0x00, 0x00, 0x00,
	0x00, 0x00, 0x00, 0x00, 0x00, 0x00, 0x00, 0x00, 0x00, 0x00, 0x00, 0x00,
	0x00, 0x00, 0x00, 0x00, 0x00, 0x00, 0x00, 0x00, 0x00, 0x00, 0x00, 0x00,
	0x00, 0x00, 0x00, 0x00, 0x00, 0x00, 0x00, 0x00, 0x00, 0x00, 0x00, 0x00,
	0x00, 0x00, 0x00, 0x00, 0x00, 0x00, 0x00, 0x00, 0x00, 0x00, 0x00, 0x00,
	0x00, 0x00, 0x00, 0x00, 0x00, 0x00, 0x00, 0x00, 0x00, 0x00, 0x00, 0x00,
	0x00, 0x00, 0x00, 0x00, 0x00, 0x00, 0x00, 0x00, 0x00, 0x00, 0x00, 0x00,
	0x00, 0x00, 0x00, 0x00, 0x00, 0x00, 0x00, 0x00, 0x00, 0x00, 0x00, 0x00,
	0x00, 0x00, 0x00, 0x00, 0x00, 0x00, 0x00, 0x00, 0x00, 0x00, 0x00, 0x00,
	0x00, 0x00, 0x00, 0x00, 0x00, 0x00, 0x00, 0x00, 0x00, 0x00, 0x00, 0x00,
	0x00, 0x00, 0x00, 0x00, 0x00, 0x00, 0x00, 0x00, 0x00, 0x00, 0x00, 0x00,
	0x00, 0x00, 0x00, 0x00, 0x00, 0x00, 0x00, 0x00, 0x00, 0x00, 0x00, 0x00,
	0x00, 0x00, 0x00, 0x00, 0x00, 0x00, 0x00, 0x00, 0x00, 0x00, 0x00, 0x00,
	0x00, 0x00, 0x00, 0x00, 0x00, 0x00, 0x00, 0x00, 0x00, 0x00, 0x00, 0x00,
	0x00, 0x00, 0x00, 0x00, 0x00, 0x00, 0x00, 0x00, 0x00, 0x00, 0x00, 0x00,
	0x00, 0x00, 0x00, 0x00, 0x00, 0x00, 0x00, 0x00, 0x00, 0x00, 0x00, 0x00,
	0x00, 0x00, 0x00, 0x00, 0x00, 0x00, 0x00, 0x00, 0x00, 0x00, 0x00, 0x00,
	0x00, 0x00, 0x00, 0x00, 0x00, 0x00, 0x00, 0x00, 0x00, 0x00, 0x00, 0x00,
	0x00, 0x00, 0x00, 0x00, 0x00, 0x00, 0x00, 0x00, 0x00, 0x00, 0x00, 0x00,
	0x00, 0x00, 0x00, 0x00, 0x00, 0x00, 0x00, 0x00, 0x00, 0x00, 0x00, 0x00,
	0x00, 0x00, 0x00, 0x00, 0x00, 0x00, 0x00, 0x00, 0x00, 0x00, 0x00, 0x00,
	0x00, 0x00, 0x00, 0x00, 0x00, 0x00, 0x00, 0x00, 0x00, 0x00, 0x00, 0x00,
	0x00, 0x00, 0x00, 0x00, 0x00, 0x00, 0x00, 0x00, 0x00, 0x00, 0x00, 0x00,
	0x00, 0x00, 0x00, 0x00, 0x00, 0x00, 0x00, 0x00, 0x00, 0x00, 0x00, 0x00,
	0x00, 0x00, 0x00, 0x00, 0x00, 0x00, 0x00, 0x00, 0x00, 0x00, 0x00, 0x00,
	0x00, 0x00, 0x00, 0x00, 0x00, 0x00, 0x00, 0x00, 0x00, 0x00, 0x00, 0x00,
	0x00, 0x00, 0x00, 0x00, 0x00, 0x00, 0x00, 0x00, 0x00, 0x00, 0x00, 0x00,
	0x00, 0x00, 0x00, 0x00, 0x00, 0x00, 0x00, 0x00, 0x00, 0x00, 0x00, 0x00,
	0x00, 0x00, 0x00, 0x00, 0x00, 0x00, 0x00, 0x00, 0x00, 0x00, 0x00, 0x00,
	0x00, 0x00, 0x00, 0x00, 0x00, 0x00, 0x00, 0x00, 0x00, 0x00, 0x00, 0x00,
	0x00, 0x00, 0x00, 0x00, 0x00, 0x00, 0x00, 0x00, 0x00, 0x00, 0x00, 0x00,
	0x00, 0x00, 0x00, 0x00, 0x00, 0x00, 0x00, 0x00, 0x00, 0x00, 0x00, 0x00,
	0x00, 0x00, 0x00, 0x00, 0x00, 0x00, 0x00, 0x00, 0x00, 0x00, 0x00, 0x00,
	0x00, 0x00, 0x00, 0x00, 0x00, 0x00, 0x00, 0x00, 0x00, 0x00, 0x00, 0x00,
	0x00, 0x00, 0x00, 0x00, 0x00, 0x00, 0x00, 0x00, 0x00, 0x00, 0x00, 0x00,
	0x00, 0x00, 0x00, 0x00, 0x00, 0x00, 0x00, 0x00, 0x00, 0x00, 0x00, 0x00,
	0x00, 0x00, 0x00, 0x00, 0x00, 0x00, 0x00, 0x00, 0x00, 0x00, 0x00, 0x00,
	0x00, 0x00, 0x00, 0x00, 0x00, 0x00, 0x00, 0x00, 0x00, 0x00, 0x00, 0x00,
	0x00, 0x00, 0x00, 0x00, 0x00, 0x00, 0x00, 0x00, 0x00, 0x00, 0x00, 0x00,
	0x00, 0x00, 0x00, 0x00, 0x00, 0x00, 0x00, 0x00, 0x00, 0x00, 0x00, 0x00,
	0x00, 0x00, 0x00, 0x00, 0x00, 0x00, 0x00, 0x00, 0x00, 0x00, 0x00, 0x00,
	0x00, 0x00, 0x00, 0x00, 0x00, 0x00, 0x00, 0x00, 0x00, 0x00, 0x00, 0x00,
	0x00, 0x00, 0x00, 0x00, 0x00, 0x00, 0x00, 0x00, 0x00, 0x00, 0x00, 0x00,
	0x00, 0x00, 0x00, 0x00, 0x00, 0x00, 0x00, 0x00, 0x00, 0x00, 0x00, 0x00,
	0x00, 0x00, 0x00, 0x00, 0x00, 0x00, 0x00, 0x00, 0x00, 0x00, 0x00, 0x00,
	0x00, 0x00, 0x00, 0x00, 0x00, 0x00, 0x00, 0x00, 0x00, 0x00, 0x00, 0x00,
	0x00, 0x00, 0x00, 0x00, 0x00, 0x00, 0x00, 0x00, 0x00, 0x00, 0x00, 0x00,
	0x00, 0x00, 0x00, 0x00, 0x00, 0x00, 0x00, 0x00, 0x00, 0x00, 0x00, 0x00,
	0x00, 0x00, 0x00, 0x00, 0x00, 0x00, 0x00, 0x00, 0x00, 0x00, 0x00, 0x00,
	0x00, 0x00, 0x00, 0x00, 0x00, 0x00, 0x00, 0x00, 0x00, 0x00, 0x00, 0x00,
	0x00, 0x00, 0x00, 0x00, 0x00, 0x00, 0x00, 0x00, 0x00, 0x00, 0x00, 0x00,
	0x00, 0x00, 0x00, 0x00, 0x00, 0x00, 0x00, 0x00, 0x00, 0x00, 0x00, 0x00,
	0x00, 0x00, 0x00, 0x00, 0x00, 0x00, 0x00, 0x00, 0x00, 0x00, 0x00, 0x00,
	0x00, 0x00, 0x00, 0x00, 0x00, 0x00, 0x00, 0x00, 0x00, 0x00, 0x00, 0x00,
	0x00, 0x00, 0x00, 0x00, 0x00, 0x00, 0x00, 0x00, 0x00, 0x00, 0x00, 0x00,
	0x00, 0x00, 0x00, 0x00, 0x00, 0x00, 0x00, 0x00, 0x00, 0x00, 0x00, 0x00,
	0x00, 0x00, 0x00, 0x00, 0x00, 0x00, 0x00, 0x00, 0x00, 0x00, 0x00, 0x00,
	0x00, 0x00, 0x00, 0x00, 0x00, 0x00, 0x00, 0x00, 0x00, 0x00, 0x00, 0x00,
	0x00, 0x00, 0x00, 0x00, 0x00, 0x00, 0x00, 0x00, 0x00, 0x00, 0x00, 0x00,
	0x00, 0x00, 0x00, 0x00, 0x00, 0x00, 0x00, 0x00, 0x00, 0x00, 0x00, 0x00,
	0x00, 0x00, 0x00, 0x00, 0x00, 0x00, 0x00, 0x00, 0x00, 0x00, 0x00, 0x00,
	0x00, 0x00, 0x00, 0x00, 0x00, 0x00, 0x00, 0x00, 0x00, 0x00, 0x00, 0x00,
	0x00, 0x00, 0x00, 0x00, 0x00, 0x00, 0x00, 0x00, 0x00, 0x00, 0x00, 0x00,
	0x00, 0x00, 0x00, 0x00, 0x00, 0x00, 0x00, 0x00, 0x00, 0x00, 0x00, 0x00,
	0x00, 0x00, 0x00, 0x00, 0x00, 0x00, 0x00, 0x00, 0x00, 0x00, 0x00, 0x00,
	0x00, 0x00, 0x00, 0x00, 0x00, 0x00, 0x00, 0x00, 0x00, 0x00, 0x00, 0x00,
	0x00, 0x00, 0x00, 0x00, 0x00, 0x00, 0x00, 0x00, 0x00, 0x00, 0x00, 0x00,
	0x00, 0x00, 0x00, 0x00, 0x00, 0x00, 0x00, 0x00, 0x00, 0x00, 0x00, 0x00,
	0x00, 0x00, 0x00, 0x00, 0x00, 0x00, 0x00, 0x00, 0x00, 0x00, 0x00, 0x00,
	0x00, 0x00, 0x00, 0x00, 0x00, 0x00, 0x00, 0x00, 0x00, 0x00, 0x00, 0x00,
	0x00, 0x00, 0x00, 0x00, 0x00, 0x00, 0x00, 0x00, 0x00, 0x00, 0x00, 0x00,
	0x00, 0x00, 0x00, 0x00, 0x00, 0x00, 0x00, 0x00, 0x00, 0x00, 0x00, 0x00,
	0x00, 0x00, 0x00, 0x00, 0x00, 0x00, 0x00, 0x00, 0x00, 0x00, 0x00, 0x00,
	0x00, 0x00, 0x00, 0x00, 0x00, 0x00, 0x00, 0x00, 0x00, 0x00, 0x00, 0x00,
	0x00, 0x00, 0x00, 0x00, 0x00, 0x00, 0x00, 0x00, 0x00, 0x00, 0x00, 0x00,
	0x00, 0x00, 0x00, 0x00, 0x00, 0x00, 0x00, 0x00, 0x00, 0x00, 0x00, 0x00,
	0x00, 0x00, 0x00, 0x00, 0x00, 0x00, 0x00, 0x00, 0x00, 0x00, 0x00, 0x00,
	0x00, 0x00, 0x00, 0x00, 0x00, 0x00, 0x00, 0x00, 0x00, 0x00, 0x00, 0x00,
	0x00, 0x00, 0x00, 0x00, 0x00, 0x00, 0x00, 0x00, 0x00, 0x00, 0x00, 0x00,
	0x00, 0x00, 0x00, 0x00, 0x00, 0x00, 0x00, 0x00, 0x00, 0x00, 0x00, 0x00,
	0x00, 0x00, 0x00, 0x00, 0x00, 0x00, 0x00, 0x00, 0x00, 0x00, 0x00, 0x00,
	0x00, 0x00, 0x00, 0x00, 0x00, 0x00, 0x00, 0x00, 0x00, 0x00, 0x00, 0x00,
	0x00, 0x00, 0x00, 0x00, 0x00, 0x00, 0x00, 0x00, 0x00, 0x00, 0x00, 0x00,
	0x00, 0x00, 0x00, 0x00, 0x00, 0x00, 0x00, 0x00, 0x00, 0x00, 0x00, 0x00,
	0x00, 0x00, 0x00, 0x00, 0x00, 0x00, 0x00, 0x00, 0x00, 0x00, 0x00, 0x00,
	0x00, 0x00, 0x00, 0x00, 0x00, 0x00, 0x00, 0x00, 0x00, 0x00, 0x00, 0x00,
	0x00, 0x00, 0x00, 0x00, 0x00, 0x00, 0x00, 0x00, 0x00, 0x00, 0x00, 0x00,
	0x00, 0x00, 0x00, 0x00, 0x00, 0x00, 0x00, 0x00, 0x00, 0x00, 0x00, 0x00,
	0x00, 0x00, 0x00, 0x00, 0x00, 0x00, 0x00, 0x00, 0x00, 0x00, 0x00, 0x00,
	0x00, 0x00, 0x00, 0x00, 0x00, 0x00, 0x00, 0x00, 0x00, 0x00, 0x00, 0x00,
	0x00, 0x00, 0x00, 0x00, 0x00, 0x00, 0x00, 0x00, 0x00, 0x00, 0x00, 0x00,
	0x00, 0x00, 0x00, 0x00, 0x00, 0x00, 0x00, 0x00, 0x00, 0x00, 0x00, 0x00,
	0x00, 0x00, 0x00, 0x00, 0x00, 0x00, 0x00, 0x00, 0x00, 0x00, 0x00, 0x00,
	0x00, 0x00, 0x00, 0x00, 0x00, 0x00, 0x00, 0x00, 0x00, 0x00, 0x00, 0x00,
	0x00, 0x00, 0x00, 0x00, 0x00, 0x00, 0x00, 0x00, 0x00, 0x00, 0x00, 0x00,
	0x00, 0x00, 0x00, 0x00, 0x00, 0x00, 0x00, 0x00, 0x00, 0x00, 0x00, 0x00,
	0x00, 0x00, 0x00, 0x00, 0x00, 0x00, 0x00, 0x00, 0x00, 0x00, 0x00, 0x00,
	0x00, 0x00, 0x00, 0x00, 0x00, 0x00, 0x00, 0x00, 0x00, 0x00, 0x00, 0x00,
	0x00, 0x00, 0x00, 0x00, 0x00, 0x00, 0x00, 0x00, 0x00, 0x00, 0x00, 0x00,
	0x00, 0x00, 0x00, 0x00, 0x00, 0x00, 0x00, 0x00, 0x00, 0x00, 0x00, 0x00,
	0x00, 0x00, 0x00, 0x00, 0x00, 0x00, 0x00, 0x00, 0x00, 0x00, 0x00, 0x00,
	0x00, 0x00, 0x00, 0x00, 0x00, 0x00, 0x00, 0x00, 0x00, 0x00, 0x00, 0x00,
	0x00, 0x00, 0x00, 0x00, 0x00, 0x00, 0x00, 0x00, 0x00, 0x00, 0x00, 0x00,
	0x00, 0x00, 0x00, 0x00, 0x00, 0x00, 0x00, 0x00, 0x00, 0x00, 0x00, 0x00,
	0x00, 0x00, 0x00, 0x00, 0x00, 0x00, 0x00, 0x00, 0x00, 0x00, 0x00, 0x00,
	0x00, 0x00, 0x00, 0x00, 0x00, 0x00, 0x00, 0x00, 0x00, 0x00, 0x00, 0x00,
	0x00, 0x00, 0x00, 0x00, 0x00, 0x00, 0x00, 0x00, 0x00, 0x00, 0x00, 0x00,
	0x00, 0x00, 0x00, 0x00, 0x00, 0x00, 0x00, 0x00, 0x00, 0x00, 0x00, 0x00,
	0x00, 0x00, 0x00, 0x00, 0x00, 0x00, 0x00, 0x00, 0x00, 0x00, 0x00, 0x00,
	0x00, 0x00, 0x00, 0x00, 0x00, 0x00, 0x00, 0x00, 0x00, 0x00, 0x00, 0x00,
	0x00, 0x00, 0x00, 0x00, 0x00, 0x00, 0x00, 0x00, 0x00, 0x00, 0x00, 0x00,
	0x00, 0x00, 0x00, 0x00, 0x00, 0x00, 0x00, 0x00, 0x00, 0x00, 0x00, 0x00,
	0x00, 0x00, 0x00, 0x00, 0x00, 0x00, 0x00, 0x00, 0x00, 0x00, 0x00, 0x00,
	0x00, 0x00, 0x00, 0x00, 0x00, 0x00, 0x00, 0x00, 0x00, 0x00, 0x00, 0x00,
	0x00, 0x00, 0x00, 0x00, 0x00, 0x00, 0x00, 0x00, 0x00, 0x00, 0x00, 0x00,
	0x00, 0x00, 0x00, 0x00, 0x00, 0x00, 0x00, 0x00, 0x00, 0x00, 0x00, 0x00,
	0x00, 0x00, 0x00, 0x00, 0x00, 0x00, 0x00, 0x00, 0x00, 0x00, 0x00, 0x00,
	0x00, 0x00, 0x00, 0x00, 0x00, 0x00, 0x00, 0x00, 0x00, 0x00, 0x00, 0x00,
	0x00, 0x00, 0x00, 0x00, 0x00, 0x00, 0x00, 0x00, 0x00, 0x00, 0x00, 0x00,
	0x00, 0x00, 0x00, 0x00, 0x00, 0x00, 0x00, 0x00, 0x00, 0x00, 0x00, 0x00,
	0x00, 0x00, 0x00, 0x00, 0x00, 0x00, 0x00, 0x00, 0x00, 0x00, 0x00, 0x00,
	0x00, 0x00, 0x00, 0x00, 0x00, 0x00, 0x00, 0x00, 0x00, 0x00, 0x00, 0x00,
	0x00, 0x00, 0x00, 0x00, 0x00, 0x00, 0x00, 0x00, 0x00, 0x00, 0x00, 0x00,
	0x00, 0x00, 0x00, 0x00, 0x00, 0x00, 0x00, 0x00, 0x00, 0x00, 0x00, 0x00,
	0x00, 0x00, 0x00, 0x00, 0x00, 0x00, 0x00, 0x00, 0x00, 0x00, 0x00, 0x00,
	0x00, 0x00, 0x00, 0x00, 0x00, 0x00, 0x00, 0x00, 0x00, 0x00, 0x00, 0x00,
	0x00, 0x00, 0x00, 0x00, 0x00, 0x00, 0x00, 0x00, 0x00, 0x00, 0x00, 0x00,
	0x00, 0x00, 0x00, 0x00, 0x00, 0x00, 0x00, 0x00, 0x00, 0x00, 0x00, 0x00,
	0x00, 0x00, 0x00, 0x00, 0x00, 0x00, 0x00, 0x00, 0x00, 0x00, 0x00, 0x00,
	0x00, 0x00, 0x00, 0x00, 0x00, 0x00, 0x00, 0x00, 0x00, 0x00, 0x00, 0x00,
	0x00, 0x00, 0x00, 0x00, 0x00, 0x00, 0x00, 0x00, 0x00, 0x00, 0x00, 0x00,
	0x00, 0x00, 0x00, 0x00, 0x00, 0x00, 0x00, 0x00, 0x00, 0x00, 0x00, 0x00,
	0x00, 0x00, 0x00, 0x00, 0x00, 0x00, 0x00, 0x00, 0x00, 0x00, 0x00, 0x00,
	0x00, 0x00, 0x00, 0x00, 0x00, 0x00, 0x00, 0x00, 0x00, 0x00, 0x00, 0x00,
	0x00, 0x00, 0x00, 0x00, 0x00, 0x00, 0x00, 0x00, 0x00, 0x00, 0x00, 0x00,
	0x00, 0x00, 0x00, 0x00, 0x00, 0x00, 0x00, 0x00, 0x00, 0x00, 0x00, 0x00,
	0x00, 0x00, 0x00, 0x00, 0x00, 0x00, 0x00, 0x00, 0x00, 0x00, 0x00, 0x00,
	0x00, 0x00, 0x00, 0x00, 0x00, 0x00, 0x00, 0x00, 0x00, 0x00, 0x00, 0x00,
	0x00, 0x00, 0x00, 0x00, 0x00, 0x00, 0x00, 0x00, 0x00, 0x00, 0x00, 0x00,
	0x00, 0x00, 0x00, 0x00, 0x00, 0x00, 0x00, 0x00, 0x00, 0x00, 0x00, 0x00,
	0x00, 0x00, 0x00, 0x00, 0x00, 0x00, 0x00, 0x00, 0x00, 0x00, 0x00, 0x00,
	0x00, 0x00, 0x00, 0x00, 0x00, 0x00, 0x00, 0x00, 0x00, 0x00, 0x00, 0x00,
	0x00, 0x00, 0x00, 0x00, 0x00, 0x00, 0x00, 0x00, 0x00, 0x00, 0x00, 0x00,
	0x00, 0x00, 0x00, 0x00, 0x00, 0x00, 0x00, 0x00, 0x00, 0x00, 0x00, 0x00,
	0x00, 0x00, 0x00, 0x00, 0x00, 0x00, 0x00, 0x00, 0x00, 0x00, 0x00, 0x00,
	0x00, 0x00, 0x00, 0x00, 0x00, 0x00, 0x00, 0x00, 0x00, 0x00, 0x00, 0x00,
	0x00, 0x00, 0x00, 0x00, 0x00, 0x00, 0x00, 0x00, 0x00, 0x00, 0x00, 0x00,
	0x00, 0x00, 0x00, 0x00, 0x00, 0x00, 0x00, 0x00, 0x00, 0x00, 0x00, 0x00,
	0x00, 0x00, 0x00, 0x00, 0x00, 0x00, 0x00, 0x00, 0x00, 0x00, 0x00, 0x00,
	0x00, 0x00, 0x00, 0x00, 0x00, 0x00, 0x00, 0x00, 0x00, 0x00, 0x00, 0x00,
	0x00, 0x00, 0x00, 0x00, 0x00, 0x00, 0x00, 0x00, 0x00, 0x00, 0x00, 0x00,
	0x00, 0x00, 0x00, 0x00, 0x00, 0x00, 0x00, 0x00, 0x00, 0x00, 0x00, 0x00,
	0x00, 0x00, 0x00, 0x00, 0x00, 0x00, 0x00, 0x00, 0x00, 0x00, 0x00, 0x00,
	0x00, 0x00, 0x00, 0x00, 0x00, 0x00, 0x00, 0x00, 0x00, 0x00, 0x00, 0x00,
	0x00, 0x00, 0x00, 0x00, 0x00, 0x00, 0x00, 0x00, 0x00, 0x00, 0x00, 0x00,
	0x00, 0x00, 0x00, 0x00, 0x00, 0x00, 0x00, 0x00, 0x00, 0x00, 0x00, 0x00,
	0x00, 0x00, 0x00, 0x00, 0x00, 0x00, 0x00, 0x00, 0x00, 0x00, 0x00, 0x00,
	0x00, 0x00, 0x00, 0x00, 0x00, 0x00, 0x00, 0x00, 0x00, 0x00, 0x00, 0x00,
	0x00, 0x00, 0x00, 0x00, 0x00, 0x00, 0x00, 0x00, 0x00, 0x00, 0x00, 0x00,
	0x00, 0x00, 0x00, 0x00, 0x00, 0x00, 0x00, 0x00, 0x00, 0x00, 0x00, 0x00,
	0x00, 0x00, 0x00, 0x00, 0x00, 0x00, 0x00, 0x00, 0x00, 0x00, 0x00, 0x00,
	0x00, 0x00, 0x00, 0x00, 0x00, 0x00, 0x00, 0x00, 0x00, 0x00, 0x00, 0x00,
	0x00, 0x00, 0x00, 0x00, 0x00, 0x00, 0x00, 0x00, 0x00, 0x00, 0x00, 0x00,
	0x00, 0x00, 0x00, 0x00, 0x00, 0x00, 0x00, 0x00, 0x00, 0x00, 0x00, 0x00,
	0x00, 0x00, 0x00, 0x00, 0x00, 0x00, 0x00, 0x00, 0x00, 0x00, 0x00, 0x00,
	0x00, 0x00, 0x00, 0x00, 0x00, 0x00, 0x00, 0x00, 0x00, 0x00, 0x00, 0x00,
	0x00, 0x00, 0x00, 0x00, 0x00, 0x00, 0x00, 0x00, 0x00, 0x00, 0x00, 0x00,
	0x00, 0x00, 0x00, 0x00, 0x00, 0x00, 0x00, 0x00, 0x00, 0x00, 0x00, 0x00,
	0x00, 0x00, 0x00, 0x00, 0x00, 0x00, 0x00, 0x00, 0x00, 0x00, 0x00, 0x00,
	0x00, 0x00, 0x00, 0x00, 0x00, 0x00, 0x00, 0x00, 0x00, 0x00, 0x00, 0x00,
	0x00, 0x00, 0x00, 0x00, 0x00, 0x00, 0x00, 0x00, 0x00, 0x00, 0x00, 0x00,
	0x00, 0x00, 0x00, 0x00, 0x00, 0x00, 0x00, 0x00, 0x00, 0x00, 0x00, 0x00,
	0x00, 0x00, 0x00, 0x00, 0x00, 0x00, 0x00, 0x00, 0x00, 0x00, 0x00, 0x00,
	0x00, 0x00, 0x00, 0x00, 0x00, 0x00, 0x00, 0x00, 0x00, 0x00, 0x00, 0x00,
	0x00, 0x00, 0x00, 0x00, 0x00, 0x00, 0x00, 0x00, 0x00, 0x00, 0x00, 0x00,
	0x00, 0x00, 0x00, 0x00, 0x00, 0x00, 0x00, 0x00, 0x00, 0x00, 0x00, 0x00,
	0x00, 0x00, 0x00, 0x00, 0x00, 0x00, 0x00, 0x00, 0x00, 0x00, 0x00, 0x00,
	0x00, 0x00, 0x00, 0x00, 0x00, 0x00, 0x00, 0x00, 0x00, 0x00, 0x00, 0x00,
	0x00, 0x00, 0x00, 0x00, 0x00, 0x00, 0x00, 0x00, 0x00, 0x00, 0x00, 0x00,
	0x00, 0x00, 0x00, 0x00, 0x00, 0x00, 0x00, 0x00, 0x00, 0x00, 0x00, 0x00,
	0x00, 0x00, 0x00, 0x00, 0x00, 0x00, 0x00, 0x00, 0x00, 0x00, 0x00, 0x00,
	0x00, 0x00, 0x00, 0x00, 0x00, 0x00, 0x00, 0x00, 0x00, 0x00, 0x00, 0x00,
	0x00, 0x00, 0x00, 0x00, 0x00, 0x00, 0x00, 0x00, 0x00, 0x00, 0x00, 0x00,
	0x00, 0x00, 0x00, 0x00, 0x00, 0x00, 0x00, 0x00, 0x00, 0x00, 0x00, 0x00,
	0x00, 0x00, 0x00, 0x00, 0x00, 0x00, 0x00, 0x00, 0x00, 0x00, 0x00, 0x00,
	0x00, 0x00, 0x00, 0x00, 0x00, 0x00, 0x00, 0x00, 0x00, 0x00, 0x00, 0x00,
	0x00, 0x00, 0x00, 0x00, 0x00, 0x00, 0x00, 0x00, 0x00, 0x00, 0x00, 0x00,
	0x00, 0x00, 0x00, 0x00, 0x00, 0x00, 0x00, 0x00, 0x00, 0x00, 0x00, 0x00,
	0x00, 0x00, 0x00, 0x00, 0x00, 0x00, 0x00, 0x00, 0x00, 0x00, 0x00, 0x00,
	0x00, 0x00, 0x00, 0x00, 0x00, 0x00, 0x00, 0x00, 0x00, 0x00, 0x00, 0x00,
	0x00, 0x00, 0x00, 0x00, 0x00, 0x00, 0x00, 0x00, 0x00, 0x00, 0x00, 0x00,
	0x00, 0x00, 0x00, 0x00, 0x00, 0x00, 0x00, 0x00, 0x00, 0x00, 0x00, 0x00,
	0x00, 0x00, 0x00, 0x00, 0x00, 0x00, 0x00, 0x00, 0x00, 0x00, 0x00, 0x00,
	0x00, 0x00, 0x00, 0x00, 0x00, 0x00, 0x00, 0x00, 0x00, 0x00, 0x00, 0x00,
	0x00, 0x00, 0x00, 0x00, 0x00, 0x00, 0x00, 0x00, 0x00, 0x00, 0x00, 0x00,
	0x00, 0x00, 0x00, 0x00, 0x00, 0x00, 0x00, 0x00, 0x00, 0x00, 0x00, 0x00,
	0x00, 0x00, 0x00, 0x00, 0x00, 0x00, 0x00, 0x00, 0x00, 0x00, 0x00, 0x00,
	0x00, 0x00, 0x00, 0x00, 0x00, 0x00, 0x00, 0x00, 0x00, 0x00, 0x00, 0x00,
	0x00, 0x00, 0x00, 0x00, 0x00, 0x00, 0x00, 0x00, 0x00, 0x00, 0x00, 0x00,
	0x00, 0x00, 0x00, 0x00, 0x00, 0x00, 0x00, 0x00, 0x00, 0x00, 0x00, 0x00,
	0x00, 0x00, 0x00, 0x00, 0x00, 0x00, 0x00, 0x00, 0x00, 0x00, 0x00, 0x00,
	0x00, 0x00, 0x00, 0x00, 0x00, 0x00, 0x00, 0x00, 0x00, 0x00, 0x00, 0x00,
	0x00, 0x00, 0x00, 0x00, 0x00, 0x00, 0x00, 0x00, 0x00, 0x00, 0x00, 0x00,
	0x00, 0x00, 0x00, 0x00, 0x00, 0x00, 0x00, 0x00, 0x00, 0x00, 0x00, 0x00,
	0x00, 0x00, 0x00, 0x00, 0x00, 0x00, 0x00, 0x00, 0x00, 0x00, 0x00, 0x00,
	0x00, 0x00, 0x00, 0x00, 0x00, 0x00, 0x00, 0x00, 0x00, 0x00, 0x00, 0x00,
	0x00, 0x00, 0x00, 0x00, 0x00, 0x00, 0x00, 0x00, 0x00, 0x00, 0x00, 0x00,
	0x00, 0x00, 0x00, 0x00, 0x00, 0x00, 0x00, 0x00, 0x00, 0x00, 0x00, 0x00,
	0x00, 0x00, 0x00, 0x00, 0x00, 0x00, 0x00, 0x00, 0x00, 0x00, 0x00, 0x00,
	0x00, 0x00, 0x00, 0x00, 0x00, 0x00, 0x00, 0x00, 0x00, 0x00, 0x00, 0x00,
	0x00, 0x00, 0x00, 0x00, 0x00, 0x00, 0x00, 0x00, 0x00, 0x00, 0x00, 0x00,
	0x00, 0x00, 0x00, 0x00, 0x00, 0x00, 0x00, 0x00, 0x00, 0x00, 0x00, 0x00,
	0x00, 0x00, 0x00, 0x00, 0x00, 0x00, 0x00, 0x00, 0x00, 0x00, 0x00, 0x00,
	0x00, 0x00, 0x00, 0x00, 0x00, 0x00, 0x00, 0x00, 0x00, 0x00, 0x00, 0x00,
	0x00, 0x00, 0x00, 0x00, 0x00, 0x00, 0x00, 0x00, 0x00, 0x00, 0x00, 0x00,
	0x00, 0x00, 0x00, 0x00, 0x00, 0x00, 0x00, 0x00, 0x00, 0x00, 0x00, 0x00,
	0x00, 0x00, 0x00, 0x00, 0x00, 0x00, 0x00, 0x00, 0x00, 0x00, 0x00, 0x00,
	0x00, 0x00, 0x00, 0x00, 0x00, 0x00, 0x00, 0x00, 0x00, 0x00, 0x00, 0x00,
	0x00, 0x00, 0x00, 0x00, 0x00, 0x00, 0x00, 0x00, 0x00, 0x00, 0x00, 0x00,
	0x00, 0x00, 0x00, 0x00, 0x00, 0x00, 0x00, 0x00, 0x00, 0x00, 0x00, 0x00,
	0x00, 0x00, 0x00, 0x00, 0x00, 0x00, 0x00, 0x00, 0x00, 0x00, 0x00, 0x00,
	0x00, 0x00, 0x00, 0x00, 0x00, 0x00, 0x00, 0x00, 0x00, 0x00, 0x00, 0x00,
	0x00, 0x00, 0x00, 0x00, 0x00, 0x00, 0x00, 0x00, 0x00, 0x00, 0x00, 0x00,
	0x00, 0x00, 0x00, 0x00, 0x00, 0x00, 0x00, 0x00, 0x00, 0x00, 0x00, 0x00,
	0x00, 0x00, 0x00, 0x00, 0x00, 0x00, 0x00, 0x00, 0x00, 0x00, 0x00, 0x00,
	0x00, 0x00, 0x00, 0x00, 0x00, 0x00, 0x00, 0x00, 0x00, 0x00, 0x00, 0x00,
	0x00, 0x00, 0x00, 0x00, 0x00, 0x00, 0x00, 0x00, 0x00, 0x00, 0x00, 0x00,
	0x00, 0x00, 0x00, 0x00, 0x00, 0x00, 0x00, 0x00, 0x00, 0x00, 0x00, 0x00,
	0x00, 0x00, 0x00, 0x00, 0x00, 0x00, 0x00, 0x00, 0x00, 0x00, 0x00, 0x00,
	0x00, 0x00, 0x00, 0x00, 0x00, 0x00, 0x00, 0x00, 0x00, 0x00, 0x00, 0x00,
	0x00, 0x00, 0x00, 0x00, 0x00, 0x00, 0x00, 0x00, 0x00, 0x00, 0x00, 0x00,
	0x00, 0x00, 0x00, 0x00, 0x00, 0x00, 0x00, 0x00, 0x00, 0x00, 0x00, 0x00,
	0x00, 0x00, 0x00, 0x00, 0x00, 0x00, 0x00, 0x00, 0x00, 0x00, 0x00, 0x00,
	0x00, 0x00, 0x00, 0x00, 0x00, 0x00, 0x00, 0x00, 0x00, 0x00, 0x00, 0x00,
	0x00, 0x00, 0x00, 0x00, 0x00, 0x00, 0x00, 0x00, 0x00, 0x00, 0x00, 0x00,
	0x00, 0x00, 0x00, 0x00, 0x00, 0x00, 0x00, 0x00, 0x00, 0x00, 0x00, 0x00,
	0x00, 0x00, 0x00, 0x00, 0x00, 0x00, 0x00, 0x00, 0x00, 0x00, 0x00, 0x00,
	0x00, 0x00, 0x00, 0x00, 0x00, 0x00, 0x00, 0x00, 0x00, 0x00, 0x00, 0x00,
	0x00, 0x00, 0x00, 0x00, 0x00, 0x00, 0x00, 0x00, 0x00, 0x00, 0x00, 0x00,
	0x00, 0x00, 0x00, 0x00, 0x00, 0x00, 0x00, 0x00, 0x00, 0x00, 0x00, 0x00,
	0x00, 0x00, 0x00, 0x00, 0x00, 0x00, 0x00, 0x00, 0x00, 0x00, 0x00, 0x00,
	0x00, 0x00, 0x00, 0x00, 0x00, 0x00, 0x00, 0x00, 0x00, 0x00, 0x00, 0x00,
	0x00, 0x00, 0x00, 0x00, 0x00, 0x00, 0x00, 0x00, 0x00, 0x00, 0x00, 0x00,
	0x00, 0x00, 0x00, 0x00, 0x00, 0x00, 0x00, 0x00, 0x00, 0x00, 0x00, 0x00,
	0x00, 0x00, 0x00, 0x00, 0x00, 0x00, 0x00, 0x00, 0x00, 0x00, 0x00, 0x00,
	0x00, 0x00, 0x00, 0x00, 0x00, 0x00, 0x00, 0x00, 0x00, 0x00, 0x00, 0x00,
	0x00, 0x00, 0x00, 0x00, 0x00, 0x00, 0x00, 0x00, 0x00, 0x00, 0x00, 0x00,
	0x00, 0x00, 0x00, 0x00, 0x00, 0x00, 0x00, 0x00, 0x00, 0x00, 0x00, 0x00,
	0x00, 0x00, 0x00, 0x00, 0x00, 0x00, 0x00, 0x00, 0x00, 0x00, 0x00, 0x00,
	0x00, 0x00, 0x00, 0x00, 0x00, 0x00, 0x00, 0x00, 0x00, 0x00, 0x00, 0x00,
	0x00, 0x00, 0x00, 0x00, 0x00, 0x00, 0x00, 0x00, 0x00, 0x00, 0x00, 0x00,
	0x00, 0x00, 0x00, 0x00, 0x00, 0x00, 0x00, 0x00, 0x00, 0x00, 0x00, 0x00,
	0x00, 0x00, 0x00, 0x00, 0x00, 0x00, 0x00, 0x00, 0x00, 0x00, 0x00, 0x00,
	0x00, 0x00, 0x00, 0x00, 0x00, 0x00, 0x00, 0x00, 0x00, 0x00, 0x00, 0x00,
	0x00, 0x00, 0x00, 0x00, 0x00, 0x00, 0x00, 0x00, 0x00, 0x00, 0x00, 0x00,
	0x00, 0x00, 0x00, 0x00, 0x00, 0x00, 0x00, 0x00, 0x00, 0x00, 0x00, 0x00,
	0x00, 0x00, 0x00, 0x00, 0x00, 0x00, 0x00, 0x00, 0x00, 0x00, 0x00, 0x00,
	0x00, 0x00, 0x00, 0x00, 0x00, 0x00, 0x00, 0x00, 0x00, 0x00, 0x00, 0x00,
	0x00, 0x00, 0x00, 0x00, 0x00, 0x00, 0x00, 0x00, 0x00, 0x00, 0x00, 0x00,
	0x00, 0x00, 0x00, 0x00, 0x00, 0x00, 0x00, 0x00, 0x00, 0x00, 0x00, 0x00,
	0x00, 0x00, 0x00, 0x00, 0x00, 0x00, 0x00, 0x00, 0x00, 0x00, 0x00, 0x00,
	0x00, 0x00, 0x00, 0x00, 0x00, 0x00, 0x00, 0x00, 0x00, 0x00, 0x00, 0x00,
	0x00, 0x00, 0x00, 0x00, 0x00, 0x00, 0x00, 0x00, 0x00, 0x00, 0x00, 0x00,
	0x00, 0x00, 0x00, 0x00, 0x00, 0x00, 0x00, 0x00, 0x00, 0x00, 0x00, 0x00,
	0x00, 0x00, 0x00, 0x00, 0x00, 0x00, 0x00, 0x00, 0x00, 0x00, 0x00, 0x00,
	0x00, 0x00, 0x00, 0x00, 0x00, 0x00, 0x00, 0x00, 0x00, 0x00, 0x00, 0x00,
	0x00, 0x00, 0x00, 0x00, 0x00, 0x00, 0x00, 0x00, 0x00, 0x00, 0x00, 0x00,
	0x00, 0x00, 0x00, 0x00, 0x00, 0x00, 0x00, 0x00, 0x00, 0x00, 0x00, 0x00,
	0x00, 0x00, 0x00, 0x00, 0x00, 0x00, 0x00, 0x00, 0x00, 0x00, 0x00, 0x00,
	0x00, 0x00, 0x00, 0x00, 0x00, 0x00, 0x00, 0x00, 0x00, 0x00, 0x00, 0x00,
	0x00, 0x00, 0x00, 0x00, 0x00, 0x00, 0x00, 0x00, 0x00, 0x00, 0x00, 0x00,
	0x00, 0x00, 0x00, 0x00, 0x00, 0x00, 0x00, 0x00, 0x00, 0x00, 0x00, 0x00,
	0x00, 0x00, 0x00, 0x00, 0x00, 0x00, 0x00, 0x00, 0x00, 0x00, 0x00, 0x00,
	0x00, 0x00, 0x00, 0x00, 0x00, 0x00, 0x00, 0x00, 0x00, 0x00, 0x00, 0x00,
	0x00, 0x00, 0x00, 0x00, 0x00, 0x00, 0x00, 0x00, 0x00, 0x00, 0x00, 0x00,
	0x00, 0x00, 0x00, 0x00, 0x00, 0x00, 0x00, 0x00, 0x00, 0x00, 0x00, 0x00,
	0x00, 0x00, 0x00, 0x00, 0x00, 0x00, 0x00, 0x00, 0x00, 0x00, 0x00, 0x00,
	0x00, 0x00, 0x00, 0x00, 0x00, 0x00, 0x00, 0x00, 0x00, 0x00, 0x00, 0x00,
	0x00, 0x00, 0x00, 0x00, 0x00, 0x00, 0x00, 0x00, 0x00, 0x00, 0x00, 0x00,
	0x00, 0x00, 0x00, 0x00, 0x00, 0x00, 0x00, 0x00, 0x00, 0x00, 0x00, 0x00,
	0x00, 0x00, 0x00, 0x00, 0x00, 0x00, 0x00, 0x00, 0x00, 0x00, 0x00, 0x00,
	0x00, 0x00, 0x00, 0x00, 0x00, 0x00, 0x00, 0x00, 0x00, 0x00, 0x00, 0x00,
	0x00, 0x00, 0x00, 0x00, 0x00, 0x00, 0x00, 0x00, 0x00, 0x00, 0x00, 0x00,
	0x00, 0x00, 0x00, 0x00, 0x00, 0x00, 0x00, 0x00, 0x00, 0x00, 0x00, 0x00,
	0x00, 0x00, 0x00, 0x00, 0x00, 0x00, 0x00, 0x00, 0x00, 0x00, 0x00, 0x00,
	0x00, 0x00, 0x00, 0x00, 0x00, 0x00, 0x00, 0x00, 0x00, 0x00, 0x00, 0x00,
	0x00, 0x00, 0x00, 0x00, 0x00, 0x00, 0x00, 0x00, 0x00, 0x00, 0x00, 0x00,
	0x00, 0x00, 0x00, 0x00, 0x00, 0x00, 0x00, 0x00, 0x00, 0x00, 0x00, 0x00,
	0x00, 0x00, 0x00, 0x00, 0x00, 0x00, 0x00, 0x00, 0x00, 0x00, 0x00, 0x00,
	0x00, 0x00, 0x00, 0x00, 0x00, 0x00, 0x00, 0x00, 0x00, 0x00, 0x00, 0x00,
	0x00, 0x00, 0x00, 0x00, 0x00, 0x00, 0x00, 0x00, 0x00, 0x00, 0x00, 0x00,
	0x00, 0x00, 0x00, 0x00, 0x00, 0x00, 0x00, 0x00, 0x00, 0x00, 0x00, 0x00,
	0x00, 0x00, 0x00, 0x00, 0x00, 0x00, 0x00, 0x00, 0x00, 0x00, 0x00, 0x00,
	0x00, 0x00, 0x00, 0x00, 0x00, 0x00, 0x00, 0x00, 0x00, 0x00, 0x00, 0x00,
	0x00, 0x00, 0x00, 0x00, 0x00, 0x00, 0x00, 0x00, 0x00, 0x00, 0x00, 0x00,
	0x00, 0x00, 0x00, 0x00, 0x00, 0x00, 0x00, 0x00, 0x00, 0x00, 0x00, 0x00,
	0x00, 0x00, 0x00, 0x00, 0x00, 0x00, 0x00, 0x00, 0x00, 0x00, 0x00, 0x00,
	0x00, 0x00, 0x00, 0x00, 0x00, 0x00, 0x00, 0x00, 0x00, 0x00, 0x00, 0x00,
	0x00, 0x00, 0x00, 0x00, 0x00, 0x00, 0x00, 0x00, 0x00, 0x00, 0x00, 0x00,
	0x00, 0x00, 0x00, 0x00, 0x00, 0x00, 0x00, 0x00, 0x00, 0x00, 0x00, 0x00,
	0x00, 0x00, 0x00, 0x00, 0x00, 0x00, 0x00, 0x00, 0x00, 0x00, 0x00, 0x00,
	0x00, 0x00, 0x00, 0x00, 0x00, 0x00, 0x00, 0x00, 0x00, 0x00, 0x00, 0x00,
	0x00, 0x00, 0x00, 0x00, 0x00, 0x00, 0x00, 0x00, 0x00, 0x00, 0x00, 0x00,
	0x00, 0x00, 0x00, 0x00, 0x00, 0x00, 0x00, 0x00, 0x00, 0x00, 0x00, 0x00,
	0x00, 0x00, 0x00, 0x00, 0x00, 0x00, 0x00, 0x00, 0x00, 0x00, 0x00, 0x00,
	0x00, 0x00, 0x00, 0x00, 0x00, 0x00, 0x00, 0x00, 0x00, 0x00, 0x00, 0x00,
	0x00, 0x00, 0x00, 0x00, 0x00, 0x00, 0x00, 0x00, 0x00, 0x00, 0x00, 0x00,
	0x00, 0x00, 0x00, 0x00, 0x00, 0x00, 0x00, 0x00, 0x00, 0x00, 0x00, 0x00,
	0x00, 0x00, 0x00, 0x00, 0x00, 0x00, 0x00, 0x00, 0x00, 0x00, 0x00, 0x00,
	0x00, 0x00, 0x00, 0x00, 0x00, 0x00, 0x00, 0x00, 0x00, 0x00, 0x00, 0x00,
	0x00, 0x00, 0x00, 0x00, 0x00, 0x00, 0x00, 0x00, 0x00, 0x00, 0x00, 0x00,
	0x00, 0x00, 0x00, 0x00, 0x00, 0x00, 0x00, 0x00, 0x00, 0x00, 0x00, 0x00,
	0x00, 0x00, 0x00, 0x00, 0x00, 0x00, 0x00, 0x00, 0x00, 0x00, 0x00, 0x00,
	0x00, 0x00, 0x00, 0x00, 0x00, 0x00, 0x00, 0x00, 0x00, 0x00, 0x00, 0x00,
	0x00, 0x00, 0x00, 0x00, 0x00, 0x00, 0x00, 0x00, 0x00, 0x00, 0x00, 0x00,
	0x00, 0x00, 0x00, 0x00, 0x00, 0x00, 0x00, 0x00, 0x00, 0x00, 0x00, 0x00,
	0x00, 0x00, 0x00, 0x00, 0x00, 0x00, 0x00, 0x00, 0x00, 0x00, 0x00, 0x00,
	0x00, 0x00, 0x00, 0x00, 0x00, 0x00, 0x00, 0x00, 0x00, 0x00, 0x00, 0x00,
	0x00, 0x00, 0x00, 0x00, 0x00, 0x00, 0x00, 0x00, 0x00, 0x00, 0x00, 0x00,
	0x00, 0x00, 0x00, 0x00, 0x00, 0x00, 0x00, 0x00, 0x00, 0x00, 0x00, 0x00,
	0x00, 0x00, 0x00, 0x00, 0x00, 0x00, 0x00, 0x00, 0x00, 0x00, 0x00, 0x00,
	0x00, 0x00, 0x00, 0x00, 0x00, 0x00, 0x00, 0x00, 0x00, 0x00, 0x00, 0x00,
	0x00, 0x00, 0x00, 0x00, 0x00, 0x00, 0x00, 0x00, 0x00, 0x00, 0x00, 0x00,
	0x00, 0x00, 0x00, 0x00, 0x00, 0x00, 0x00, 0x00, 0x00, 0x00, 0x00, 0x00,
	0x00, 0x00, 0x00, 0x00, 0x00, 0x00, 0x00, 0x00, 0x00, 0x00, 0x00, 0x00,
	0x00, 0x00, 0x00, 0x00, 0x00, 0x00, 0x00, 0x00, 0x00, 0x00, 0x00, 0x00,
	0x00, 0x00, 0x00, 0x00, 0x00, 0x00, 0x00, 0x00, 0x00, 0x00, 0x00, 0x00,
	0x00, 0x00, 0x00, 0x00, 0x00, 0x00, 0x00, 0x00, 0x00, 0x00, 0x00, 0x00,
	0x00, 0x00, 0x00, 0x00, 0x00, 0x00, 0x00, 0x00, 0x00, 0x00, 0x00, 0x00,
	0x00, 0x00, 0x00, 0x00, 0x00, 0x00, 0x00, 0x00, 0x00, 0x00, 0x00, 0x00,
	0x00, 0x00, 0x00, 0x00, 0x00, 0x00, 0x00, 0x00, 0x00, 0x00, 0x00, 0x00,
	0x00, 0x00, 0x00, 0x00, 0x00, 0x00, 0x00, 0x00, 0x00, 0x00, 0x00, 0x00,
	0x00, 0x00, 0x00, 0x00, 0x00, 0x00, 0x00, 0x00, 0x00, 0x00, 0x00, 0x00,
	0x00, 0x00, 0x00, 0x00, 0x00, 0x00, 0x00, 0x00, 0x00, 0x00, 0x00, 0x00,
	0x00, 0x00, 0x00, 0x00, 0x00, 0x00, 0x00, 0x00, 0x00, 0x00, 0x00, 0x00,
	0x00, 0x00, 0x00, 0x00, 0x00, 0x00, 0x00, 0x00, 0x00, 0x00, 0x00, 0x00,
	0x00, 0x00, 0x00, 0x00, 0x00, 0x00, 0x00, 0x00, 0x00, 0x00, 0x00, 0x00,
	0x00, 0x00, 0x00, 0x00, 0x00, 0x00, 0x00, 0x00, 0x00, 0x00, 0x00, 0x00,
	0x00, 0x00, 0x00, 0x00, 0x00, 0x00, 0x00, 0x00, 0x00, 0x00, 0x00, 0x00,
	0x00, 0x00, 0x00, 0x00, 0x00, 0x00, 0x00, 0x00, 0x00, 0x00, 0x00, 0x00,
	0x00, 0x00, 0x00, 0x00, 0x00, 0x00, 0x00, 0x00, 0x00, 0x00, 0x00, 0x00,
	0x00, 0x00, 0x00, 0x00, 0x00, 0x00, 0x00, 0x00, 0x00, 0x00, 0x00, 0x00,
	0x00, 0x00, 0x00, 0x00, 0x00, 0x00, 0x00, 0x00, 0x00, 0x00, 0x00, 0x00,
	0x00, 0x00, 0x00, 0x00, 0x00, 0x00, 0x00, 0x00, 0x00, 0x00, 0x00, 0x00,
	0x00, 0x00, 0x00, 0x00, 0x00, 0x00, 0x00, 0x00, 0x00, 0x00, 0x00, 0x00,
	0x00, 0x00, 0x00, 0x00, 0x00, 0x00, 0x00, 0x00, 0x00, 0x00, 0x00, 0x00,
	0x00, 0x00, 0x00, 0x00, 0x00, 0x00, 0x00, 0x00, 0x00, 0x00, 0x00, 0x00,
	0x00, 0x00, 0x00, 0x00, 0x00, 0x00, 0x00, 0x00, 0x00, 0x00, 0x00, 0x00,
	0x00, 0x00, 0x00, 0x00, 0x00, 0x00, 0x00, 0x00, 0x00, 0x00, 0x00, 0x00,
	0x00, 0x00, 0x00, 0x00, 0x00, 0x00, 0x00, 0x00, 0x00, 0x00, 0x00, 0x00,
	0x00, 0x00, 0x00, 0x00, 0x00, 0x00, 0x00, 0x00, 0x00, 0x00, 0x00, 0x00,
	0x00, 0x00, 0x00, 0x00, 0x00, 0x00, 0x00, 0x00, 0x00, 0x00, 0x00, 0x00,
	0x00, 0x00, 0x00, 0x00, 0x00, 0x00, 0x00, 0x00, 0x00, 0x00, 0x00, 0x00,
	0x00, 0x00, 0x00, 0x00, 0x00, 0x00, 0x00, 0x00, 0x00, 0x00, 0x00, 0x00,
	0x00, 0x00, 0x00, 0x00, 0x00, 0x00, 0x00, 0x00, 0x00, 0x00, 0x00, 0x00,
	0x00, 0x00, 0x00, 0x00, 0x00, 0x00, 0x00, 0x00, 0x00, 0x00, 0x00, 0x00,
	0x00, 0x00, 0x00, 0x00, 0x00, 0x00, 0x00, 0x00, 0x00, 0x00, 0x00, 0x00,
	0x00, 0x00, 0x00, 0x00, 0x00, 0x00, 0x00, 0x00, 0x00, 0x00, 0x00, 0x00,
	0x00, 0x00, 0x00, 0x00, 0x00, 0x00, 0x00, 0x00, 0x00, 0x00, 0x00, 0x00,
	0x00, 0x00, 0x00, 0x00, 0x00, 0x00, 0x00, 0x00, 0x00, 0x00, 0x00, 0x00,
	0x00, 0x00, 0x00, 0x00, 0x00, 0x00, 0x00, 0x00, 0x00, 0x00, 0x00, 0x00,
	0x00, 0x00, 0x00, 0x00, 0x00, 0x00, 0x00, 0x00, 0x00, 0x00, 0x00, 0x00,
	0x00, 0x00, 0x00, 0x00, 0x00, 0x00, 0x00, 0x00, 0x00, 0x00, 0x00, 0x00,
	0x00, 0x00, 0x00, 0x00, 0x00, 0x00, 0x00, 0x00, 0x00, 0x00, 0x00, 0x00,
	0x00, 0x00, 0x00, 0x00, 0x00, 0x00, 0x00, 0x00, 0x00, 0x00, 0x00, 0x00,
	0x00, 0x00, 0x00, 0x00, 0x00, 0x00, 0x00, 0x00, 0x00, 0x00, 0x00, 0x00,
	0x00, 0x00, 0x00, 0x00, 0x00, 0x00, 0x00, 0x00, 0x00, 0x00, 0x00, 0x00,
	0x00, 0x00, 0x00, 0x00, 0x00, 0x00, 0x00, 0x00, 0x00, 0x00, 0x00, 0x00,
	0x00, 0x00, 0x00, 0x00, 0x00, 0x00, 0x00, 0x00, 0x00, 0x00, 0x00, 0x00,
	0x00, 0x00, 0x00, 0x00, 0x00, 0x00, 0x00, 0x00, 0x00, 0x00, 0x00, 0x00,
	0x00, 0x00, 0x00, 0x00, 0x00, 0x00, 0x00, 0x00, 0x00, 0x00, 0x00, 0x00,
	0x00, 0x00, 0x00, 0x00, 0x00, 0x00, 0x00, 0x00, 0x00, 0x00, 0x00, 0x00,
	0x00, 0x00, 0x00, 0x00, 0x00, 0x00, 0x00, 0x00, 0x00, 0x00, 0x00, 0x00,
	0x00, 0x00, 0x00, 0x00, 0x00, 0x00, 0x00, 0x00, 0x00, 0x00, 0x00, 0x00,
	0x00, 0x00, 0x00, 0x00, 0x00, 0x00, 0x00, 0x00, 0x00, 0x00, 0x00, 0x00,
	0x00, 0x00, 0x00, 0x00, 0x00, 0x00, 0x00, 0x00, 0x00, 0x00, 0x00, 0x00,
	0x00, 0x00, 0x00, 0x00, 0x00, 0x00, 0x00, 0x00, 0x00, 0x00, 0x00, 0x00,
	0x00, 0x00, 0x00, 0x00, 0x00, 0x00, 0x00, 0x00, 0x00, 0x00, 0x00, 0x00,
	0x00, 0x00, 0x00, 0x00, 0x00, 0x00, 0x00, 0x00, 0x00, 0x00, 0x00, 0x00,
	0x00, 0x00, 0x00, 0x00, 0x00, 0x00, 0x00, 0x00, 0x00, 0x00, 0x00, 0x00,
	0x00, 0x00, 0x00, 0x00, 0x00, 0x00, 0x00, 0x00, 0x00, 0x00, 0x00, 0x00,
	0x00, 0x00, 0x00, 0x00, 0x00, 0x00, 0x00, 0x00, 0x00, 0x00, 0x00, 0x00,
	0x00, 0x00, 0x00, 0x00, 0x00, 0x00, 0x00, 0x00, 0x00, 0x00, 0x00, 0x00,
	0x00, 0x00, 0x00, 0x00, 0x00, 0x00, 0x00, 0x00, 0x00, 0x00, 0x00, 0x00,
	0x00, 0x00, 0x00, 0x00, 0x00, 0x00, 0x00, 0x00, 0x00, 0x00, 0x00, 0x00,
	0x00, 0x00, 0x00, 0x00, 0x00, 0x00, 0x00, 0x00, 0x00, 0x00, 0x00, 0x00,
	0x00, 0x00, 0x00, 0x00, 0x00, 0x00, 0x00, 0x00, 0x00, 0x00, 0x00, 0x00,
	0x00, 0x00, 0x00, 0x00, 0x00, 0x00, 0x00, 0x00, 0x00, 0x00, 0x00, 0x00,
	0x00, 0x00, 0x00, 0x00, 0x00, 0x00, 0x00, 0x00, 0x00, 0x00, 0x00, 0x00,
	0x00, 0x00, 0x00, 0x00, 0x00, 0x00, 0x00, 0x00, 0x00, 0x00, 0x00, 0x00,
	0x00, 0x00, 0x00, 0x00, 0x00, 0x00, 0x00, 0x00, 0x00, 0x00, 0x00, 0x00,
	0x00, 0x00, 0x00, 0x00, 0x00, 0x00, 0x00, 0x00, 0x00, 0x00, 0x00, 0x00,
	0x00, 0x00, 0x00, 0x00, 0x00, 0x00, 0x00, 0x00, 0x00, 0x00, 0x00, 0x00,
	0x00, 0x00, 0x00, 0x00, 0x00, 0x00, 0x00, 0x00, 0x00, 0x00, 0x00, 0x00,
	0x00, 0x00, 0x00, 0x00, 0x00, 0x00, 0x00, 0x00, 0x00, 0x00, 0x00, 0x00,
	0x00, 0x00, 0x00, 0x00, 0x00, 0x00, 0x00, 0x00, 0x00, 0x00, 0x00, 0x00,
	0x00, 0x00, 0x00, 0x00, 0x00, 0x00, 0x00, 0x00, 0x00, 0x00, 0x00, 0x00,
	0x00, 0x00, 0x00, 0x00, 0x00, 0x00, 0x00, 0x00, 0x00, 0x00, 0x00, 0x00,
	0x00, 0x00, 0x00, 0x00, 0x00, 0x00, 0x00, 0x00, 0x00, 0x00, 0x00, 0x00,
	0x00, 0x00, 0x00, 0x00, 0x00, 0x00, 0x00, 0x00, 0x00, 0x00, 0x00, 0x00,
	0x00, 0x00, 0x00, 0x00, 0x00, 0x00, 0x00, 0x00, 0x00, 0x00, 0x00, 0x00,
	0x00, 0x00, 0x00, 0x00, 0x00, 0x00, 0x00, 0x00, 0x00, 0x00, 0x00, 0x00,
	0x00, 0x00, 0x00, 0x00, 0x00, 0x00, 0x00, 0x00, 0x00, 0x00, 0x00, 0x00,
	0x00, 0x00, 0x00, 0x00, 0x00, 0x00, 0x00, 0x00, 0x00, 0x00, 0x00, 0x00,
	0x00, 0x00, 0x00, 0x00, 0x00, 0x00, 0x00, 0x00, 0x00, 0x00, 0x00, 0x00,
	0x00, 0x00, 0x00, 0x00, 0x00, 0x00, 0x00, 0x00, 0x00, 0x00, 0x00, 0x00,
	0x00, 0x00, 0x00, 0x00, 0x00, 0x00, 0x00, 0x00, 0x00, 0x00, 0x00, 0x00,
	0x00, 0x00, 0x00, 0x00, 0x00, 0x00, 0x00, 0x00, 0x00, 0x00, 0x00, 0x00,
	0x00, 0x00, 0x00, 0x00, 0x00, 0x00, 0x00, 0x00, 0x00, 0x00, 0x00, 0x00,
	0x00, 0x00, 0x00, 0x00, 0x00, 0x00, 0x00, 0x00, 0x00, 0x00, 0x00, 0x00,
	0x00, 0x00, 0x00, 0x00, 0x00, 0x00, 0x00, 0x00, 0x00, 0x00, 0x00, 0x00,
	0x00, 0x00, 0x00, 0x00, 0x00, 0x00, 0x00, 0x00, 0x00, 0x00, 0x00, 0x00,
	0x00, 0x00, 0x00, 0x00, 0x00, 0x00, 0x00, 0x00, 0x00, 0x00, 0x00, 0x00,
	0x00, 0x00, 0x00, 0x00, 0x00, 0x00, 0x00, 0x00, 0x00, 0x00, 0x00, 0x00,
	0x00, 0x00, 0x00, 0x00, 0x00, 0x00, 0x00, 0x00, 0x00, 0x00, 0x00, 0x00,
	0x00, 0x00, 0x00, 0x00, 0x00, 0x00, 0x00, 0x00, 0x00, 0x00, 0x00, 0x00,
	0x00, 0x00, 0x00, 0x00, 0x00, 0x00, 0x00, 0x00, 0x00, 0x00, 0x00, 0x00,
	0x00, 0x00, 0x00, 0x00, 0x00, 0x00, 0x00, 0x00, 0x00, 0x00, 0x00, 0x00,
	0x00, 0x00, 0x00, 0x00, 0x00, 0x00, 0x00, 0x00, 0x00, 0x00, 0x00, 0x00,
	0x00, 0x00, 0x00, 0x00, 0x00, 0x00, 0x00, 0x00, 0x00, 0x00, 0x00, 0x00,
	0x00, 0x00, 0x00, 0x00, 0x00, 0x00, 0x00, 0x00, 0x00, 0x00, 0x00, 0x00,
	0x00, 0x00, 0x00, 0x00, 0x00, 0x00, 0x00, 0x00, 0x00, 0x00, 0x00, 0x00,
	0x00, 0x00, 0x00, 0x00, 0x00, 0x00, 0x00, 0x00, 0x00, 0x00, 0x00, 0x00,
	0x00, 0x00, 0x00, 0x00, 0x00, 0x00, 0x00, 0x00, 0x00, 0x00, 0x00, 0x00,
	0x00, 0x00, 0x00, 0x00, 0x00, 0x00, 0x00, 0x00, 0x00, 0x00, 0x00, 0x00,
	0x00, 0x00, 0x00, 0x00, 0x00, 0x00, 0x00, 0x00, 0x00, 0x00, 0x00, 0x00,
	0x00, 0x00, 0x00, 0x00, 0x00, 0x00, 0x00, 0x00, 0x00, 0x00, 0x00, 0x00,
	0x00, 0x00, 0x00, 0x00, 0x00, 0x00, 0x00, 0x00, 0x00, 0x00, 0x00, 0x00,
	0x00, 0x00, 0x00, 0x00, 0x00, 0x00, 0x00, 0x00, 0x00, 0x00, 0x00, 0x00,
	0x00, 0x00, 0x00, 0x00, 0x00, 0x00, 0x00, 0x00, 0x00, 0x00, 0x00, 0x00,
	0x00, 0x00, 0x00, 0x00, 0x00, 0x00, 0x00, 0x00, 0x00, 0x00, 0x00, 0x00,
	0x00, 0x00, 0x00, 0x00, 0x00, 0x00, 0x00, 0x00, 0x00, 0x00, 0x00, 0x00,
	0x00, 0x00, 0x00, 0x00, 0x00, 0x00, 0x00, 0x00, 0x00, 0x00, 0x00, 0x00,
	0x00, 0x00, 0x00, 0x00, 0x00, 0x00, 0x00, 0x00, 0x00, 0x00, 0x00, 0x00,
	0x00, 0x00, 0x00, 0x00, 0x00, 0x00, 0x00, 0x00, 0x00, 0x00, 0x00, 0x00,
	0x00, 0x00, 0x00, 0x00, 0x00, 0x00, 0x00, 0x00, 0x00, 0x00, 0x00, 0x00,
	0x00, 0x00, 0x00, 0x00, 0x00, 0x00, 0x00, 0x00, 0x00, 0x00, 0x00, 0x00,
	0x00, 0x00, 0x00, 0x00, 0x00, 0x00, 0x00, 0x00, 0x00, 0x00, 0x00, 0x00,
	0x00, 0x00, 0x00, 0x00, 0x00, 0x00, 0x00, 0x00, 0x00, 0x00, 0x00, 0x00,
	0x00, 0x00, 0x00, 0x00, 0x00, 0x00, 0x00, 0x00, 0x00, 0x00, 0x00, 0x00,
	0x00, 0x00, 0x00, 0x00, 0x00, 0x00, 0x00, 0x00, 0x00, 0x00, 0x00, 0x00,
	0x00, 0x00, 0x00, 0x00, 0x00, 0x00, 0x00, 0x00, 0x00, 0x00, 0x00, 0x00,
	0x00, 0x00, 0x00, 0x00, 0x00, 0x00, 0x00, 0x00, 0x00, 0x00, 0x00, 0x00,
	0x00, 0x00, 0x00, 0x00, 0x00, 0x00, 0x00, 0x00, 0x00, 0x00, 0x00, 0x00,
	0x00, 0x00, 0x00, 0x00, 0x00, 0x00, 0x00, 0x00, 0x00, 0x00, 0x00, 0x00,
	0x00, 0x00, 0x00, 0x00, 0x00, 0x00, 0x00, 0x00, 0x00, 0x00, 0x00, 0x00,
	0x00, 0x00, 0x00, 0x00, 0x00, 0x00, 0x00, 0x00, 0x00, 0x00, 0x00, 0x00,
	0x00, 0x00, 0x00, 0x00, 0x00, 0x00, 0x00, 0x00, 0x00, 0x00, 0x00, 0x00,
	0x00, 0x00, 0x00, 0x00, 0x00, 0x00, 0x00, 0x00, 0x00, 0x00, 0x00, 0x00,
	0x00, 0x00, 0x00, 0x00, 0x00, 0x00, 0x00, 0x00, 0x00, 0x00, 0x00, 0x00,
	0x00, 0x00, 0x00, 0x00, 0x00, 0x00, 0x00, 0x00, 0x00, 0x00, 0x00, 0x00,
	0x00, 0x00, 0x00, 0x00, 0x00, 0x00, 0x00, 0x00, 0x00, 0x00, 0x00, 0x00,
	0x00, 0x00, 0x00, 0x00, 0x00, 0x00, 0x00, 0x00, 0x00, 0x00, 0x00, 0x00,
	0x00, 0x00, 0x00, 0x00, 0x00, 0x00, 0x00, 0x00, 0x00, 0x00, 0x00, 0x00,
	0x00, 0x00, 0x00, 0x00, 0x00, 0x00, 0x00, 0x00, 0x00, 0x00, 0x00, 0x00,
	0x00, 0x00, 0x00, 0x00, 0x00, 0x00, 0x00, 0x00, 0x00, 0x00, 0x00, 0x00,
	0x00, 0x00, 0x00, 0x00, 0x00, 0x00, 0x00, 0x00, 0x00, 0x00, 0x00, 0x00,
	0x00, 0x00, 0x00, 0x00, 0x00, 0x00, 0x00, 0x00, 0x00, 0x00, 0x00, 0x00,
	0x00, 0x00, 0x00, 0x00, 0x00, 0x00, 0x00, 0x00, 0x00, 0x00, 0x00, 0x00,
	0x00, 0x00, 0x00, 0x00, 0x00, 0x00, 0x00, 0x00, 0x00, 0x00, 0x00, 0x00,
	0x00, 0x00, 0x00, 0x00, 0x00, 0x00, 0x00, 0x00, 0x00, 0x00, 0x00, 0x00,
	0x00, 0x00, 0x00, 0x00, 0x00, 0x00, 0x00, 0x00, 0x00, 0x00, 0x00, 0x00,
	0x00, 0x00, 0x00, 0x00, 0x00, 0x00, 0x00, 0x00, 0x00, 0x00, 0x00, 0x00,
	0x00, 0x00, 0x00, 0x00, 0x00, 0x00, 0x00, 0x00, 0x00, 0x00, 0x00, 0x00,
	0x00, 0x00, 0x00, 0x00, 0x00, 0x00, 0x00, 0x00, 0x00, 0x00, 0x00, 0x00,
	0x00, 0x00, 0x00, 0x00, 0x00, 0x00, 0x00, 0x00, 0x00, 0x00, 0x00, 0x00,
	0x00, 0x00, 0x00, 0x00, 0x00, 0x00, 0x00, 0x00, 0x00, 0x00, 0x00, 0x00,
	0x00, 0x00, 0x00, 0x00, 0x00, 0x00, 0x00, 0x00, 0x00, 0x00, 0x00, 0x00,
	0x00, 0x00, 0x00, 0x00, 0x00, 0x00, 0x00, 0x00, 0x00, 0x00, 0x00, 0x00,
	0x00, 0x00, 0x00, 0x00, 0x00, 0x00, 0x00, 0x00, 0x00, 0x00, 0x00, 0x00,
	0x00, 0x00, 0x00, 0x00, 0x00, 0x00, 0x00, 0x00, 0x00, 0x00, 0x00, 0x00,
	0x00, 0x00, 0x00, 0x00, 0x00, 0x00, 0x00, 0x00, 0x00, 0x00, 0x00, 0x00,
	0x00, 0x00, 0x00, 0x00, 0x00, 0x00, 0x00, 0x00, 0x00, 0x00, 0x00, 0x00,
	0x00, 0x00, 0x00, 0x00, 0x00, 0x00, 0x00, 0x00, 0x00, 0x00, 0x00, 0x00,
	0x00, 0x00, 0x00, 0x00, 0x00, 0x00, 0x00, 0x00, 0x00, 0x00, 0x00, 0x00,
	0x00, 0x00, 0x00, 0x00, 0x00, 0x00, 0x00, 0x00, 0x00, 0x00, 0x00, 0x00,
	0x00, 0x00, 0x00, 0x00, 0x00, 0x00, 0x00, 0x00, 0x00, 0x00, 0x00, 0x00,
	0x00, 0x00, 0x00, 0x00, 0x00, 0x00, 0x00, 0x00, 0x00, 0x00, 0x00, 0x00,
	0x00, 0x00, 0x00, 0x00, 0x00, 0x00, 0x00, 0x00, 0x00, 0x00, 0x00, 0x00,
	0x00, 0x00, 0x00, 0x00, 0x00, 0x00, 0x00, 0x00, 0x00, 0x00, 0x00, 0x00,
	0x00, 0x00, 0x00, 0x00, 0x00, 0x00, 0x00, 0x00, 0x00, 0x00, 0x00, 0x00,
	0x00, 0x00, 0x00, 0x00, 0x00, 0x00, 0x00, 0x00, 0x00, 0x00, 0x00, 0x00,
	0x00, 0x00, 0x00, 0x00, 0x00, 0x00, 0x00, 0x00, 0x00, 0x00, 0x00, 0x00,
	0x00, 0x00, 0x00, 0x00, 0x00, 0x00, 0x00, 0x00, 0x00, 0x00, 0x00, 0x00,
	0x00, 0x00, 0x00, 0x00, 0x00, 0x00, 0x00, 0x00, 0x00, 0x00, 0x00, 0x00,
	0x00, 0x00, 0x00, 0x00, 0x00, 0x00, 0x00, 0x00, 0x00, 0x00, 0x00, 0x00,
	0x00, 0x00, 0x00, 0x00, 0x00, 0x00, 0x00, 0x00, 0x00, 0x00, 0x00, 0x00,
	0x00, 0x00, 0x00, 0x00, 0x00, 0x00, 0x00, 0x00, 0x00, 0x00, 0x00, 0x00,
	0x00, 0x00, 0x00, 0x00, 0x00, 0x00, 0x00, 0x00, 0x00, 0x00, 0x00, 0x00,
	0x00, 0x00, 0x00, 0x00, 0x00, 0x00, 0x00, 0x00, 0x00, 0x00, 0x00, 0x00,
	0x00, 0x00, 0x00, 0x00, 0x00, 0x00, 0x00, 0x00, 0x00, 0x00, 0x00, 0x00,
	0x00, 0x00, 0x00, 0x00, 0x00, 0x00, 0x00, 0x00, 0x00, 0x00, 0x00, 0x00,
	0x00, 0x00, 0x00, 0x00, 0x00, 0x00, 0x00, 0x00, 0x00, 0x00, 0x00, 0x00,
	0x00, 0x00, 0x00, 0x00, 0x00, 0x00, 0x00, 0x00, 0x00, 0x00, 0x00, 0x00,
	0x00, 0x00, 0x00, 0x00, 0x00, 0x00, 0x00, 0x00, 0x00, 0x00, 0x00, 0x00,
	0x00, 0x00, 0x00, 0x00, 0x00, 0x00, 0x00, 0x00, 0x00, 0x00, 0x00, 0x00,
	0x00, 0x00, 0x00, 0x00, 0x00, 0x00, 0x00, 0x00, 0x00, 0x00, 0x00, 0x00,
	0x00, 0x00, 0x00, 0x00, 0x00, 0x00, 0x00, 0x00, 0x00, 0x00, 0x00, 0x00,
	0x00, 0x00, 0x00, 0x00, 0x00, 0x00, 0x00, 0x00, 0x00, 0x00, 0x00, 0x00,
	0x00, 0x00, 0x00, 0x00, 0x00, 0x00, 0x00, 0x00, 0x00, 0x00, 0x00, 0x00,
	0x00, 0x00, 0x00, 0x00, 0x00, 0x00, 0x00, 0x00, 0x00, 0x00, 0x00, 0x00,
	0x00, 0x00, 0x00, 0x00, 0x00, 0x00, 0x00, 0x00, 0x00, 0x00, 0x00, 0x00,
	0x00, 0x00, 0x00, 0x00, 0x00, 0x00, 0x00, 0x00, 0x00, 0x00, 0x00, 0x00,
	0x00, 0x00, 0x00, 0x00, 0x00, 0x00, 0x00, 0x00, 0x00, 0x00, 0x00, 0x00,
	0x00, 0x00, 0x00, 0x00, 0x00, 0x00, 0x00, 0x00, 0x00, 0x00, 0x00, 0x00,
	0x00, 0x00, 0x00, 0x00, 0x00, 0x00, 0x00, 0x00, 0x00, 0x00, 0x00, 0x00,
	0x00, 0x00, 0x00, 0x00, 0x00, 0x00, 0x00, 0x00, 0x00, 0x00, 0x00, 0x00,
	0x00, 0x00, 0x00, 0x00, 0x00, 0x00, 0x00, 0x00, 0x00, 0x00, 0x00, 0x00,
	0x00, 0x00, 0x00, 0x00, 0x00, 0x00, 0x00, 0x00, 0x00, 0x00, 0x00, 0x00,
	0x00, 0x00, 0x00, 0x00, 0x00, 0x00, 0x00, 0x00, 0x00, 0x00, 0x00, 0x00,
	0x00, 0x00, 0x00, 0x00, 0x00, 0x00, 0x00, 0x00, 0x00, 0x00, 0x00, 0x00,
	0x00, 0x00, 0x00, 0x00, 0x00, 0x00, 0x00, 0x00, 0x00, 0x00, 0x00, 0x00,
	0x00, 0x00, 0x00, 0x00, 0x00, 0x00, 0x00, 0x00, 0x00, 0x00, 0x00, 0x00,
	0x00, 0x00, 0x00, 0x00, 0x00, 0x00, 0x00, 0x00, 0x00, 0x00, 0x00, 0x00,
	0x00, 0x00, 0x00, 0x00, 0x00, 0x00, 0x00, 0x00, 0x00, 0x00, 0x00, 0x00,
	0x00, 0x00, 0x00, 0x00, 0x00, 0x00, 0x00, 0x00, 0x00, 0x00, 0x00, 0x00,
	0x00, 0x00, 0x00, 0x00, 0x00, 0x00, 0x00, 0x00, 0x00, 0x00, 0x00, 0x00,
	0x00, 0x00, 0x00, 0x00, 0x00, 0x00, 0x00, 0x00, 0x00, 0x00, 0x00, 0x00,
	0x00, 0x00, 0x00, 0x00, 0x00, 0x00, 0x00, 0x00, 0x00, 0x00, 0x00, 0x00,
	0x00, 0x00, 0x00, 0x00, 0x00, 0x00, 0x00, 0x00, 0x00, 0x00, 0x00, 0x00,
	0x00, 0x00, 0x00, 0x00, 0x00, 0x00, 0x00, 0x00, 0x00, 0x00, 0x00, 0x00,
	0x00, 0x00, 0x00, 0x00, 0x00, 0x00, 0x00, 0x00, 0x00, 0x00, 0x00, 0x00,
	0x00, 0x00, 0x00, 0x00, 0x00, 0x00, 0x00, 0x00, 0x00, 0x00, 0x00, 0x00,
	0x00, 0x00, 0x00, 0x00, 0x00, 0x00, 0x00, 0x00, 0x00, 0x00, 0x00, 0x00,
	0x00, 0x00, 0x00, 0x00, 0x00, 0x00, 0x00, 0x00, 0x00, 0x00, 0x00, 0x00,
	0x00, 0x00, 0x00, 0x00, 0x00, 0x00, 0x00, 0x00, 0x00, 0x00, 0x00, 0x00,
	0x00, 0x00, 0x00, 0x00, 0x00, 0x00, 0x00, 0x00, 0x00, 0x00, 0x00, 0x00,
	0x00, 0x00, 0x00, 0x00, 0x00, 0x00, 0x00, 0x00, 0x00, 0x00, 0x00, 0x00,
	0x00, 0x00, 0x00, 0x00, 0x00, 0x00, 0x00, 0x00, 0x00, 0x00, 0x00, 0x00,
	0x00, 0x00, 0x00, 0x00, 0x00, 0x00, 0x00, 0x00, 0x00, 0x00, 0x00, 0x00,
	0x00, 0x00, 0x00, 0x00, 0x00, 0x00, 0x00, 0x00, 0x00, 0x00, 0x00, 0x00,
	0x00, 0x00, 0x00, 0x00, 0x00, 0x00, 0x00, 0x00, 0x00, 0x00, 0x00, 0x00,
	0x00, 0x00, 0x00, 0x00, 0x00, 0x00, 0x00, 0x00, 0x00, 0x00, 0x00, 0x00,
	0x00, 0x00, 0x00, 0x00, 0x00, 0x00, 0x00, 0x00, 0x00, 0x00, 0x00, 0x00,
	0x00, 0x00, 0x00, 0x00, 0x00, 0x00, 0x00, 0x00, 0x00, 0x00, 0x00, 0x00,
	0x00, 0x00, 0x00, 0x00, 0x00, 0x00, 0x00, 0x00, 0x00, 0x00, 0x00, 0x00,
	0x00, 0x00, 0x00, 0x00, 0x00, 0x00, 0x00, 0x00, 0x00, 0x00, 0x00, 0x00,
	0x00, 0x00, 0x00, 0x00, 0x00, 0x00, 0x00, 0x00, 0x00, 0x00, 0x00, 0x00,
	0x00, 0x00, 0x00, 0x00, 0x00, 0x00, 0x00, 0x00, 0x00, 0x00, 0x00, 0x00,
	0x00, 0x00, 0x00, 0x00, 0x00, 0x00, 0x00, 0x00, 0x00, 0x00, 0x00, 0x00,
	0x00, 0x00, 0x00, 0x00, 0x00, 0x00, 0x00, 0x00, 0x00, 0x00, 0x00, 0x00,
	0x00, 0x00, 0x00, 0x00, 0x00, 0x00, 0x00, 0x00, 0x00, 0x00, 0x00, 0x00,
	0x00, 0x00, 0x00, 0x00, 0x00, 0x00, 0x00, 0x00, 0x00, 0x00, 0x00, 0x00,
	0x00, 0x00, 0x00, 0x00, 0x00, 0x00, 0x00, 0x00, 0x00, 0x00, 0x00, 0x00,
	0x00, 0x00, 0x00, 0x00, 0x00, 0x00, 0x00, 0x00, 0x00, 0x00, 0x00, 0x00,
	0x00, 0x00, 0x00, 0x00, 0x00, 0x00, 0x00, 0x00, 0x00, 0x00, 0x00, 0x00,
	0x00, 0x00, 0x00, 0x00, 0x00, 0x00, 0x00, 0x00, 0x00, 0x00, 0x00, 0x00,
	0x00, 0x00, 0x00, 0x00, 0x00, 0x00, 0x00, 0x00, 0x00, 0x00, 0x00, 0x00,
	0x00, 0x00, 0x00, 0x00, 0x00, 0x00, 0x00, 0x00, 0x00, 0x00, 0x00, 0x00,
	0x00, 0x00, 0x00, 0x00, 0x00, 0x00, 0x00, 0x00, 0x00, 0x00, 0x00, 0x00,
	0x00, 0x00, 0x00, 0x00, 0x00, 0x00, 0x00, 0x00, 0x00, 0x00, 0x00, 0x00,
	0x00, 0x00, 0x00, 0x00, 0x00, 0x00, 0x00, 0x00, 0x00, 0x00, 0x00, 0x00,
	0x00, 0x00, 0x00, 0x00, 0x00, 0x00, 0x00, 0x00, 0x00, 0x00, 0x00, 0x00,
	0x00, 0x00, 0x00, 0x00, 0x00, 0x00, 0x00, 0x00, 0x00, 0x00, 0x00, 0x00,
	0x00, 0x00, 0x00, 0x00, 0x00, 0x00, 0x00, 0x00, 0x00, 0x00, 0x00, 0x00,
	0x00, 0x00, 0x00, 0x00, 0x00, 0x00, 0x00, 0x00, 0x00, 0x00, 0x00, 0x00,
	0x00, 0x00, 0x00, 0x00, 0x00, 0x00, 0x00, 0x00, 0x00, 0x00, 0x00, 0x00,
	0x00, 0x00, 0x00, 0x00, 0x00, 0x00, 0x00, 0x00, 0x00, 0x00, 0x00, 0x00,
	0x00, 0x00, 0x00, 0x00, 0x00, 0x00, 0x00, 0x00, 0x00, 0x00, 0x00, 0x00,
	0x00, 0x00, 0x00, 0x00, 0x00, 0x00, 0x00, 0x00, 0x00, 0x00, 0x00, 0x00,
	0x00, 0x00, 0x00, 0x00, 0x00, 0x00, 0x00, 0x00, 0x00, 0x00, 0x00, 0x00,
	0x00, 0x00, 0x00, 0x00, 0x00, 0x00, 0x00, 0x00, 0x00, 0x00, 0x00, 0x00,
	0x00, 0x00, 0x00, 0x00, 0x00, 0x00, 0x00, 0x00, 0x00, 0x00, 0x00, 0x00,
	0x00, 0x00, 0x00, 0x00, 0x00, 0x00, 0x00, 0x00, 0x00, 0x00, 0x00, 0x00,
	0x00, 0x00, 0x00, 0x00, 0x00, 0x00, 0x00, 0x00, 0x00, 0x00, 0x00, 0x00,
	0x00, 0x00, 0x00, 0x00, 0x00, 0x00, 0x00, 0x00, 0x00, 0x00, 0x00, 0x00,
	0x00, 0x00, 0x00, 0x00, 0x00, 0x00, 0x00, 0x00, 0x00, 0x00, 0x00, 0x00,
	0x00, 0x00, 0x00, 0x00, 0x00, 0x00, 0x00, 0x00, 0x00, 0x00, 0x00, 0x00,
	0x00, 0x00, 0x00, 0x00, 0x00, 0x00, 0x00, 0x00, 0x00, 0x00, 0x00, 0x00,
	0x00, 0x00, 0x00, 0x00, 0x00, 0x00, 0x00, 0x00, 0x00, 0x00, 0x00, 0x00,
	0x00, 0x00, 0x00, 0x00, 0x00, 0x00, 0x00, 0x00, 0x00, 0x00, 0x00, 0x00,
	0x00, 0x00, 0x00, 0x00, 0x00, 0x00, 0x00, 0x00, 0x00, 0x00, 0x00, 0x00,
	0x00, 0x00, 0x00, 0x00, 0x00, 0x00, 0x00, 0x00, 0x00, 0x00, 0x00, 0x00,
	0x00, 0x00, 0x00, 0x00, 0x00, 0x00, 0x00, 0x00, 0x00, 0x00, 0x00, 0x00,
	0x00, 0x00, 0x00, 0x00, 0x00, 0x00, 0x00, 0x00, 0x00, 0x00, 0x00, 0x00,
	0x00, 0x00, 0x00, 0x00, 0x00, 0x00, 0x00, 0x00, 0x00, 0x00, 0x00, 0x00,
	0x00, 0x00, 0x00, 0x00, 0x00, 0x00, 0x00, 0x00, 0x00, 0x00, 0x00, 0x00,
	0x00, 0x00, 0x00, 0x00, 0x00, 0x00, 0x00, 0x00, 0x00, 0x00, 0x00, 0x00,
	0x00, 0x00, 0x00, 0x00, 0x00, 0x00, 0x00, 0x00, 0x00, 0x00, 0x00, 0x00,
	0x00, 0x00, 0x00, 0x00, 0x00, 0x00, 0x00, 0x00, 0x00, 0x00, 0x00, 0x00,
	0x00, 0x00, 0x00, 0x00, 0x00, 0x00, 0x00, 0x00, 0x00, 0x00, 0x00, 0x00,
	0x00, 0x00, 0x00, 0x00, 0x00, 0x00, 0x00, 0x00, 0x00, 0x00, 0x00, 0x00,
	0x00, 0x00, 0x00, 0x00, 0x00, 0x00, 0x00, 0x00, 0x00, 0x00, 0x00, 0x00,
	0x00, 0x00, 0x00, 0x00, 0x00, 0x00, 0x00, 0x00, 0x00, 0x00, 0x00, 0x00,
	0x00, 0x00, 0x00, 0x00, 0x00, 0x00, 0x00, 0x00, 0x00, 0x00, 0x00, 0x00,
	0x00, 0x00, 0x00, 0x00, 0x00, 0x00, 0x00, 0x00, 0x00, 0x00, 0x00, 0x00,
	0x00, 0x00, 0x00, 0x00, 0x00, 0x00, 0x00, 0x00, 0x00, 0x00, 0x00, 0x00,
	0x00, 0x00, 0x00, 0x00, 0x00, 0x00, 0x00, 0x00, 0x00, 0x00, 0x00, 0x00,
	0x00, 0x00, 0x00, 0x00, 0x00, 0x00, 0x00, 0x00, 0x00, 0x00, 0x00, 0x00,
	0x00, 0x00, 0x00, 0x00, 0x00, 0x00, 0x00, 0x00, 0x00, 0x00, 0x00, 0x00,
	0x00, 0x00, 0x00, 0x00, 0x00, 0x00, 0x00, 0x00, 0x00, 0x00, 0x00, 0x00,
	0x00, 0x00, 0x00, 0x00, 0x00, 0x00, 0x00, 0x00, 0x00, 0x00, 0x00, 0x00,
	0x00, 0x00, 0x00, 0x00, 0x00, 0x00, 0x00, 0x00, 0x00, 0x00, 0x00, 0x00,
	0x00, 0x00, 0x00, 0x00, 0x00, 0x00, 0x00, 0x00, 0x00, 0x00, 0x00, 0x00,
	0x00, 0x00, 0x00, 0x00, 0x00, 0x00, 0x00, 0x00, 0x00, 0x00, 0x00, 0x00,
	0x00, 0x00, 0x00, 0x00, 0x00, 0x00, 0x00, 0x00, 0x00, 0x00, 0x00, 0x00,
	0x00, 0x00, 0x00, 0x00, 0x00, 0x00, 0x00, 0x00, 0x00, 0x00, 0x00, 0x00,
	0x00, 0x00, 0x00, 0x00, 0x00, 0x00, 0x00, 0x00, 0x00, 0x00, 0x00, 0x00,
	0x00, 0x00, 0x00, 0x00, 0x00, 0x00, 0x00, 0x00, 0x00, 0x00, 0x00, 0x00,
	0x00, 0x00, 0x00, 0x00, 0x00, 0x00, 0x00, 0x00, 0x00, 0x00, 0x00, 0x00,
	0x00, 0x00, 0x00, 0x00, 0x00, 0x00, 0x00, 0x00, 0x00, 0x00, 0x00, 0x00,
	0x00, 0x00, 0x00, 0x00, 0x00, 0x00, 0x00, 0x00, 0x00, 0x00, 0x00, 0x00,
	0x00, 0x00, 0x00, 0x00, 0x00, 0x00, 0x00, 0x00, 0x00, 0x00, 0x00, 0x00,
	0x00, 0x00, 0x00, 0x00, 0x00, 0x00, 0x00, 0x00, 0x00, 0x00, 0x00, 0x00,
	0x00, 0x00, 0x00, 0x00, 0x00, 0x00, 0x00, 0x00, 0x00, 0x00, 0x00, 0x00,
	0x00, 0x00, 0x00, 0x00, 0x00, 0x00, 0x00, 0x00, 0x00, 0x00, 0x00, 0x00,
	0x00, 0x00, 0x00, 0x00, 0x00, 0x00, 0x00, 0x00, 0x00, 0x00, 0x00, 0x00,
	0x00, 0x00, 0x00, 0x00, 0x00, 0x00, 0x00, 0x00, 0x00, 0x00, 0x00, 0x00,
	0x00, 0x00, 0x00, 0x00, 0x00, 0x00, 0x00, 0x00, 0x00, 0x00, 0x00, 0x00,
	0x00, 0x00, 0x00, 0x00, 0x00, 0x00, 0x00, 0x00, 0x00, 0x00, 0x00, 0x00,
	0x00, 0x00, 0x00, 0x00, 0x00, 0x00, 0x00, 0x00, 0x00, 0x00, 0x00, 0x00,
	0x00, 0x00, 0x00, 0x00, 0x00, 0x00, 0x00, 0x00, 0x00, 0x00, 0x00, 0x00,
	0x00, 0x00, 0x00, 0x00, 0x00, 0x00, 0x00, 0x00, 0x00, 0x00, 0x00, 0x00,
	0x00, 0x00, 0x00, 0x00, 0x00, 0x00, 0x00, 0x00, 0x00, 0x00, 0x00, 0x00,
	0x00, 0x00, 0x00, 0x00, 0x00, 0x00, 0x00, 0x00, 0x00, 0x00, 0x00, 0x00,
	0x00, 0x00, 0x00, 0x00, 0x00, 0x00, 0x00, 0x00, 0x00, 0x00, 0x00, 0x00,
	0x00, 0x00, 0x00, 0x00, 0x00, 0x00, 0x00, 0x00, 0x00, 0x00, 0x00, 0x00,
	0x00, 0x00, 0x00, 0x00, 0x00, 0x00, 0x00, 0x00, 0x00, 0x00, 0x00, 0x00,
	0x00, 0x00, 0x00, 0x00, 0x00, 0x00, 0x00, 0x00, 0x00, 0x00, 0x00, 0x00,
	0x00, 0x00, 0x00, 0x00, 0x00, 0x00, 0x00, 0x00, 0x00, 0x00, 0x00, 0x00,
	0x00, 0x00, 0x00, 0x00, 0x00, 0x00, 0x00, 0x00, 0x00, 0x00, 0x00, 0x00,
	0x00, 0x00, 0x00, 0x00, 0x00, 0x00, 0x00, 0x00, 0x00, 0x00, 0x00, 0x00,
	0x00, 0x00, 0x00, 0x00, 0x00, 0x00, 0x00, 0x00, 0x00, 0x00, 0x00, 0x00,
	0x00, 0x00, 0x00, 0x00, 0x00, 0x00, 0x00, 0x00, 0x00, 0x00, 0x00, 0x00,
	0x00, 0x00, 0x00, 0x00, 0x00, 0x00, 0x00, 0x00, 0x00, 0x00, 0x00, 0x00,
	0x00, 0x00, 0x00, 0x00, 0x00, 0x00, 0x00, 0x00, 0x00, 0x00, 0x00, 0x00,
	0x00, 0x00, 0x00, 0x00, 0x00, 0x00, 0x00, 0x00, 0x00, 0x00, 0x00, 0x00,
	0x00, 0x00, 0x00, 0x00, 0x00, 0x00, 0x00, 0x00, 0x00, 0x00, 0x00, 0x00,
	0x00, 0x00, 0x00, 0x00, 0x00, 0x00, 0x00, 0x00, 0x00, 0x00, 0x00, 0x00,
	0x00, 0x00, 0x00, 0x00, 0x00, 0x00, 0x00, 0x00, 0x00, 0x00, 0x00, 0x00,
	0x00, 0x00, 0x00, 0x00, 0x00, 0x00, 0x00, 0x00, 0x00, 0x00, 0x00, 0x00,
	0x00, 0x00, 0x00, 0x00, 0x00, 0x00, 0x00, 0x00, 0x00, 0x00, 0x00, 0x00,
	0x00, 0x00, 0x00, 0x00, 0x00, 0x00, 0x00, 0x00, 0x00, 0x00, 0x00, 0x00,
	0x00, 0x00, 0x00, 0x00, 0x00, 0x00, 0x00, 0x00, 0x00, 0x00, 0x00, 0x00,
	0x00, 0x00, 0x00, 0x00, 0x00, 0x00, 0x00, 0x00, 0x00, 0x00, 0x00, 0x00,
	0x00, 0x00, 0x00, 0x00, 0x00, 0x00, 0x00, 0x00, 0x00, 0x00, 0x00, 0x00,
	0x00, 0x00, 0x00, 0x00, 0x00, 0x00, 0x00, 0x00, 0x00, 0x00, 0x00, 0x00,
	0x00, 0x00, 0x00, 0x00, 0x00, 0x00, 0x00, 0x00, 0x00, 0x00, 0x00, 0x00,
	0x00, 0x00, 0x00, 0x00, 0x00, 0x00, 0x00, 0x00, 0x00, 0x00, 0x00, 0x00,
	0x00, 0x00, 0x00, 0x00, 0x00, 0x00, 0x00, 0x00, 0x00, 0x00, 0x00, 0x00,
	0x00, 0x00, 0x00, 0x00, 0x00, 0x00, 0x00, 0x00, 0x00, 0x00, 0x00, 0x00,
	0x00, 0x00, 0x00, 0x00, 0x00, 0x00, 0x00, 0x00, 0x00, 0x00, 0x00, 0x00,
	0x00, 0x00, 0x00, 0x00, 0x00, 0x00, 0x00, 0x00, 0x00, 0x00, 0x00, 0x00,
	0x00, 0x00, 0x00, 0x00, 0x00, 0x00, 0x00, 0x00, 0x00, 0x00, 0x00, 0x00,
	0x00, 0x00, 0x00, 0x00, 0x00, 0x00, 0x00, 0x00, 0x00, 0x00, 0x00, 0x00,
	0x00, 0x00, 0x00, 0x00, 0x00, 0x00, 0x00, 0x00, 0x00, 0x00, 0x00, 0x00,
	0x00, 0x00, 0x00, 0x00, 0x00, 0x00, 0x00, 0x00, 0x00, 0x00, 0x00, 0x00,
	0x00, 0x00, 0x00, 0x00, 0x00, 0x00, 0x00, 0x00, 0x00, 0x00, 0x00, 0x00,
	0x00, 0x00, 0x00, 0x00, 0x00, 0x00, 0x00, 0x00, 0x00, 0x00, 0x00, 0x00,
	0x00, 0x00, 0x00, 0x00, 0x00, 0x00, 0x00, 0x00, 0x00, 0x00, 0x00, 0x00,
	0x00, 0x00, 0x00, 0x00, 0x00, 0x00, 0x00, 0x00, 0x00, 0x00, 0x00, 0x00,
	0x00, 0x00, 0x00, 0x00, 0x00, 0x00, 0x00, 0x00, 0x00, 0x00, 0x00, 0x00,
	0x00, 0x00, 0x00, 0x00, 0x00, 0x00, 0x00, 0x00, 0x00, 0x00, 0x00, 0x00,
	0x00, 0x00, 0x00, 0x00, 0x00, 0x00, 0x00, 0x00, 0x00, 0x00, 0x00, 0x00,
	0x00, 0x00, 0x00, 0x00, 0x00, 0x00, 0x00, 0x00, 0x00, 0x00, 0x00, 0x00,
	0x00, 0x00, 0x00, 0x00, 0x00, 0x00, 0x00, 0x00, 0x00, 0x00, 0x00, 0x00,
	0x00, 0x00, 0x00, 0x00, 0x00, 0x00, 0x00, 0x00, 0x00, 0x00, 0x00, 0x00,
	0x00, 0x00, 0x00, 0x00, 0x00, 0x00, 0x00, 0x00, 0x00, 0x00, 0x00, 0x00,
	0x00, 0x00, 0x00, 0x00, 0x00, 0x00, 0x00, 0x00, 0x00, 0x00, 0x00, 0x00,
	0x00, 0x00, 0x00, 0x00, 0x00, 0x00, 0x00, 0x00, 0x00, 0x00, 0x00, 0x00,
	0x00, 0x00, 0x00, 0x00, 0x00, 0x00, 0x00, 0x00, 0x00, 0x00, 0x00, 0x00,
	0x00, 0x00, 0x00, 0x00, 0x00, 0x00, 0x00, 0x00, 0x00, 0x00, 0x00, 0x00,
	0x00, 0x00, 0x00, 0x00, 0x00, 0x00, 0x00, 0x00, 0x00, 0x00, 0x00, 0x00,
	0x00, 0x00, 0x00, 0x00, 0x00, 0x00, 0x00, 0x00, 0x00, 0x00, 0x00, 0x00,
	0x00, 0x00, 0x00, 0x00, 0x00, 0x00, 0x00, 0x00, 0x00, 0x00, 0x00, 0x00,
	0x00, 0x00, 0x00, 0x00, 0x00, 0x00, 0x00, 0x00, 0x00, 0x00, 0x00, 0x00,
	0x00, 0x00, 0x00, 0x00, 0x00, 0x00, 0x00, 0x00, 0x00, 0x00, 0x00, 0x00,
	0x00, 0x00, 0x00, 0x00, 0x00, 0x00, 0x00, 0x00, 0x00, 0x00, 0x00, 0x00,
	0x00, 0x00, 0x00, 0x00, 0x00, 0x00, 0x00, 0x00, 0x00, 0x00, 0x00, 0x00,
	0x00, 0x00, 0x00, 0x00, 0x00, 0x00, 0x00, 0x00, 0x00, 0x00, 0x00, 0x00,
	0x00, 0x00, 0x00, 0x00, 0x00, 0x00, 0x00, 0x00, 0x00, 0x00, 0x00, 0x00,
	0x00, 0x00, 0x00, 0x00, 0x00, 0x00, 0x00, 0x00, 0x00, 0x00, 0x00, 0x00,
	0x00, 0x00, 0x00, 0x00, 0x00, 0x00, 0x00, 0x00, 0x00, 0x00, 0x00, 0x00,
	0x00, 0x00, 0x00, 0x00, 0x00, 0x00, 0x00, 0x00, 0x00, 0x00, 0x00, 0x00,
	0x00, 0x00, 0x00, 0x00, 0x00, 0x00, 0x00, 0x00, 0x00, 0x00, 0x00, 0x00,
	0x00, 0x00, 0x00, 0x00, 0x00, 0x00, 0x00, 0x00, 0x00, 0x00, 0x00, 0x00,
	0x00, 0x00, 0x00, 0x00, 0x00, 0x00, 0x00, 0x00, 0x00, 0x00, 0x00, 0x00,
	0x00, 0x00, 0x00, 0x00, 0x00, 0x00, 0x00, 0x00, 0x00, 0x00, 0x00, 0x00,
	0x00, 0x00, 0x00, 0x00, 0x00, 0x00, 0x00, 0x00, 0x00, 0x00, 0x00, 0x00,
	0x00, 0x00, 0x00, 0x00, 0x00, 0x00, 0x00, 0x00, 0x00, 0x00, 0x00, 0x00,
	0x00, 0x00, 0x00, 0x00, 0x00, 0x00, 0x00, 0x00, 0x00, 0x00, 0x00, 0x00,
	0x00, 0x00, 0x00, 0x00, 0x00, 0x00, 0x00, 0x00, 0x00, 0x00, 0x00, 0x00,
	0x00, 0x00, 0x00, 0x00, 0x00, 0x00, 0x00, 0x00, 0x00, 0x00, 0x00, 0x00,
	0x00, 0x00, 0x00, 0x00, 0x00, 0x00, 0x00, 0x00, 0x00, 0x00, 0x00, 0x00,
	0x00, 0x00, 0x00, 0x00, 0x00, 0x00, 0x00, 0x00, 0x00, 0x00, 0x00, 0x00,
	0x00, 0x00, 0x00, 0x00, 0x00, 0x00, 0x00, 0x00, 0x00, 0x00, 0x00, 0x00,
	0x00, 0x00, 0x00, 0x00, 0x00, 0x00, 0x00, 0x00, 0x00, 0x00, 0x00, 0x00,
	0x00, 0x00, 0x00, 0x00, 0x00, 0x00, 0x00, 0x00, 0x00, 0x00, 0x00, 0x00,
	0x00, 0x00, 0x00, 0x00, 0x00, 0x00, 0x00, 0x00, 0x00, 0x00, 0x00, 0x00,
	0x00, 0x00, 0x00, 0x00, 0x00, 0x00, 0x00, 0x00, 0x00, 0x00, 0x00, 0x00,
	0x00, 0x00, 0x00, 0x00, 0x00, 0x00, 0x00, 0x00, 0x00, 0x00, 0x00, 0x00,
	0x00, 0x00, 0x00, 0x00, 0x00, 0x00, 0x00, 0x00, 0x00, 0x00, 0x00, 0x00,
	0x00, 0x00, 0x00, 0x00, 0x00, 0x00, 0x00, 0x00, 0x00, 0x00, 0x00, 0x00,
	0x00, 0x00, 0x00, 0x00, 0x00, 0x00, 0x00, 0x00, 0x00, 0x00, 0x00, 0x00,
	0x00, 0x00, 0x00, 0x00, 0x00, 0x00, 0x00, 0x00, 0x00, 0x00, 0x00, 0x00,
	0x00, 0x00, 0x00, 0x00, 0x00, 0x00, 0x00, 0x00, 0x00, 0x00, 0x00, 0x00,
	0x00, 0x00, 0x00, 0x00, 0x00, 0x00, 0x00, 0x00, 0x00, 0x00, 0x00, 0x00,
	0x00, 0x00, 0x00, 0x00, 0x00, 0x00, 0x00, 0x00, 0x00, 0x00, 0x00, 0x00,
	0x00, 0x00, 0x00, 0x00, 0x00, 0x00, 0x00, 0x00, 0x00, 0x00, 0x00, 0x00,
	0x00, 0x00, 0x00, 0x00, 0x00, 0x00, 0x00, 0x00, 0x00, 0x00, 0x00, 0x00,
	0x00, 0x00, 0x00, 0x00, 0x00, 0x00, 0x00, 0x00, 0x00, 0x00, 0x00, 0x00,
	0x00, 0x00, 0x00, 0x00, 0x00, 0x00, 0x00, 0x00, 0x00, 0x00, 0x00, 0x00,
	0x00, 0x00, 0x00, 0x00, 0x00, 0x00, 0x00, 0x00, 0x00, 0x00, 0x00, 0x00,
	0x00, 0x00, 0x00, 0x00, 0x00, 0x00, 0x00, 0x00, 0x00, 0x00, 0x00, 0x00,
	0x00, 0x00, 0x00, 0x00, 0x00, 0x00, 0x00, 0x00, 0x00, 0x00, 0x00, 0x00,
	0x00, 0x00, 0x00, 0x00, 0x00, 0x00, 0x00, 0x00, 0x00, 0x00, 0x00, 0x00,
	0x00, 0x00, 0x00, 0x00, 0x00, 0x00, 0x00, 0x00, 0x00, 0x00, 0x00, 0x00,
	0x00, 0x00, 0x00, 0x00, 0x00, 0x00, 0x00, 0x00, 0x00, 0x00, 0x00, 0x00,
	0x00, 0x00, 0x00, 0x00, 0x00, 0x00, 0x00, 0x00, 0x00, 0x00, 0x00, 0x00,
	0x00, 0x00, 0x00, 0x00, 0x00, 0x00, 0x00, 0x00, 0x00, 0x00, 0x00, 0x00,
	0x00, 0x00, 0x00, 0x00, 0x00, 0x00, 0x00, 0x00, 0x00, 0x00, 0x00, 0x00,
	0x00, 0x00, 0x00, 0x00, 0x00, 0x00, 0x00, 0x00, 0x00, 0x00, 0x00, 0x00,
	0x00, 0x00, 0x00, 0x00, 0x00, 0x00, 0x00, 0x00, 0x00, 0x00, 0x00, 0x00,
	0x00, 0x00, 0x00, 0x00, 0x00, 0x00, 0x00, 0x00, 0x00, 0x00, 0x00, 0x00,
	0x00, 0x00, 0x00, 0x00, 0x00, 0x00, 0x00, 0x00, 0x00, 0x00, 0x00, 0x00,
	0x00, 0x00, 0x00, 0x00, 0x00, 0x00, 0x00, 0x00, 0x00, 0x00, 0x00, 0x00,
	0x00, 0x00, 0x00, 0x00, 0x00, 0x00, 0x00, 0x00, 0x00, 0x00, 0x00, 0x00,
	0x00, 0x00, 0x00, 0x00, 0x00, 0x00, 0x00, 0x00, 0x00, 0x00, 0x00, 0x00,
	0x00, 0x00, 0x00, 0x00, 0x00, 0x00, 0x00, 0x00, 0x00, 0x00, 0x00, 0x00,
	0x00, 0x00, 0x00, 0x00, 0x00, 0x00, 0x00, 0x00, 0x00, 0x00, 0x00, 0x00,
	0x00, 0x00, 0x00, 0x00, 0x00, 0x00, 0x00, 0x00, 0x00, 0x00, 0x00, 0x00,
	0x00, 0x00, 0x00, 0x00, 0x00, 0x00, 0x00, 0x00, 0x00, 0x00, 0x00, 0x00,
	0x00, 0x00, 0x00, 0x00, 0x00, 0x00, 0x00, 0x00, 0x00, 0x00, 0x00, 0x00,
	0x00, 0x00, 0x00, 0x00, 0x00, 0x00, 0x00, 0x00, 0x00, 0x00, 0x00, 0x00,
	0x00, 0x00, 0x00, 0x00, 0x00, 0x00, 0x00, 0x00, 0x00, 0x00, 0x00, 0x00,
	0x00, 0x00, 0x00, 0x00, 0x00, 0x00, 0x00, 0x00, 0x00, 0x00, 0x00, 0x00,
	0x00, 0x00, 0x00, 0x00, 0x00, 0x00, 0x00, 0x00, 0x00, 0x00, 0x00, 0x00,
	0x00, 0x00, 0x00, 0x00, 0x00, 0x00, 0x00, 0x00, 0x00, 0x00, 0x00, 0x00,
	0x00, 0x00, 0x00, 0x00, 0x00, 0x00, 0x00, 0x00, 0x00, 0x00, 0x00, 0x00,
	0x00, 0x00, 0x00, 0x00, 0x00, 0x00, 0x00, 0x00, 0x00, 0x00, 0x00, 0x00,
	0x00, 0x00, 0x00, 0x00, 0x00, 0x00, 0x00, 0x00, 0x00, 0x00, 0x00, 0x00,
	0x00, 0x00, 0x00, 0x00, 0x00, 0x00, 0x00, 0x00, 0x00, 0x00, 0x00, 0x00,
	0x00, 0x00, 0x00, 0x00, 0x00, 0x00, 0x00, 0x00, 0x00, 0x00, 0x00, 0x00,
	0x00, 0x00, 0x00, 0x00, 0x00, 0x00, 0x00, 0x00, 0x00, 0x00, 0x00, 0x00,
	0x00, 0x00, 0x00, 0x00, 0x00, 0x00, 0x00, 0x00, 0x00, 0x00, 0x00, 0x00,
	0x00, 0x00, 0x00, 0x00, 0x00, 0x00, 0x00, 0x00, 0x00, 0x00, 0x00, 0x00,
	0x00, 0x00, 0x00, 0x00, 0x00, 0x00, 0x00, 0x00, 0x00, 0x00, 0x00, 0x00,
	0x00, 0x00, 0x00, 0x00, 0x00, 0x00, 0x00, 0x00, 0x00, 0x00, 0x00, 0x00,
	0x00, 0x00, 0x00, 0x00, 0x00, 0x00, 0x00, 0x00, 0x00, 0x00, 0x00, 0x00,
	0x00, 0x00, 0x00, 0x00, 0x00, 0x00, 0x00, 0x00, 0x00, 0x00, 0x00, 0x00,
	0x00, 0x00, 0x00, 0x00, 0x00, 0x00, 0x00, 0x00, 0x00, 0x00, 0x00, 0x00,
	0x00, 0x00, 0x00, 0x00, 0x00, 0x00, 0x00, 0x00, 0x00, 0x00, 0x00, 0x00,
	0x00, 0x00, 0x00, 0x00, 0x00, 0x00, 0x00, 0x00, 0x00, 0x00, 0x00, 0x00,
	0x00, 0x00, 0x00, 0x00, 0x00, 0x00, 0x00, 0x00, 0x00, 0x00, 0x00, 0x00,
	0x00, 0x00, 0x00, 0x00, 0x00, 0x00, 0x00, 0x00, 0x00, 0x00, 0x00, 0x00,
	0x00, 0x00, 0x00, 0x00, 0x00, 0x00, 0x00, 0x00, 0x00, 0x00, 0x00, 0x00,
	0x00, 0x00, 0x00, 0x00, 0x00, 0x00, 0x00, 0x00, 0x00, 0x00, 0x00, 0x00,
	0x00, 0x00, 0x00, 0x00, 0x00, 0x00, 0x00, 0x00, 0x00, 0x00, 0x00, 0x00,
	0x00, 0x00, 0x00, 0x00, 0x00, 0x00, 0x00, 0x00, 0x00, 0x00, 0x00, 0x00,
	0x00, 0x00, 0x00, 0x00, 0x00, 0x00, 0x00, 0x00, 0x00, 0x00, 0x00, 0x00,
	0x00, 0x00, 0x00, 0x00, 0x00, 0x00, 0x00, 0x00, 0x00, 0x00, 0x00, 0x00,
	0x00, 0x00, 0x00, 0x00, 0x00, 0x00, 0x00, 0x00, 0x00, 0x00, 0x00, 0x00,
	0x00, 0x00, 0x00, 0x00, 0x00, 0x00, 0x00, 0x00, 0x00, 0x00, 0x00, 0x00,
	0x00, 0x00, 0x00, 0x00, 0x00, 0x00, 0x00, 0x00, 0x00, 0x00, 0x00, 0x00,
	0x00, 0x00, 0x00, 0x00, 0x00, 0x00, 0x00, 0x00, 0x00, 0x00, 0x00, 0x00,
	0x00, 0x00, 0x00, 0x00, 0x00, 0x00, 0x00, 0x00, 0x00, 0x00, 0x00, 0x00,
	0x00, 0x00, 0x00, 0x00, 0x00, 0x00, 0x00, 0x00, 0x00, 0x00, 0x00, 0x00,
	0x00, 0x00, 0x00, 0x00, 0x00, 0x00, 0x00, 0x00, 0x00, 0x00, 0x00, 0x00,
	0x00, 0x00, 0x00, 0x00, 0x00, 0x00, 0x00, 0x00, 0x00, 0x00, 0x00, 0x00,
	0x00, 0x00, 0x00, 0x00, 0x00, 0x00, 0x00, 0x00, 0x00, 0x00, 0x00, 0x00,
	0x00, 0x00, 0x00, 0x00, 0x00, 0x00, 0x00, 0x00, 0x00, 0x00, 0x00, 0x00,
	0x00, 0x00, 0x00, 0x00, 0x00, 0x00, 0x00, 0x00, 0x00, 0x00, 0x00, 0x00,
	0x00, 0x00, 0x00, 0x00, 0x00, 0x00, 0x00, 0x00, 0x00, 0x00, 0x00, 0x00,
	0x00, 0x00, 0x00, 0x00, 0x00, 0x00, 0x00, 0x00, 0x00, 0x00, 0x00, 0x00,
	0x00, 0x00, 0x00, 0x00, 0x00, 0x00, 0x00, 0x00, 0x00, 0x00, 0x00, 0x00,
	0x00, 0x00, 0x00, 0x00, 0x00, 0x00, 0x00, 0x00, 0x00, 0x00, 0x00, 0x00,
	0x00, 0x00, 0x00, 0x00, 0x00, 0x00, 0x00, 0x00, 0x00, 0x00, 0x00, 0x00,
	0x00, 0x00, 0x00, 0x00, 0x00, 0x00, 0x00, 0x00, 0x00, 0x00, 0x00, 0x00,
	0x00, 0x00, 0x00, 0x00, 0x00, 0x00, 0x00, 0x00, 0x00, 0x00, 0x00, 0x00,
	0x00, 0x00, 0x00, 0x00, 0x00, 0x00, 0x00, 0x00, 0x00, 0x00, 0x00, 0x00,
	0x00, 0x00, 0x00, 0x00, 0x00, 0x00, 0x00, 0x00, 0x00, 0x00, 0x00, 0x00,
	0x00, 0x00, 0x00, 0x00, 0x00, 0x00, 0x00, 0x00, 0x00, 0x00, 0x00, 0x00,
	0x00, 0x00, 0x00, 0x00, 0x00, 0x00, 0x00, 0x00, 0x00, 0x00, 0x00, 0x00,
	0x00, 0x00, 0x00, 0x00, 0x00, 0x00, 0x00, 0x00, 0x00, 0x00, 0x00, 0x00,
	0x00, 0x00, 0x00, 0x00, 0x00, 0x00, 0x00, 0x00, 0x00, 0x00, 0x00, 0x00,
	0x00, 0x00, 0x00, 0x00, 0x00, 0x00, 0x00, 0x00, 0x00, 0x00, 0x00, 0x00,
	0x00, 0x00, 0x00, 0x00, 0x00, 0x00, 0x00, 0x00, 0x00, 0x00, 0x00, 0x00,
	0x00, 0x00, 0x00, 0x00, 0x00, 0x00, 0x00, 0x00, 0x00, 0x00, 0x00, 0x00,
	0x00, 0x00, 0x00, 0x00, 0x00, 0x00, 0x00, 0x00, 0x00, 0x00, 0x00, 0x00,
	0x00, 0x00, 0x00, 0x00, 0x00, 0x00, 0x00, 0x00, 0x00, 0x00, 0x00, 0x00,
	0x00, 0x00, 0x00, 0x00, 0x00, 0x00, 0x00, 0x00, 0x00, 0x00, 0x00, 0x00,
	0x00, 0x00, 0x00, 0x00, 0x00, 0x00, 0x00, 0x00, 0x00, 0x00, 0x00, 0x00,
	0x00, 0x00, 0x00, 0x00, 0x00, 0x00, 0x00, 0x00, 0x00, 0x00, 0x00, 0x00,
	0x00, 0x00, 0x00, 0x00, 0x00, 0x00, 0x00, 0x00, 0x00, 0x00, 0x00, 0x00,
	0x00, 0x00, 0x00, 0x00, 0x00, 0x00, 0x00, 0x00, 0x00, 0x00, 0x00, 0x00,
	0x00, 0x00, 0x00, 0x00, 0x00, 0x00, 0x00, 0x00, 0x00, 0x00, 0x00, 0x00,
	0x00, 0x00, 0x00, 0x00, 0x00, 0x00, 0x00, 0x00, 0x00, 0x00, 0x00, 0x00,
	0x00, 0x00, 0x00, 0x00, 0x00, 0x00, 0x00, 0x00, 0x00, 0x00, 0x00, 0x00,
	0x00, 0x00, 0x00, 0x00, 0x00, 0x00, 0x00, 0x00, 0x00, 0x00, 0x00, 0x00,
	0x00, 0x00, 0x00, 0x00, 0x00, 0x00, 0x00, 0x00, 0x00, 0x00, 0x00, 0x00,
	0x00, 0x00, 0x00, 0x00, 0x00, 0x00, 0x00, 0x00, 0x00, 0x00, 0x00, 0x00,
	0x00, 0x00, 0x00, 0x00, 0x00, 0x00, 0x00, 0x00, 0x00, 0x00, 0x00, 0x00,
	0x00, 0x00, 0x00, 0x00, 0x00, 0x00, 0x00, 0x00, 0x00, 0x00, 0x00, 0x00,
	0x00, 0x00, 0x00, 0x00, 0x00, 0x00, 0x00, 0x00, 0x00, 0x00, 0x00, 0x00,
	0x00, 0x00, 0x00, 0x00, 0x00, 0x00, 0x00, 0x00, 0x00, 0x00, 0x00, 0x00,
	0x00, 0x00, 0x00, 0x00, 0x00, 0x00, 0x00, 0x00, 0x00, 0x00, 0x00, 0x00,
	0x00, 0x00, 0x00, 0x00, 0x00, 0x00, 0x00, 0x00, 0x00, 0x00, 0x00, 0x00,
	0x00, 0x00, 0x00, 0x00, 0x00, 0x00, 0x00, 0x00, 0x00, 0x00, 0x00, 0x00,
	0x00, 0x00, 0x00, 0x00, 0x00, 0x00, 0x00, 0x00, 0x00, 0x00, 0x00, 0x00,
	0x00, 0x00, 0x00, 0x00, 0x00, 0x00, 0x00, 0x00, 0x00, 0x00, 0x00, 0x00,
	0x00, 0x00, 0x00, 0x00, 0x00, 0x00, 0x00, 0x00, 0x00, 0x00, 0x00, 0x00,
	0x00, 0x00, 0x00, 0x00, 0x00, 0x00, 0x00, 0x00, 0x00, 0x00, 0x00, 0x00,
	0x00, 0x00, 0x00, 0x00, 0x00, 0x00, 0x00, 0x00, 0x00, 0x00, 0x00, 0x00,
	0x00, 0x00, 0x00, 0x00, 0x00, 0x00, 0x00, 0x00, 0x00, 0x00, 0x00, 0x00,
	0x00, 0x00, 0x00, 0x00, 0x00, 0x00, 0x00, 0x00, 0x00, 0x00, 0x00, 0x00,
	0x00, 0x00, 0x00, 0x00, 0x00, 0x00, 0x00, 0x00, 0x00, 0x00, 0x00, 0x00,
	0x00, 0x00, 0x00, 0x00, 0x00, 0x00, 0x00, 0x00, 0x00, 0x00, 0x00, 0x00,
	0x00, 0x00, 0x00, 0x00, 0x00, 0x00, 0x00, 0x00, 0x00, 0x00, 0x00, 0x00,
	0x00, 0x00, 0x00, 0x00, 0x00, 0x00, 0x00, 0x00, 0x00, 0x00, 0x00, 0x00,
	0x00, 0x00, 0x00, 0x00, 0x00, 0x00, 0x00, 0x00, 0x00, 0x00, 0x00, 0x00,
	0x00, 0x00, 0x00, 0x00, 0x00, 0x00, 0x00, 0x00, 0x00, 0x00, 0x00, 0x00,
	0x00, 0x00, 0x00, 0x00, 0x00, 0x00, 0x00, 0x00, 0x00, 0x00, 0x00, 0x00,
	0x00, 0x00, 0x00, 0x00, 0x00, 0x00, 0x00, 0x00, 0x00, 0x00, 0x00, 0x00,
	0x00, 0x00, 0x00, 0x00, 0x00, 0x00, 0x00, 0x00, 0x00, 0x00, 0x00, 0x00,
	0x00, 0x00, 0x00, 0x00, 0x00, 0x00, 0x00, 0x00, 0x00, 0x00, 0x00, 0x00,
	0x00, 0x00, 0x00, 0x00, 0x00, 0x00, 0x00, 0x00, 0x00, 0x00, 0x00, 0x00,
	0x00, 0x00, 0x00, 0x00, 0x00, 0x00, 0x00, 0x00, 0x00, 0x00, 0x00, 0x00,
	0x00, 0x00, 0x00, 0x00, 0x00, 0x00, 0x00, 0x00, 0x00, 0x00, 0x00, 0x00,
	0x00, 0x00, 0x00, 0x00, 0x00, 0x00, 0x00, 0x00, 0x00, 0x00, 0x00, 0x00,
	0x00, 0x00, 0x00, 0x00, 0x00, 0x00, 0x00, 0x00, 0x00, 0x00, 0x00, 0x00,
	0x00, 0x00, 0x00, 0x00, 0x00, 0x00, 0x00, 0x00, 0x00, 0x00, 0x00, 0x00,
	0x00, 0x00, 0x00, 0x00, 0x00, 0x00, 0x00, 0x00, 0x00, 0x00, 0x00, 0x00,
	0x00, 0x00, 0x00, 0x00, 0x00, 0x00, 0x00, 0x00, 0x00, 0x00, 0x00, 0x00,
	0x00, 0x00, 0x00, 0x00, 0x00, 0x00, 0x00, 0x00, 0x00, 0x00, 0x00, 0x00,
	0x00, 0x00, 0x00, 0x00, 0x00, 0x00, 0x00, 0x00, 0x00, 0x00, 0x00, 0x00,
	0x00, 0x00, 0x00, 0x00, 0x00, 0x00, 0x00, 0x00, 0x00, 0x00, 0x00, 0x00,
	0x00, 0x00, 0x00, 0x00, 0x00, 0x00, 0x00, 0x00, 0x00, 0x00, 0x00, 0x00,
	0x00, 0x00, 0x00, 0x00, 0x00, 0x00, 0x00, 0x00, 0x00, 0x00, 0x00, 0x00,
	0x00, 0x00, 0x00, 0x00, 0x00, 0x00, 0x00, 0x00, 0x00, 0x00, 0x00, 0x00,
	0x00, 0x00, 0x00, 0x00, 0x00, 0x00, 0x00, 0x00, 0x00, 0x00, 0x00, 0x00,
	0x00, 0x00, 0x00, 0x00, 0x00, 0x00, 0x00, 0x00, 0x00, 0x00, 0x00, 0x00,
	0x00, 0x00, 0x00, 0x00, 0x00, 0x00, 0x00, 0x00, 0x00, 0x00, 0x00, 0x00,
	0x00, 0x00, 0x00, 0x00, 0x00, 0x00, 0x00, 0x00, 0x00, 0x00, 0x00, 0x00,
	0x00, 0x00, 0x00, 0x00, 0x00, 0x00, 0x00, 0x00, 0x00, 0x00, 0x00, 0x00,
	0x00, 0x00, 0x00, 0x00, 0x00, 0x00, 0x00, 0x00, 0x00, 0x00, 0x00, 0x00,
	0x00, 0x00, 0x00, 0x00, 0x00, 0x00, 0x00, 0x00, 0x00, 0x00, 0x00, 0x00,
	0x00, 0x00, 0x00, 0x00, 0x00, 0x00, 0x00, 0x00, 0x00, 0x00, 0x00, 0x00,
	0x00, 0x00, 0x00, 0x00, 0x00, 0x00, 0x00, 0x00, 0x00, 0x00, 0x00, 0x00,
	0x00, 0x00, 0x00, 0x00, 0x00, 0x00, 0x00, 0x00, 0x00, 0x00, 0x00, 0x00,
	0x00, 0x00, 0x00, 0x00, 0x00, 0x00, 0x00, 0x00, 0x00, 0x00, 0x00, 0x00,
	0x00, 0x00, 0x00, 0x00, 0x00, 0x00, 0x00, 0x00, 0x00, 0x00, 0x00, 0x00,
	0x00, 0x00, 0x00, 0x00, 0x00, 0x00, 0x00, 0x00, 0x00, 0x00, 0x00, 0x00,
	0x00, 0x00, 0x00, 0x00, 0x00, 0x00, 0x00, 0x00, 0x00, 0x00, 0x00, 0x00,
	0x00, 0x00, 0x00, 0x00, 0x00, 0x00, 0x00, 0x00, 0x00, 0x00, 0x00, 0x00,
	0x00, 0x00, 0x00, 0x00, 0x00, 0x00, 0x00, 0x00, 0x00, 0x00, 0x00, 0x00,
	0x00, 0x00, 0x00, 0x00, 0x00, 0x00, 0x00, 0x00, 0x00, 0x00, 0x00, 0x00,
	0x00, 0x00, 0x00, 0x00, 0x00, 0x00, 0x00, 0x00, 0x00, 0x00, 0x00, 0x00,
	0x00, 0x00, 0x00, 0x00, 0x00, 0x00, 0x00, 0x00, 0x00, 0x00, 0x00, 0x00,
	0x00, 0x00, 0x00, 0x00, 0x00, 0x00, 0x00, 0x00, 0x00, 0x00, 0x00, 0x00,
	0x00, 0x00, 0x00, 0x00, 0x00, 0x00, 0x00, 0x00, 0x00, 0x00, 0x00, 0x00,
	0x00, 0x00, 0x00, 0x00, 0x00, 0x00, 0x00, 0x00, 0x00, 0x00, 0x00, 0x00,
	0x00, 0x00, 0x00, 0x00, 0x00, 0x00, 0x00, 0x00, 0x00, 0x00, 0x00, 0x00,
	0x00, 0x00, 0x00, 0x00, 0x00, 0x00, 0x00, 0x00, 0x00, 0x00, 0x00, 0x00,
	0x00, 0x00, 0x00, 0x00, 0x00, 0x00, 0x00, 0x00, 0x00, 0x00, 0x00, 0x00,
	0x00, 0x00, 0x00, 0x00, 0x00, 0x00, 0x00, 0x00, 0x00, 0x00, 0x00, 0x00,
	0x00, 0x00, 0x00, 0x00, 0x00, 0x00, 0x00, 0x00, 0x00, 0x00, 0x00, 0x00,
	0x00, 0x00, 0x00, 0x00, 0x00, 0x00, 0x00, 0x00, 0x00, 0x00, 0x00, 0x00,
	0x00, 0x00, 0x00, 0x00, 0x00, 0x00, 0x00, 0x00, 0x00, 0x00, 0x00, 0x00,
	0x00, 0x00, 0x00, 0x00, 0x00, 0x00, 0x00, 0x00, 0x00, 0x00, 0x00, 0x00,
	0x00, 0x00, 0x00, 0x00, 0x00, 0x00, 0x00, 0x00, 0x00, 0x00, 0x00, 0x00,
	0x00, 0x00, 0x00, 0x00, 0x00, 0x00, 0x00, 0x00, 0x00, 0x00, 0x00, 0x00,
	0x00, 0x00, 0x00, 0x00, 0x00, 0x00, 0x00, 0x00, 0x00, 0x00, 0x00, 0x00,
	0x00, 0x00, 0x00, 0x00, 0x00, 0x00, 0x00, 0x00, 0x00, 0x00, 0x00, 0x00,
	0x00, 0x00, 0x00, 0x00, 0x00, 0x00, 0x00, 0x00, 0x00, 0x00, 0x00, 0x00,
	0x00, 0x00, 0x00, 0x00, 0x00, 0x00, 0x00, 0x00, 0x00, 0x00, 0x00, 0x00,
	0x00, 0x00, 0x00, 0x00, 0x00, 0x00, 0x00, 0x00, 0x00, 0x00, 0x00, 0x00,
	0x00, 0x00, 0x00, 0x00, 0x00, 0x00, 0x00, 0x00, 0x00, 0x00, 0x00, 0x00,
	0x00, 0x00, 0x00, 0x00, 0x00, 0x00, 0x00, 0x00, 0x00, 0x00, 0x00, 0x00,
	0x00, 0x00, 0x00, 0x00, 0x00, 0x00, 0x00, 0x00, 0x00, 0x00, 0x00, 0x00,
	0x00, 0x00, 0x00, 0x00, 0x00, 0x00, 0x00, 0x00, 0x00, 0x00, 0x00, 0x00,
	0x00, 0x00, 0x00, 0x00, 0x00, 0x00, 0x00, 0x00, 0x00, 0x00, 0x00, 0x00,
	0x00, 0x00, 0x00, 0x00, 0x00, 0x00, 0x00, 0x00, 0x00, 0x00, 0x00, 0x00,
	0x00, 0x00, 0x00, 0x00, 0x00, 0x00, 0x00, 0x00, 0x00, 0x00, 0x00, 0x00,
	0x00, 0x00, 0x00, 0x00, 0x00, 0x00, 0x00, 0x00, 0x00, 0x00, 0x00, 0x00,
	0x00, 0x00, 0x00, 0x00, 0x00, 0x00, 0x00, 0x00, 0x00, 0x00, 0x00, 0x00,
	0x00, 0x00, 0x00, 0x00, 0x00, 0x00, 0x00, 0x00, 0x00, 0x00, 0x00, 0x00,
	0x00, 0x00, 0x00, 0x00, 0x00, 0x00, 0x00, 0x00, 0x00, 0x00, 0x00, 0x00,
	0x00, 0x00, 0x00, 0x00, 0x00, 0x00, 0x00, 0x00, 0x00, 0x00, 0x00, 0x00,
	0x00, 0x00, 0x00, 0x00, 0x00, 0x00, 0x00, 0x00, 0x00, 0x00, 0x00, 0x00,
	0x00, 0x00, 0x00, 0x00, 0x00, 0x00, 0x00, 0x00, 0x00, 0x00, 0x00, 0x00,
	0x00, 0x00, 0x00, 0x00, 0x00, 0x00, 0x00, 0x00, 0x00, 0x00, 0x00, 0x00,
	0x00, 0x00, 0x00, 0x00, 0x00, 0x00, 0x00, 0x00, 0x00, 0x00, 0x00, 0x00,
	0x00, 0x00, 0x00, 0x00, 0x00, 0x00, 0x00, 0x00, 0x00, 0x00, 0x00, 0x00,
	0x00, 0x00, 0x00, 0x00, 0x00, 0x00, 0x00, 0x00, 0x00, 0x00, 0x00, 0x00,
	0x00, 0x00, 0x00, 0x00, 0x00, 0x00, 0x00, 0x00, 0x00, 0x00, 0x00, 0x00,
	0x00, 0x00, 0x00, 0x00, 0x00, 0x00, 0x00, 0x00, 0x00, 0x00, 0x00, 0x00,
	0x00, 0x00, 0x00, 0x00, 0x00, 0x00, 0x00, 0x00, 0x00, 0x00, 0x00, 0x00,
	0x00, 0x00, 0x00, 0x00, 0x00, 0x00, 0x00, 0x00, 0x00, 0x00, 0x00, 0x00,
	0x00, 0x00, 0x00, 0x00, 0x00, 0x00, 0x00, 0x00, 0x00, 0x00, 0x00, 0x00,
	0x00, 0x00, 0x00, 0x00, 0x00, 0x00, 0x00, 0x00, 0x00, 0x00, 0x00, 0x00,
	0x00, 0x00, 0x00, 0x00, 0x00, 0x00, 0x00, 0x00, 0x00, 0x00, 0x00, 0x00,
	0x00, 0x00, 0x00, 0x00, 0x00, 0x00, 0x00, 0x00, 0x00, 0x00, 0x00, 0x00,
	0x00, 0x00, 0x00, 0x00, 0x00, 0x00, 0x00, 0x00, 0x00, 0x00, 0x00, 0x00,
	0x00, 0x00, 0x00, 0x00, 0x00, 0x00, 0x00, 0x00, 0x00, 0x00, 0x00, 0x00,
	0x00, 0x00, 0x00, 0x00, 0x00, 0x00, 0x00, 0x00, 0x00, 0x00, 0x00, 0x00,
	0x00, 0x00, 0x00, 0x00, 0x00, 0x00, 0x00, 0x00, 0x00, 0x00, 0x00, 0x00,
	0x00, 0x00, 0x00, 0x00, 0x00, 0x00, 0x00, 0x00, 0x00, 0x00, 0x00, 0x00,
	0x00, 0x00, 0x00, 0x00, 0x00, 0x00, 0x00, 0x00, 0x00, 0x00, 0x00, 0x00,
	0x00, 0x00, 0x00, 0x00, 0x00, 0x00, 0x00, 0x00, 0x00, 0x00, 0x00, 0x00,
	0x00, 0x00, 0x00, 0x00, 0x00, 0x00, 0x00, 0x00, 0x00, 0x00, 0x00, 0x00,
	0x00, 0x00, 0x00, 0x00, 0x00, 0x00, 0x00, 0x00, 0x00, 0x00, 0x00, 0x00,
	0x00, 0x00, 0x00, 0x00, 0x00, 0x00, 0x00, 0x00, 0x00, 0x00, 0x00, 0x00,
	0x00, 0x00, 0x00, 0x00, 0x00, 0x00, 0x00, 0x00, 0x00, 0x00, 0x00, 0x00,
	0x00, 0x00, 0x00, 0x00, 0x00, 0x00, 0x00, 0x00, 0x00, 0x00, 0x00, 0x00,
	0x00, 0x00, 0x00, 0x00, 0x00, 0x00, 0x00, 0x00, 0x00, 0x00, 0x00, 0x00,
	0x00, 0x00, 0x00, 0x00, 0x00, 0x00, 0x00, 0x00, 0x00, 0x00, 0x00, 0x00,
	0x00, 0x00, 0x00, 0x00, 0x00, 0x00, 0x00, 0x00, 0x00, 0x00, 0x00, 0x00,
	0x00, 0x00, 0x00, 0x00, 0x00, 0x00, 0x00, 0x00, 0x00, 0x00, 0x00, 0x00,
	0x00, 0x00, 0x00, 0x00, 0x00, 0x00, 0x00, 0x00, 0x00, 0x00, 0x00, 0x00,
	0x00, 0x00, 0x00, 0x00, 0x00, 0x00, 0x00, 0x00, 0x00, 0x00, 0x00, 0x00,
	0x00, 0x00, 0x00, 0x00, 0x00, 0x00, 0x00, 0x00, 0x00, 0x00, 0x00, 0x00,
	0x00, 0x00, 0x00, 0x00, 0x00, 0x00, 0x00, 0x00, 0x00, 0x00, 0x00, 0x00,
	0x00, 0x00, 0x00, 0x00, 0x00, 0x00, 0x00, 0x00, 0x00, 0x00, 0x00, 0x00,
	0x00, 0x00, 0x00, 0x00, 0x00, 0x00, 0x00, 0x00, 0x00, 0x00, 0x00, 0x00,
	0x00, 0x00, 0x00, 0x00, 0x00, 0x00, 0x00, 0x00, 0x00, 0x00, 0x00, 0x00,
	0x00, 0x00, 0x00, 0x00, 0x00, 0x00, 0x00, 0x00, 0x00, 0x00, 0x00, 0x00,
	0x00, 0x00, 0x00, 0x00, 0x00, 0x00, 0x00, 0x00, 0x00, 0x00, 0x00, 0x00,
	0x00, 0x00, 0x00, 0x00, 0x00, 0x00, 0x00, 0x00, 0x00, 0x00, 0x00, 0x00,
	0x00, 0x00, 0x00, 0x00, 0x00, 0x00, 0x00, 0x00, 0x00, 0x00, 0x00, 0x00,
	0x00, 0x00, 0x00, 0x00, 0x00, 0x00, 0x00, 0x00, 0x00, 0x00, 0x00, 0x00,
	0x00, 0x00, 0x00, 0x00, 0x00, 0x00, 0x00, 0x00, 0x00, 0x00, 0x00, 0x00,
	0x00, 0x00, 0x00, 0x00, 0x00, 0x00, 0x00, 0x00, 0x00, 0x00, 0x00, 0x00,
	0x00, 0x00, 0x00, 0x00, 0x00, 0x00, 0x00, 0x00, 0x00, 0x00, 0x00, 0x00,
	0x00, 0x00, 0x00, 0x00, 0x00, 0x00, 0x00, 0x00, 0x00, 0x00, 0x00, 0x00,
	0x00, 0x00, 0x00, 0x00, 0x00, 0x00, 0x00, 0x00, 0x00, 0x00, 0x00, 0x00,
	0x00, 0x00, 0x00, 0x00, 0x00, 0x00, 0x00, 0x00, 0x00, 0x00, 0x00, 0x00,
	0x00, 0x00, 0x00, 0x00, 0x00, 0x00, 0x00, 0x00, 0x00, 0x00, 0x00, 0x00,
	0x00, 0x00, 0x00, 0x00, 0x00, 0x00, 0x00, 0x00, 0x00, 0x00, 0x00, 0x00,
	0x00, 0x00, 0x00, 0x00, 0x00, 0x00, 0x00, 0x00, 0x00, 0x00, 0x00, 0x00,
	0x00, 0x00, 0x00, 0x00, 0x00, 0x00, 0x00, 0x00, 0x00, 0x00, 0x00, 0x00,
	0x00, 0x00, 0x00, 0x00, 0x00, 0x00, 0x00, 0x00, 0x00, 0x00, 0x00, 0x00,
	0x00, 0x00, 0x00, 0x00, 0x00, 0x00, 0x00, 0x00, 0x00, 0x00, 0x00, 0x00,
	0x00, 0x00, 0x00, 0x00, 0x00, 0x00, 0x00, 0x00, 0x00, 0x00, 0x00, 0x00,
	0x00, 0x00, 0x00, 0x00, 0x00, 0x00, 0x00, 0x00, 0x00, 0x00, 0x00, 0x00,
	0x00, 0x00, 0x00, 0x00, 0x00, 0x00, 0x00, 0x00, 0x00, 0x00, 0x00, 0x00,
	0x00, 0x00, 0x00, 0x00, 0x00, 0x00, 0x00, 0x00, 0x00, 0x00, 0x00, 0x00,
	0x00, 0x00, 0x00, 0x00, 0x00, 0x00, 0x00, 0x00, 0x00, 0x00, 0x00, 0x00,
	0x00, 0x00, 0x00, 0x00, 0x00, 0x00, 0x00, 0x00, 0x00, 0x00, 0x00, 0x00,
	0x00, 0x00, 0x00, 0x00, 0x00, 0x00, 0x00, 0x00, 0x00, 0x00, 0x00, 0x00,
	0x00, 0x00, 0x00, 0x00, 0x00, 0x00, 0x00, 0x00, 0x00, 0x00, 0x00, 0x00,
	0x00, 0x00, 0x00, 0x00, 0x00, 0x00, 0x00, 0x00, 0x00, 0x00, 0x00, 0x00,
	0x00, 0x00, 0x00, 0x00, 0x00, 0x00, 0x00, 0x00, 0x00, 0x00, 0x00, 0x00,
	0x00, 0x00, 0x00, 0x00, 0x00, 0x00, 0x00, 0x00, 0x00, 0x00, 0x00, 0x00,
	0x00, 0x00, 0x00, 0x00, 0x00, 0x00, 0x00, 0x00, 0x00, 0x00, 0x00, 0x00,
	0x00, 0x00, 0x00, 0x00, 0x00, 0x00, 0x00, 0x00, 0x00, 0x00, 0x00, 0x00,
	0x00, 0x00, 0x00, 0x00, 0x00, 0x00, 0x00, 0x00, 0x00, 0x00, 0x00, 0x00,
	0x00, 0x00, 0x00, 0x00, 0x00, 0x00, 0x00, 0x00, 0x00, 0x00, 0x00, 0x00,
	0x00, 0x00, 0x00, 0x00, 0x00, 0x00, 0x00, 0x00, 0x00, 0x00, 0x00, 0x00,
	0x00, 0x00, 0x00, 0x00, 0x00, 0x00, 0x00, 0x00, 0x00, 0x00, 0x00, 0x00,
	0x00, 0x00, 0x00, 0x00, 0x00, 0x00, 0x00, 0x00, 0x00, 0x00, 0x00, 0x00,
	0x00, 0x00, 0x00, 0x00, 0x00, 0x00, 0x00, 0x00, 0x00, 0x00, 0x00, 0x00,
	0x00, 0x00, 0x00, 0x00, 0x00, 0x00, 0x00, 0x00, 0x00, 0x00, 0x00, 0x00,
	0x00, 0x00, 0x00, 0x00, 0x00, 0x00, 0x00, 0x00, 0x00, 0x00, 0x00, 0x00,
	0x00, 0x00, 0x00, 0x00, 0x00, 0x00, 0x00, 0x00, 0x00, 0x00, 0x00, 0x00,
	0x00, 0x00, 0x00, 0x00, 0x00, 0x00, 0x00, 0x00, 0x00, 0x00, 0x00, 0x00,
	0x00, 0x00, 0x00, 0x00, 0x00, 0x00, 0x00, 0x00, 0x00, 0x00, 0x00, 0x00,
	0x00, 0x00, 0x00, 0x00, 0x00, 0x00, 0x00, 0x00, 0x00, 0x00, 0x00, 0x00,
	0x00, 0x00, 0x00, 0x00, 0x00, 0x00, 0x00, 0x00, 0x00, 0x00, 0x00, 0x00,
	0x00, 0x00, 0x00, 0x00, 0x00, 0x00, 0x00, 0x00, 0x00, 0x00, 0x00, 0x00,
	0x00, 0x00, 0x00, 0x00, 0x00, 0x00, 0x00, 0x00, 0x00, 0x00, 0x00, 0x00,
	0x00, 0x00, 0x00, 0x00, 0x00, 0x00, 0x00, 0x00, 0x00, 0x00, 0x00, 0x00,
	0x00, 0x00, 0x00, 0x00, 0x00, 0x00, 0x00, 0x00, 0x00, 0x00, 0x00, 0x00,
	0x00, 0x00, 0x00, 0x00, 0x00, 0x00, 0x00, 0x00, 0x00, 0x00, 0x00, 0x00,
	0x00, 0x00, 0x00, 0x00, 0x00, 0x00, 0x00, 0x00, 0x00, 0x00, 0x00, 0x00,
	0x00, 0x00, 0x00, 0x00, 0x00, 0x00, 0x00, 0x00, 0x00, 0x00, 0x00, 0x00,
	0x00, 0x00, 0x00, 0x00, 0x00, 0x00, 0x00, 0x00, 0x00, 0x00, 0x00, 0x00,
	0x00, 0x00, 0x00, 0x00, 0x00, 0x00, 0x00, 0x00, 0x00, 0x00, 0x00, 0x00,
	0x00, 0x00, 0x00, 0x00, 0x00, 0x00, 0x00, 0x00, 0x00, 0x00, 0x00, 0x00,
	0x00, 0x00, 0x00, 0x00, 0x00, 0x00, 0x00, 0x00, 0x00, 0x00, 0x00, 0x00,
	0x00, 0x00, 0x00, 0x00, 0x00, 0x00, 0x00, 0x00, 0x00, 0x00, 0x00, 0x00,
	0x00, 0x00, 0x00, 0x00, 0x00, 0x00, 0x00, 0x00, 0x00, 0x00, 0x00, 0x00,
	0x00, 0x00, 0x00, 0x00, 0x00, 0x00, 0x00, 0x00, 0x00, 0x00, 0x00, 0x00,
	0x00, 0x00, 0x00, 0x00, 0x00, 0x00, 0x00, 0x00, 0x00, 0x00, 0x00, 0x00,
	0x00, 0x00, 0x00, 0x00, 0x00, 0x00, 0x00, 0x00, 0x00, 0x00, 0x00, 0x00,
	0x00, 0x00, 0x00, 0x00, 0x00, 0x00, 0x00, 0x00, 0x00, 0x00, 0x00, 0x00,
	0x00, 0x00, 0x00, 0x00, 0x00, 0x00, 0x00, 0x00, 0x00, 0x00, 0x00, 0x00,
	0x00, 0x00, 0x00, 0x00, 0x00, 0x00, 0x00, 0x00, 0x00, 0x00, 0x00, 0x00,
	0x00, 0x00, 0x00, 0x00, 0x00, 0x00, 0x00, 0x00, 0x00, 0x00, 0x00, 0x00,
	0x00, 0x00, 0x00, 0x00, 0x00, 0x00, 0x00, 0x00, 0x00, 0x00, 0x00, 0x00,
	0x00, 0x00, 0x00, 0x00, 0x00, 0x00, 0x00, 0x00, 0x00, 0x00, 0x00, 0x00,
	0x00, 0x00, 0x00, 0x00, 0x00, 0x00, 0x00, 0x00, 0x00, 0x00, 0x00, 0x00,
	0x00, 0x00, 0x00, 0x00, 0x00, 0x00, 0x00, 0x00, 0x00, 0x00, 0x00, 0x00,
	0x00, 0x00, 0x00, 0x00, 0x00, 0x00, 0x00, 0x00, 0x00, 0x00, 0x00, 0x00,
	0x00, 0x00, 0x00, 0x00, 0x00, 0x00, 0x00, 0x00, 0x00, 0x00, 0x00, 0x00,
	0x00, 0x00, 0x00, 0x00, 0x00, 0x00, 0x00, 0x00, 0x00, 0x00, 0x00, 0x00,
	0x00, 0x00, 0x00, 0x00, 0x00, 0x00, 0x00, 0x00, 0x00, 0x00, 0x00, 0x00,
	0x00, 0x00, 0x00, 0x00, 0x00, 0x00, 0x00, 0x00, 0x00, 0x00, 0x00, 0x00,
	0x00, 0x00, 0x00, 0x00, 0x00, 0x00, 0x00, 0x00, 0x00, 0x00, 0x00, 0x00,
	0x00, 0x00, 0x00, 0x00, 0x00, 0x00, 0x00, 0x00, 0x00, 0x00, 0x00, 0x00,
	0x00, 0x00, 0x00, 0x00, 0x00, 0x00, 0x00, 0x00, 0x00, 0x00, 0x00, 0x00,
	0x00, 0x00, 0x00, 0x00, 0x00, 0x00, 0x00, 0x00, 0x00, 0x00, 0x00, 0x00,
	0x00, 0x00, 0x00, 0x00, 0x00, 0x00, 0x00, 0x00, 0x00, 0x00, 0x00, 0x00,
	0x00, 0x00, 0x00, 0x00, 0x00, 0x00, 0x00, 0x00, 0x00, 0x00, 0x00, 0x00,
	0x00, 0x00, 0x00, 0x00, 0x00, 0x00, 0x00, 0x00, 0x00, 0x00, 0x00, 0x00,
	0x00, 0x00, 0x00, 0x00, 0x00, 0x00, 0x00, 0x00, 0x00, 0x00, 0x00, 0x00,
	0x00, 0x00, 0x00, 0x00, 0x00, 0x00, 0x00, 0x00, 0x00, 0x00, 0x00, 0x00,
	0x00, 0x00, 0x00, 0x00, 0x00, 0x00, 0x00, 0x00, 0x00, 0x00, 0x00, 0x00,
	0x00, 0x00, 0x00, 0x00, 0x00, 0x00, 0x00, 0x00, 0x00, 0x00, 0x00, 0x00,
	0x00, 0x00, 0x00, 0x00, 0x00, 0x00, 0x00, 0x00, 0x00, 0x00, 0x00, 0x00,
	0x00, 0x00, 0x00, 0x00, 0x00, 0x00, 0x00, 0x00, 0x00, 0x00, 0x00, 0x00,
	0x00, 0x00, 0x00, 0x00, 0x00, 0x00, 0x00, 0x00, 0x00, 0x00, 0x00, 0x00,
	0x00, 0x00, 0x00, 0x00, 0x00, 0x00, 0x00, 0x00, 0x00, 0x00, 0x00, 0x00,
	0x00, 0x00, 0x00, 0x00, 0x00, 0x00, 0x00, 0x00, 0x00, 0x00, 0x00, 0x00,
	0x00, 0x00, 0x00, 0x00, 0x00, 0x00, 0x00, 0x00, 0x00, 0x00, 0x00, 0x00,
	0x00, 0x00, 0x00, 0x00, 0x00, 0x00, 0x00, 0x00, 0x00, 0x00, 0x00, 0x00,
	0x00, 0x00, 0x00, 0x00, 0x00, 0x00, 0x00, 0x00, 0x00, 0x00, 0x00, 0x00,
	0x00, 0x00, 0x00, 0x00, 0x00, 0x00, 0x00, 0x00, 0x00, 0x00, 0x00, 0x00,
	0x00, 0x00, 0x00, 0x00, 0x00, 0x00, 0x00, 0x00, 0x00, 0x00, 0x00, 0x00,
	0x00, 0x00, 0x00, 0x00, 0x00, 0x00, 0x00, 0x00, 0x00, 0x00, 0x00, 0x00,
	0x00, 0x00, 0x00, 0x00, 0x00, 0x00, 0x00, 0x00, 0x00, 0x00, 0x00, 0x00,
	0x00, 0x00, 0x00, 0x00, 0x00, 0x00, 0x00, 0x00, 0x00, 0x00, 0x00, 0x00,
	0x00, 0x00, 0x00, 0x00, 0x00, 0x00, 0x00, 0x00, 0x00, 0x00, 0x00, 0x00,
	0x00, 0x00, 0x00, 0x00, 0x00, 0x00, 0x00, 0x00, 0x00, 0x00, 0x00, 0x00,
	0x00, 0x00, 0x00, 0x00, 0x00, 0x00, 0x00, 0x00, 0x00, 0x00, 0x00, 0x00,
	0x00, 0x00, 0x00, 0x00, 0x00, 0x00, 0x00, 0x00, 0x00, 0x00, 0x00, 0x00,
	0x00, 0x00, 0x00, 0x00, 0x00, 0x00, 0x00, 0x00, 0x00, 0x00, 0x00, 0x00,
	0x00, 0x00, 0x00, 0x00, 0x00, 0x00, 0x00, 0x00, 0x00, 0x00, 0x00, 0x00,
	0x00, 0x00, 0x00, 0x00, 0x00, 0x00, 0x00, 0x00, 0x00, 0x00, 0x00, 0x00,
	0x00, 0x00, 0x00, 0x00, 0x00, 0x00, 0x00, 0x00, 0x00, 0x00, 0x00, 0x00,
	0x00, 0x00, 0x00, 0x00, 0x00, 0x00, 0x00, 0x00, 0x00, 0x00, 0x00, 0x00,
	0x00, 0x00, 0x00, 0x00, 0x00, 0x00, 0x00, 0x00, 0x00, 0x00, 0x00, 0x00,
	0x00, 0x00, 0x00, 0x00, 0x00, 0x00, 0x00, 0x00, 0x00, 0x00, 0x00, 0x00,
	0x00, 0x00, 0x00, 0x00, 0x00, 0x00, 0x00, 0x00, 0x00, 0x00, 0x00, 0x00,
	0x00, 0x00, 0x00, 0x00, 0x00, 0x00, 0x00, 0x00, 0x00, 0x00, 0x00, 0x00,
	0x00, 0x00, 0x00, 0x00, 0x00, 0x00, 0x00, 0x00, 0x00, 0x00, 0x00, 0x00,
	0x00, 0x00, 0x00, 0x00, 0x00, 0x00, 0x00, 0x00, 0x00, 0x00, 0x00, 0x00,
	0x00, 0x00, 0x00, 0x00, 0x00, 0x00, 0x00, 0x00, 0x00, 0x00, 0x00, 0x00,
	0x00, 0x00, 0x00, 0x00, 0x00, 0x00, 0x00, 0x00, 0x00, 0x00, 0x00, 0x00,
	0x00, 0x00, 0x00, 0x00, 0x00, 0x00, 0x00, 0x00, 0x00, 0x00, 0x00, 0x00,
	0x00, 0x00, 0x00, 0x00, 0x00, 0x00, 0x00, 0x00, 0x00, 0x00, 0x00, 0x00,
	0x00, 0x00, 0x00, 0x00, 0x00, 0x00, 0x00, 0x00, 0x00, 0x00, 0x00, 0x00,
	0x00, 0x00, 0x00, 0x00, 0x00, 0x00, 0x00, 0x00, 0x00, 0x00, 0x00, 0x00,
	0x00, 0x00, 0x00, 0x00, 0x00, 0x00, 0x00, 0x00, 0x00, 0x00, 0x00, 0x00,
	0x00, 0x00, 0x00, 0x00, 0x00, 0x00, 0x00, 0x00, 0x00, 0x00, 0x00, 0x00,
	0x00, 0x00, 0x00, 0x00, 0x00, 0x00, 0x00, 0x00, 0x00, 0x00, 0x00, 0x00,
	0x00, 0x00, 0x00, 0x00, 0x00, 0x00, 0x00, 0x00, 0x00, 0x00, 0x00, 0x00,
	0x00, 0x00, 0x00, 0x00, 0x00, 0x00, 0x00, 0x00, 0x00, 0x00, 0x00, 0x00,
	0x00, 0x00, 0x00, 0x00, 0x00, 0x00, 0x00, 0x00, 0x00, 0x00, 0x00, 0x00,
	0x00, 0x00, 0x00, 0x00, 0x00, 0x00, 0x00, 0x00, 0x00, 0x00, 0x00, 0x00,
	0x00, 0x00, 0x00, 0x00, 0x00, 0x00, 0x00, 0x00, 0x00, 0x00, 0x00, 0x00,
	0x00, 0x00, 0x00, 0x00, 0x00, 0x00, 0x00, 0x00, 0x00, 0x00, 0x00, 0x00,
	0x00, 0x00, 0x00, 0x00, 0x00, 0x00, 0x00, 0x00, 0x00, 0x00, 0x00, 0x00,
	0x00, 0x00, 0x00, 0x00, 0x00, 0x00, 0x00, 0x00, 0x00, 0x00, 0x00, 0x00,
	0x00, 0x00, 0x00, 0x00, 0x00, 0x00, 0x00, 0x00, 0x00, 0x00, 0x00, 0x00,
	0x00, 0x00, 0x00, 0x00, 0x00, 0x00, 0x00, 0x00, 0x00, 0x00, 0x00, 0x00,
	0x00, 0x00, 0x00, 0x00, 0x00, 0x00, 0x00, 0x00, 0x00, 0x00, 0x00, 0x00,
	0x00, 0x00, 0x00, 0x00, 0x00, 0x00, 0x00, 0x00, 0x00, 0x00, 0x00, 0x00,
	0x00, 0x00, 0x00, 0x00, 0x00, 0x00, 0x00, 0x00, 0x00, 0x00, 0x00, 0x00,
	0x00, 0x00, 0x00, 0x00, 0x00, 0x00, 0x00, 0x00, 0x00, 0x00, 0x00, 0x00,
	0x00, 0x00, 0x00, 0x00, 0x00, 0x00, 0x00, 0x00, 0x00, 0x00, 0x00, 0x00,
	0x00, 0x00, 0x00, 0x00, 0x00, 0x00, 0x00, 0x00, 0x00, 0x00, 0x00, 0x00,
	0x00, 0x00, 0x00, 0x00, 0x00, 0x00, 0x00, 0x00, 0x00, 0x00, 0x00, 0x00,
	0x00, 0x00, 0x00, 0x00, 0x00, 0x00, 0x00, 0x00, 0x00, 0x00, 0x00, 0x00,
	0x00, 0x00, 0x00, 0x00, 0x00, 0x00, 0x00, 0x00, 0x00, 0x00, 0x00, 0x00,
	0x00, 0x00, 0x00, 0x00, 0x00, 0x00, 0x00, 0x00, 0x00, 0x00, 0x00, 0x00,
	0x00, 0x00, 0x00, 0x00, 0x00, 0x00, 0x00, 0x00, 0x00, 0x00, 0x00, 0x00,
	0x00, 0x00, 0x00, 0x00, 0x00, 0x00, 0x00, 0x00, 0x00, 0x00, 0x00, 0x00,
	0x00, 0x00, 0x00, 0x00, 0x00, 0x00, 0x00, 0x00, 0x00, 0x00, 0x00, 0x00,
	0x00, 0x00, 0x00, 0x00, 0x00, 0x00, 0x00, 0x00, 0x00, 0x00, 0x00, 0x00,
	0x00, 0x00, 0x00, 0x00, 0x00, 0x00, 0x00, 0x00, 0x00, 0x00, 0x00, 0x00,
	0x00, 0x00, 0x00, 0x00, 0x00, 0x00, 0x00, 0x00, 0x00, 0x00, 0x00, 0x00,
	0x00, 0x00, 0x00, 0x00, 0x00, 0x00, 0x00, 0x00, 0x00, 0x00, 0x00, 0x00,
	0x00, 0x00, 0x00, 0x00, 0x00, 0x00, 0x00, 0x00, 0x00, 0x00, 0x00, 0x00,
	0x00, 0x00, 0x00, 0x00, 0x00, 0x00, 0x00, 0x00, 0x00, 0x00, 0x00, 0x00,
	0x00, 0x00, 0x00, 0x00, 0x00, 0x00, 0x00, 0x00, 0x00, 0x00, 0x00, 0x00,
	0x00, 0x00, 0x00, 0x00, 0x00, 0x00, 0x00, 0x00, 0x00, 0x00, 0x00, 0x00,
	0x00, 0x00, 0x00, 0x00, 0x00, 0x00, 0x00, 0x00, 0x00, 0x00, 0x00, 0x00,
	0x00, 0x00, 0x00, 0x00, 0x00, 0x00, 0x00, 0x00, 0x00, 0x00, 0x00, 0x00,
	0x00, 0x00, 0x00, 0x00, 0x00, 0x00, 0x00, 0x00, 0x00, 0x00, 0x00, 0x00,
	0x00, 0x00, 0x00, 0x00, 0x00, 0x00, 0x00, 0x00, 0x00, 0x00, 0x00, 0x00,
	0x00, 0x00, 0x00, 0x00, 0x00, 0x00, 0x00, 0x00, 0x00, 0x00, 0x00, 0x00,
	0x00, 0x00, 0x00, 0x00, 0x00, 0x00, 0x00, 0x00, 0x00, 0x00, 0x00, 0x00,
	0x00, 0x00, 0x00, 0x00, 0x00, 0x00, 0x00, 0x00, 0x00, 0x00, 0x00, 0x00,
	0x00, 0x00, 0x00, 0x00, 0x00, 0x00, 0x00, 0x00, 0x00, 0x00, 0x00, 0x00,
	0x00, 0x00, 0x00, 0x00, 0x00, 0x00, 0x00, 0x00, 0x00, 0x00, 0x00, 0x00,
	0x00, 0x00, 0x00, 0x00, 0x00, 0x00, 0x00, 0x00, 0x00, 0x00, 0x00, 0x00,
	0x00, 0x00, 0x00, 0x00, 0x00, 0x00, 0x00, 0x00, 0x00, 0x00, 0x00, 0x00,
	0x00, 0x00, 0x00, 0x00, 0x00, 0x00, 0x00, 0x00, 0x00, 0x00, 0x00, 0x00,
	0x00, 0x00, 0x00, 0x00, 0x00, 0x00, 0x00, 0x00, 0x00, 0x00, 0x00, 0x00,
	0x00, 0x00, 0x00, 0x00, 0x00, 0x00, 0x00, 0x00, 0x00, 0x00, 0x00, 0x00,
	0x00, 0x00, 0x00, 0x00, 0x00, 0x00, 0x00, 0x00, 0x00, 0x00, 0x00, 0x00,
	0x00, 0x00, 0x00, 0x00, 0x00, 0x00, 0x00, 0x00, 0x00, 0x00, 0x00, 0x00,
	0x00, 0x00, 0x00, 0x00, 0x00, 0x00, 0x00, 0x00, 0x00, 0x00, 0x00, 0x00,
	0x00, 0x00, 0x00, 0x00, 0x00, 0x00, 0x00, 0x00, 0x00, 0x00, 0x00, 0x00,
	0x00, 0x00, 0x00, 0x00, 0x00, 0x00, 0x00, 0x00, 0x00, 0x00, 0x00, 0x00,
	0x00, 0x00, 0x00, 0x00, 0x00, 0x00, 0x00, 0x00, 0x00, 0x00, 0x00, 0x00,
	0x00, 0x00, 0x00, 0x00, 0x00, 0x00, 0x00, 0x00, 0x00, 0x00, 0x00, 0x00,
	0x00, 0x00, 0x00, 0x00, 0x00, 0x00, 0x00, 0x00, 0x00, 0x00, 0x00, 0x00,
	0x00, 0x00, 0x00, 0x00, 0x00, 0x00, 0x00, 0x00, 0x00, 0x00, 0x00, 0x00,
	0x00, 0x00, 0x00, 0x00, 0x00, 0x00, 0x00, 0x00, 0x00, 0x00, 0x00, 0x00,
	0x00, 0x00, 0x00, 0x00, 0x00, 0x00, 0x00, 0x00, 0x00, 0x00, 0x00, 0x00,
	0x00, 0x00, 0x00, 0x00, 0x00, 0x00, 0x00, 0x00, 0x00, 0x00, 0x00, 0x00,
	0x00, 0x00, 0x00, 0x00, 0x00, 0x00, 0x00, 0x00, 0x00, 0x00, 0x00, 0x00,
	0x00, 0x00, 0x00, 0x00, 0x00, 0x00, 0x00, 0x00, 0x00, 0x00, 0x00, 0x00,
	0x00, 0x00, 0x00, 0x00, 0x00, 0x00, 0x00, 0x00, 0x00, 0x00, 0x00, 0x00,
	0x00, 0x00, 0x00, 0x00, 0x00, 0x00, 0x00, 0x00, 0x00, 0x00, 0x00, 0x00,
	0x00, 0x00, 0x00, 0x00, 0x00, 0x00, 0x00, 0x00, 0x00, 0x00, 0x00, 0x00,
	0x00, 0x00, 0x00, 0x00, 0x00, 0x00, 0x00, 0x00, 0x00, 0x00, 0x00, 0x00,
	0x00, 0x00, 0x00, 0x00, 0x00, 0x00, 0x00, 0x00, 0x00, 0x00, 0x00, 0x00,
	0x00, 0x00, 0x00, 0x00, 0x00, 0x00, 0x00, 0x00, 0x00, 0x00, 0x00, 0x00,
	0x00, 0x00, 0x00, 0x00, 0x00, 0x00, 0x00, 0x00, 0x00, 0x00, 0x00, 0x00,
	0x00, 0x00, 0x00, 0x00, 0x00, 0x00, 0x00, 0x00, 0x00, 0x00, 0x00, 0x00,
	0x00, 0x00, 0x00, 0x00, 0x00, 0x00, 0x00, 0x00, 0x00, 0x00, 0x00, 0x00,
	0x00, 0x00, 0x00, 0x00, 0x00, 0x00, 0x00, 0x00, 0x00, 0x00, 0x00, 0x00,
	0x00, 0x00, 0x00, 0x00, 0x00, 0x00, 0x00, 0x00, 0x00, 0x00, 0x00, 0x00,
	0x00, 0x00, 0x00, 0x00, 0x00, 0x00, 0x00, 0x00, 0x00, 0x00, 0x00, 0x00,
	0x00, 0x00, 0x00, 0x00, 0x00, 0x00, 0x00, 0x00, 0x00, 0x00, 0x00, 0x00,
	0x00, 0x00, 0x00, 0x00, 0x00, 0x00, 0x00, 0x00, 0x00, 0x00, 0x00, 0x00,
	0x00, 0x00, 0x00, 0x00, 0x00, 0x00, 0x00, 0x00, 0x00, 0x00, 0x00, 0x00,
	0x00, 0x00, 0x00, 0x00, 0x00, 0x00, 0x00, 0x00, 0x00, 0x00, 0x00, 0x00,
	0x00, 0x00, 0x00, 0x00, 0x00, 0x00, 0x00, 0x00, 0x00, 0x00, 0x00, 0x00,
	0x00, 0x00, 0x00, 0x00, 0x00, 0x00, 0x00, 0x00, 0x00, 0x00, 0x00, 0x00,
	0x00, 0x00, 0x00, 0x00, 0x00, 0x00, 0x00, 0x00, 0x00, 0x00, 0x00, 0x00,
	0x00, 0x00, 0x00, 0x00, 0x00, 0x00, 0x00, 0x00, 0x00, 0x00, 0x00, 0x00,
	0x00, 0x00, 0x00, 0x00, 0x00, 0x00, 0x00, 0x00, 0x00, 0x00, 0x00, 0x00,
	0x00, 0x00, 0x00, 0x00, 0x00, 0x00, 0x00, 0x00, 0x00, 0x00, 0x00, 0x00,
	0x00, 0x00, 0x00, 0x00, 0x00, 0x00, 0x00, 0x00, 0x00, 0x00, 0x00, 0x00,
	0x00, 0x00, 0x00, 0x00, 0x00, 0x00, 0x00, 0x00, 0x00, 0x00, 0x00, 0x00,
	0x00, 0x00, 0x00, 0x00, 0x00, 0x00, 0x00, 0x00, 0x00, 0x00, 0x00, 0x00,
	0x00, 0x00, 0x00, 0x00, 0x00, 0x00, 0x00, 0x00, 0x00, 0x00, 0x00, 0x00,
	0x00, 0x00, 0x00, 0x00, 0x00, 0x00, 0x00, 0x00, 0x00, 0x00, 0x00, 0x00,
	0x00, 0x00, 0x00, 0x00, 0x00, 0x00, 0x00, 0x00, 0x00, 0x00, 0x00, 0x00,
	0x00, 0x00, 0x00, 0x00, 0x00, 0x00, 0x00, 0x00, 0x00, 0x00, 0x00, 0x00,
	0x00, 0x00, 0x00, 0x00, 0x00, 0x00, 0x00, 0x00, 0x00, 0x00, 0x00, 0x00,
	0x00, 0x00, 0x00, 0x00, 0x00, 0x00, 0x00, 0x00, 0x00, 0x00, 0x00, 0x00,
	0x00, 0x00, 0x00, 0x00, 0x00, 0x00, 0x00, 0x00, 0x00, 0x00, 0x00, 0x00,
	0x00, 0x00, 0x00, 0x00, 0x00, 0x00, 0x00, 0x00, 0x00, 0x00, 0x00, 0x00,
	0x00, 0x00, 0x00, 0x00, 0x00, 0x00, 0x00, 0x00, 0x00, 0x00, 0x00, 0x00,
	0x00, 0x00, 0x00, 0x00, 0x00, 0x00, 0x00, 0x00, 0x00, 0x00, 0x00, 0x00,
	0x00, 0x00, 0x00, 0x00, 0x00, 0x00, 0x00, 0x00, 0x00, 0x00, 0x00, 0x00,
	0x00, 0x00, 0x00, 0x00, 0x00, 0x00, 0x00, 0x00, 0x00, 0x00, 0x00, 0x00,
	0x00, 0x00, 0x00, 0x00, 0x00, 0x00, 0x00, 0x00, 0x00, 0x00, 0x00, 0x00,
	0x00, 0x00, 0x00, 0x00, 0x00, 0x00, 0x00, 0x00, 0x00, 0x00, 0x00, 0x00,
	0x00, 0x00, 0x00, 0x00, 0x00, 0x00, 0x00, 0x00, 0x00, 0x00, 0x00, 0x00,
	0x00, 0x00, 0x00, 0x00, 0x00, 0x00, 0x00, 0x00, 0x00, 0x00, 0x00, 0x00,
	0x00, 0x00, 0x00, 0x00, 0x00, 0x00, 0x00, 0x00, 0x00, 0x00, 0x00, 0x00,
	0x00, 0x00, 0x00, 0x00, 0x00, 0x00, 0x00, 0x00, 0x00, 0x00, 0x00, 0x00,
	0x00, 0x00, 0x00, 0x00, 0x00, 0x00, 0x00, 0x00, 0x00, 0x00, 0x00, 0x00,
	0x00, 0x00, 0x00, 0x00, 0x00, 0x00, 0x00, 0x00, 0x00, 0x00, 0x00, 0x00,
	0x00, 0x00, 0x00, 0x00, 0x00, 0x00, 0x00, 0x00, 0x00, 0x00, 0x00, 0x00,
	0x00, 0x00, 0x00, 0x00, 0x00, 0x00, 0x00, 0x00, 0x00, 0x00, 0x00, 0x00,
	0x00, 0x00, 0x00, 0x00, 0x00, 0x00, 0x00, 0x00, 0x00, 0x00, 0x00, 0x00,
	0x00, 0x00, 0x00, 0x00, 0x00, 0x00, 0x00, 0x00, 0x00, 0x00, 0x00, 0x00,
	0x00, 0x00, 0x00, 0x00, 0x00, 0x00, 0x00, 0x00, 0x00, 0x00, 0x00, 0x00,
	0x00, 0x00, 0x00, 0x00, 0x00, 0x00, 0x00, 0x00, 0x00, 0x00, 0x00, 0x00,
	0x00, 0x00, 0x00, 0x00, 0x00, 0x00, 0x00, 0x00, 0x00, 0x00, 0x00, 0x00,
	0x00, 0x00, 0x00, 0x00, 0x00, 0x00, 0x00, 0x00, 0x00, 0x00, 0x00, 0x00,
	0x00, 0x00, 0x00, 0x00, 0x00, 0x00, 0x00, 0x00, 0x00, 0x00, 0x00, 0x00,
	0x00, 0x00, 0x00, 0x00, 0x00, 0x00, 0x00, 0x00, 0x00, 0x00, 0x00, 0x00,
	0x00, 0x00, 0x00, 0x00, 0x00, 0x00, 0x00, 0x00, 0x00, 0x00, 0x00, 0x00,
	0x00, 0x00, 0x00, 0x00, 0x00, 0x00, 0x00, 0x00, 0x00, 0x00, 0x00, 0x00,
	0x00, 0x00, 0x00, 0x00, 0x00, 0x00, 0x00, 0x00, 0x00, 0x00, 0x00, 0x00,
	0x00, 0x00, 0x00, 0x00, 0x00, 0x00, 0x00, 0x00, 0x00, 0x00, 0x00, 0x00,
	0x00, 0x00, 0x00, 0x00, 0x00, 0x00, 0x00, 0x00, 0x00, 0x00, 0x00, 0x00,
	0x00, 0x00, 0x00, 0x00, 0x00, 0x00, 0x00, 0x00, 0x00, 0x00, 0x00, 0x00,
	0x00, 0x00, 0x00, 0x00, 0x00, 0x00, 0x00, 0x00, 0x00, 0x00, 0x00, 0x00,
	0x00, 0x00, 0x00, 0x00, 0x00, 0x00, 0x00, 0x00, 0x00, 0x00, 0x00, 0x00,
	0x00, 0x00, 0x00, 0x00, 0x00, 0x00, 0x00, 0x00, 0x00, 0x00, 0x00, 0x00,
	0x00, 0x00, 0x00, 0x00, 0x00, 0x00, 0x00, 0x00, 0x00, 0x00, 0x00, 0x00,
	0x00, 0x00, 0x00, 0x00, 0x00, 0x00, 0x00, 0x00, 0x00, 0x00, 0x00, 0x00,
	0x00, 0x00, 0x00, 0x00, 0x00, 0x00, 0x00, 0x00, 0x00, 0x00, 0x00, 0x00,
	0x00, 0x00, 0x00, 0x00, 0x00, 0x00, 0x00, 0x00, 0x00, 0x00, 0x00, 0x00,
	0x00, 0x00, 0x00, 0x00, 0x00, 0x00, 0x00, 0x00, 0x00, 0x00, 0x00, 0x00,
	0x00, 0x00, 0x00, 0x00, 0x00, 0x00, 0x00, 0x00, 0x00, 0x00, 0x00, 0x00,
	0x00, 0x00, 0x00, 0x00, 0x00, 0x00, 0x00, 0x00, 0x00, 0x00, 0x00, 0x00,
	0x00, 0x00, 0x00, 0x00, 0x00, 0x00, 0x00, 0x00, 0x00, 0x00, 0x00, 0x00,
	0x00, 0x00, 0x00, 0x00, 0x00, 0x00, 0x00, 0x00, 0x00, 0x00, 0x00, 0x00,
	0x00, 0x00, 0x00, 0x00, 0x00, 0x00, 0x00, 0x00, 0x00, 0x00, 0x00, 0x00,
	0x00, 0x00, 0x00, 0x00, 0x00, 0x00, 0x00, 0x00, 0x00, 0x00, 0x00, 0x00,
	0x00, 0x00, 0x00, 0x00, 0x00, 0x00, 0x00, 0x00, 0x00, 0x00, 0x00, 0x00,
	0x00, 0x00, 0x00, 0x00, 0x00, 0x00, 0x00, 0x00, 0x00, 0x00, 0x00, 0x00,
	0x00, 0x00, 0x00, 0x00, 0x00, 0x00, 0x00, 0x00, 0x00, 0x00, 0x00, 0x00,
	0x00, 0x00, 0x00, 0x00, 0x00, 0x00, 0x00, 0x00, 0x00, 0x00, 0x00, 0x00,
	0x00, 0x00, 0x00, 0x00, 0x00, 0x00, 0x00, 0x00, 0x00, 0x00, 0x00, 0x00,
	0x00, 0x00, 0x00, 0x00, 0x00, 0x00, 0x00, 0x00, 0x00, 0x00, 0x00, 0x00,
	0x00, 0x00, 0x00, 0x00, 0x00, 0x00, 0x00, 0x00, 0x00, 0x00, 0x00, 0x00,
	0x00, 0x00, 0x00, 0x00, 0x00, 0x00, 0x00, 0x00, 0x00, 0x00, 0x00, 0x00,
	0x00, 0x00, 0x00, 0x00, 0x00, 0x00, 0x00, 0x00, 0x00, 0x00, 0x00, 0x00,
	0x00, 0x00, 0x00, 0x00, 0x00, 0x00, 0x00, 0x00, 0x00, 0x00, 0x00, 0x00,
	0x00, 0x00, 0x00, 0x00, 0x00, 0x00, 0x00, 0x00, 0x00, 0x00, 0x00, 0x00,
	0x00, 0x00, 0x00, 0x00, 0x00, 0x00, 0x00, 0x00, 0x00, 0x00, 0x00, 0x00,
	0x00, 0x00, 0x00, 0x00, 0x00, 0x00, 0x00, 0x00, 0x00, 0x00, 0x00, 0x00,
	0x00, 0x00, 0x00, 0x00, 0x00, 0x00, 0x00, 0x00, 0x00, 0x00, 0x00, 0x00,
	0x00, 0x00, 0x00, 0x00, 0x00, 0x00, 0x00, 0x00, 0x00, 0x00, 0x00, 0x00,
	0x00, 0x00, 0x00, 0x00, 0x00, 0x00, 0x00, 0x00, 0x00, 0x00, 0x00, 0x00,
	0x00, 0x00, 0x00, 0x00, 0x00, 0x00, 0x00, 0x00, 0x00, 0x00, 0x00, 0x00,
	0x00, 0x00, 0x00, 0x00, 0x00, 0x00, 0x00, 0x00, 0x00, 0x00, 0x00, 0x00,
	0x00, 0x00, 0x00, 0x00, 0x00, 0x00, 0x00, 0x00, 0x00, 0x00, 0x00, 0x00,
	0x00, 0x00, 0x00, 0x00, 0x00, 0x00, 0x00, 0x00, 0x00, 0x00, 0x00, 0x00,
	0x00, 0x00, 0x00, 0x00, 0x00, 0x00, 0x00, 0x00, 0x00, 0x00, 0x00, 0x00,
	0x00, 0x00, 0x00, 0x00, 0x00, 0x00, 0x00, 0x00, 0x00, 0x00, 0x00, 0x00,
	0x00, 0x00, 0x00, 0x00, 0x00, 0x00, 0x00, 0x00, 0x00, 0x00, 0x00, 0x00,
	0x00, 0x00, 0x00, 0x00, 0x00, 0x00, 0x00, 0x00, 0x00, 0x00, 0x00, 0x00,
	0x00, 0x00, 0x00, 0x00, 0x00, 0x00, 0x00, 0x00, 0x00, 0x00, 0x00, 0x00,
	0x00, 0x00, 0x00, 0x00, 0x00, 0x00, 0x00, 0x00, 0x00, 0x00, 0x00, 0x00,
	0x00, 0x00, 0x00, 0x00, 0x00, 0x00, 0x00, 0x00, 0x00, 0x00, 0x00, 0x00,
	0x00, 0x00, 0x00, 0x00, 0x00, 0x00, 0x00, 0x00, 0x00, 0x00, 0x00, 0x00,
	0x00, 0x00, 0x00, 0x00, 0x00, 0x00, 0x00, 0x00, 0x00, 0x00, 0x00, 0x00,
	0x00, 0x00, 0x00, 0x00, 0x00, 0x00, 0x00, 0x00, 0x00, 0x00, 0x00, 0x00,
	0x00, 0x00, 0x00, 0x00, 0x00, 0x00, 0x00, 0x00, 0x00, 0x00, 0x00, 0x00,
	0x00, 0x00, 0x00, 0x00, 0x00, 0x00, 0x00, 0x00, 0x00, 0x00, 0x00, 0x00,
	0x00, 0x00, 0x00, 0x00, 0x00, 0x00, 0x00, 0x00, 0x00, 0x00, 0x00, 0x00,
	0x00, 0x00, 0x00, 0x00, 0x00, 0x00, 0x00, 0x00, 0x00, 0x00, 0x00, 0x00,
	0x00, 0x00, 0x00, 0x00, 0x00, 0x00, 0x00, 0x00, 0x00, 0x00, 0x00, 0x00,
	0x00, 0x00, 0x00, 0x00, 0x00, 0x00, 0x00, 0x00, 0x00, 0x00, 0x00, 0x00,
	0x00, 0x00, 0x00, 0x00, 0x00, 0x00, 0x00, 0x00, 0x00, 0x00, 0x00, 0x00,
	0x00, 0x00, 0x00, 0x00, 0x00, 0x00, 0x00, 0x00, 0x00, 0x00, 0x00, 0x00,
	0x00, 0x00, 0x00, 0x00, 0x00, 0x00, 0x00, 0x00, 0x00, 0x00, 0x00, 0x00,
	0x00, 0x00, 0x00, 0x00, 0x00, 0x00, 0x00, 0x00, 0x00, 0x00, 0x00, 0x00,
	0x00, 0x00, 0x00, 0x00, 0x00, 0x00, 0x00, 0x00, 0x00, 0x00, 0x00, 0x00,
	0x00, 0x00, 0x00, 0x00, 0x00, 0x00, 0x00, 0x00, 0x00, 0x00, 0x00, 0x00,
	0x00, 0x00, 0x00, 0x00, 0x00, 0x00, 0x00, 0x00, 0x00, 0x00, 0x00, 0x00,
	0x00, 0x00, 0x00, 0x00, 0x00, 0x00, 0x00, 0x00, 0x00, 0x00, 0x00, 0x00,
	0x00, 0x00, 0x00, 0x00, 0x00, 0x00, 0x00, 0x00, 0x00, 0x00, 0x00, 0x00,
	0x00, 0x00, 0x00, 0x00, 0x00, 0x00, 0x00, 0x00, 0x00, 0x00, 0x00, 0x00,
	0x00, 0x00, 0x00, 0x00, 0x00, 0x00, 0x00, 0x00, 0x00, 0x00, 0x00, 0x00,
	0x00, 0x00, 0x00, 0x00, 0x00, 0x00, 0x00, 0x00, 0x00, 0x00, 0x00, 0x00,
	0x00, 0x00, 0x00, 0x00, 0x00, 0x00, 0x00, 0x00, 0x00, 0x00, 0x00, 0x00,
	0x00, 0x00, 0x00, 0x00, 0x00, 0x00, 0x00, 0x00, 0x00, 0x00, 0x00, 0x00,
	0x00, 0x00, 0x00, 0x00, 0x00, 0x00, 0x00, 0x00, 0x00, 0x00, 0x00, 0x00,
	0x00, 0x00, 0x00, 0x00, 0x00, 0x00, 0x00, 0x00, 0x00, 0x00, 0x00, 0x00,
	0x00, 0x00, 0x00, 0x00, 0x00, 0x00, 0x00, 0x00, 0x00, 0x00, 0x00, 0x00,
	0x00, 0x00, 0x00, 0x00, 0x00, 0x00, 0x00, 0x00, 0x00, 0x00, 0x00, 0x00,
	0x00, 0x00, 0x00, 0x00, 0x00, 0x00, 0x00, 0x00, 0x00, 0x00, 0x00, 0x00,
	0x00, 0x00, 0x00, 0x00, 0x00, 0x00, 0x00, 0x00, 0x00, 0x00, 0x00, 0x00,
	0x00, 0x00, 0x00, 0x00, 0x00, 0x00, 0x00, 0x00, 0x00, 0x00, 0x00, 0x00,
	0x00, 0x00, 0x00, 0x00, 0x00, 0x00, 0x00, 0x00, 0x00, 0x00, 0x00, 0x00,
	0x00, 0x00, 0x00, 0x00, 0x00, 0x00, 0x00, 0x00, 0x00, 0x00, 0x00, 0x00,
	0x00, 0x00, 0x00, 0x00, 0x00, 0x00, 0x00, 0x00, 0x00, 0x00, 0x00, 0x00,
	0x00, 0x00, 0x00, 0x00, 0x00, 0x00, 0x00, 0x00, 0x00, 0x00, 0x00, 0x00,
	0x00, 0x00, 0x00, 0x00, 0x00, 0x00, 0x00, 0x00, 0x00, 0x00, 0x00, 0x00,
	0x00, 0x00, 0x00, 0x00, 0x00, 0x00, 0x00, 0x00, 0x00, 0x00, 0x00, 0x00,
	0x00, 0x00, 0x00, 0x00, 0x00, 0x00, 0x00, 0x00, 0x00, 0x00, 0x00, 0x00,
	0x00, 0x00, 0x00, 0x00, 0x00, 0x00, 0x00, 0x00, 0x00, 0x00, 0x00, 0x00,
	0x00, 0x00, 0x00, 0x00, 0x00, 0x00, 0x00, 0x00, 0x00, 0x00, 0x00, 0x00,
	0x00, 0x00, 0x00, 0x00, 0x00, 0x00, 0x00, 0x00, 0x00, 0x00, 0x00, 0x00,
	0x00, 0x00, 0x00, 0x00, 0x00, 0x00, 0x00, 0x00, 0x00, 0x00, 0x00, 0x00,
	0x00, 0x00, 0x00, 0x00, 0x00, 0x00, 0x00, 0x00, 0x00, 0x00, 0x00, 0x00,
	0x00, 0x00, 0x00, 0x00, 0x00, 0x00, 0x00, 0x00, 0x00, 0x00, 0x00, 0x00,
	0x00, 0x00, 0x00, 0x00, 0x00, 0x00, 0x00, 0x00, 0x00, 0x00, 0x00, 0x00,
	0x00, 0x00, 0x00, 0x00, 0x00, 0x00, 0x00, 0x00, 0x00, 0x00, 0x00, 0x00,
	0x00, 0x00, 0x00, 0x00, 0x00, 0x00, 0x00, 0x00, 0x00, 0x00, 0x00, 0x00,
	0x00, 0x00, 0x00, 0x00, 0x00, 0x00, 0x00, 0x00, 0x00, 0x00, 0x00, 0x00,
	0x00, 0x00, 0x00, 0x00, 0x00, 0x00, 0x00, 0x00, 0x00, 0x00, 0x00, 0x00,
	0x00, 0x00, 0x00, 0x00, 0x00, 0x00, 0x00, 0x00, 0x00, 0x00, 0x00, 0x00,
	0x00, 0x00, 0x00, 0x00, 0x00, 0x00, 0x00, 0x00, 0x00, 0x00, 0x00, 0x00,
	0x00, 0x00, 0x00, 0x00, 0x00, 0x00, 0x00, 0x00, 0x00, 0x00, 0x00, 0x00,
	0x00, 0x00, 0x00, 0x00, 0x00, 0x00, 0x00, 0x00, 0x00, 0x00, 0x00, 0x00,
	0x00, 0x00, 0x00, 0x00, 0x00, 0x00, 0x00, 0x00, 0x00, 0x00, 0x00, 0x00,
	0x00, 0x00, 0x00, 0x00, 0x00, 0x00, 0x00, 0x00, 0x00, 0x00, 0x00, 0x00,
	0x00, 0x00, 0x00, 0x00, 0x00, 0x00, 0x00, 0x00, 0x00, 0x00, 0x00, 0x00,
	0x00, 0x00, 0x00, 0x00, 0x00, 0x00, 0x00, 0x00, 0x00, 0x00, 0x00, 0x00,
	0x00, 0x00, 0x00, 0x00, 0x00, 0x00, 0x00, 0x00, 0x00, 0x00, 0x00, 0x00,
	0x00, 0x00, 0x00, 0x00, 0x00, 0x00, 0x00, 0x00, 0x00, 0x00, 0x00, 0x00,
	0x00, 0x00, 0x00, 0x00, 0x00, 0x00, 0x00, 0x00, 0x00, 0x00, 0x00, 0x00,
	0x00, 0x00, 0x00, 0x00, 0x00, 0x00, 0x00, 0x00, 0x00, 0x00, 0x00, 0x00,
	0x00, 0x00, 0x00, 0x00, 0x00, 0x00, 0x00, 0x00, 0x00, 0x00, 0x00, 0x00,
	0x00, 0x00, 0x00, 0x00, 0x00, 0x00, 0x00, 0x00, 0x00, 0x00, 0x00, 0x00,
	0x00, 0x00, 0x00, 0x00, 0x00, 0x00, 0x00, 0x00, 0x00, 0x00, 0x00, 0x00,
	0x00, 0x00, 0x00, 0x00, 0x00, 0x00, 0x00, 0x00, 0x00, 0x00, 0x00, 0x00,
	0x00, 0x00, 0x00, 0x00, 0x00, 0x00, 0x00, 0x00, 0x00, 0x00, 0x00, 0x00,
	0x00, 0x00, 0x00, 0x00, 0x00, 0x00, 0x00, 0x00, 0x00, 0x00, 0x00, 0x00,
	0x00, 0x00, 0x00, 0x00, 0x00, 0x00, 0x00, 0x00, 0x00, 0x00, 0x00, 0x00,
	0x00, 0x00, 0x00, 0x00, 0x00, 0x00, 0x00, 0x00, 0x00, 0x00, 0x00, 0x00,
	0x00, 0x00, 0x00, 0x00, 0x00, 0x00, 0x00, 0x00, 0x00, 0x00, 0x00, 0x00,
	0x00, 0x00, 0x00, 0x00, 0x00, 0x00, 0x00, 0x00, 0x00, 0x00, 0x00, 0x00,
	0x00, 0x00, 0x00, 0x00, 0x00, 0x00, 0x00, 0x00, 0x00, 0x00, 0x00, 0x00,
	0x00, 0x00, 0x00, 0x00, 0x00, 0x00, 0x00, 0x00, 0x00, 0x00, 0x00, 0x00,
	0x00, 0x00, 0x00, 0x00, 0x00, 0x00, 0x00, 0x00, 0x00, 0x00, 0x00, 0x00,
	0x00, 0x00, 0x00, 0x00, 0x00, 0x00, 0x00, 0x00, 0x00, 0x00, 0x00, 0x00,
	0x00, 0x00, 0x00, 0x00, 0x00, 0x00, 0x00, 0x00, 0x00, 0x00, 0x00, 0x00,
	0x00, 0x00, 0x00, 0x00, 0x00, 0x00, 0x00, 0x00, 0x00, 0x00, 0x00, 0x00,
	0x00, 0x00, 0x00, 0x00, 0x00, 0x00, 0x00, 0x00, 0x00, 0x00, 0x00, 0x00,
	0x00, 0x00, 0x00, 0x00, 0x00, 0x00, 0x00, 0x00, 0x00, 0x00, 0x00, 0x00,
	0x00, 0x00, 0x00, 0x00, 0x00, 0x00, 0x00, 0x00, 0x00, 0x00, 0x00, 0x00,
	0x00, 0x00, 0x00, 0x00, 0x00, 0x00, 0x00, 0x00, 0x00, 0x00, 0x00, 0x00,
	0x00, 0x00, 0x00, 0x00, 0x00, 0x00, 0x00, 0x00, 0x00, 0x00, 0x00, 0x00,
	0x00, 0x00, 0x00, 0x00, 0x00, 0x00, 0x00, 0x00, 0x00, 0x00, 0x00, 0x00,
	0x00, 0x00, 0x00, 0x00, 0x00, 0x00, 0x00, 0x00, 0x00, 0x00, 0x00, 0x00,
	0x00, 0x00, 0x00, 0x00, 0x00, 0x00, 0x00, 0x00, 0x00, 0x00, 0x00, 0x00,
	0x00, 0x00, 0x00, 0x00, 0x00, 0x00, 0x00, 0x00, 0x00, 0x00, 0x00, 0x00,
	0x00, 0x00, 0x00, 0x00, 0x00, 0x00, 0x00, 0x00, 0x00, 0x00, 0x00, 0x00,
	0x00, 0x00, 0x00, 0x00, 0x00, 0x00, 0x00, 0x00, 0x00, 0x00, 0x00, 0x00,
	0x00, 0x00, 0x00, 0x00, 0x00, 0x00, 0x00, 0x00, 0x00, 0x00, 0x00, 0x00,
	0x00, 0x00, 0x00, 0x00, 0x00, 0x00, 0x00, 0x00, 0x00, 0x00, 0x00, 0x00,
	0x00, 0x00, 0x00, 0x00, 0x00, 0x00, 0x00, 0x00, 0x00, 0x00, 0x00, 0x00,
	0x00, 0x00, 0x00, 0x00, 0x00, 0x00, 0x00, 0x00, 0x00, 0x00, 0x00, 0x00,
	0x00, 0x00, 0x00, 0x00, 0x00, 0x00, 0x00, 0x00, 0x00, 0x00, 0x00, 0x00,
	0x00, 0x00, 0x00, 0x00, 0x00, 0x00, 0x00, 0x00, 0x00, 0x00, 0x00, 0x00,
	0x00, 0x00, 0x00, 0x00, 0x00, 0x00, 0x00, 0x00, 0x00, 0x00, 0x00, 0x00,
	0x00, 0x00, 0x00, 0x00, 0x00, 0x00, 0x00, 0x00, 0x00, 0x00, 0x00, 0x00,
	0x00, 0x00, 0x00, 0x00, 0x00, 0x00, 0x00, 0x00, 0x00, 0x00, 0x00, 0x00,
	0x00, 0x00, 0x00, 0x00, 0x00, 0x00, 0x00, 0x00, 0x00, 0x00, 0x00, 0x00,
	0x00, 0x00, 0x00, 0x00, 0x00, 0x00, 0x00, 0x00, 0x00, 0x00, 0x00, 0x00,
	0x00, 0x00, 0x00, 0x00, 0x00, 0x00, 0x00, 0x00, 0x00, 0x00, 0x00, 0x00,
	0x00, 0x00, 0x00, 0x00, 0x00, 0x00, 0x00, 0x00, 0x00, 0x00, 0x00, 0x00,
	0x00, 0x00, 0x00, 0x00, 0x00, 0x00, 0x00, 0x00, 0x00, 0x00, 0x00, 0x00,
	0x00, 0x00, 0x00, 0x00, 0x00, 0x00, 0x00, 0x00, 0x00, 0x00, 0x00, 0x00,
	0x00, 0x00, 0x00, 0x00, 0x00, 0x00, 0x00, 0x00, 0x00, 0x00, 0x00, 0x00,
	0x00, 0x00, 0x00, 0x00, 0x00, 0x00, 0x00, 0x00, 0x00, 0x00, 0x00, 0x00,
	0x00, 0x00, 0x00, 0x00, 0x00, 0x00, 0x00, 0x00, 0x00, 0x00, 0x00, 0x00,
	0x00, 0x00, 0x00, 0x00, 0x00, 0x00, 0x00, 0x00, 0x00, 0x00, 0x00, 0x00,
	0x00, 0x00, 0x00, 0x00, 0x00, 0x00, 0x00, 0x00, 0x00, 0x00, 0x00, 0x00,
	0x00, 0x00, 0x00, 0x00, 0x00, 0x00, 0x00, 0x00, 0x00, 0x00, 0x00, 0x00,
	0x00, 0x00, 0x00, 0x00, 0x00, 0x00, 0x00, 0x00, 0x00, 0x00, 0x00, 0x00,
	0x00, 0x00, 0x00, 0x00, 0x00, 0x00, 0x00, 0x00, 0x00, 0x00, 0x00, 0x00,
	0x00, 0x00, 0x00, 0x00, 0x00, 0x00, 0x00, 0x00, 0x00, 0x00, 0x00, 0x00,
	0x00, 0x00, 0x00, 0x00, 0x00, 0x00, 0x00, 0x00, 0x00, 0x00, 0x00, 0x00,
	0x00, 0x00, 0x00, 0x00, 0x00, 0x00, 0x00, 0x00, 0x00, 0x00, 0x00, 0x00,
	0x00, 0x00, 0x00, 0x00, 0x00, 0x00, 0x00, 0x00, 0x00, 0x00, 0x00, 0x00,
	0x00, 0x00, 0x00, 0x00, 0x00, 0x00, 0x00, 0x00, 0x00, 0x00, 0x00, 0x00,
	0x00, 0x00, 0x00, 0x00, 0x00, 0x00, 0x00, 0x00, 0x00, 0x00, 0x00, 0x00,
	0x00, 0x00, 0x00, 0x00, 0x00, 0x00, 0x00, 0x00, 0x00, 0x00, 0x00, 0x00,
	0x00, 0x00, 0x00, 0x00, 0x00, 0x00, 0x00, 0x00, 0x00, 0x00, 0x00, 0x00,
	0x00, 0x00, 0x00, 0x00, 0x00, 0x00, 0x00, 0x00, 0x00, 0x00, 0x00, 0x00,
	0x00, 0x00, 0x00, 0x00, 0x00, 0x00, 0x00, 0x00, 0x00, 0x00, 0x00, 0x00,
	0x00, 0x00, 0x00, 0x00, 0x00, 0x00, 0x00, 0x00, 0x00, 0x00, 0x00, 0x00,
	0x00, 0x00, 0x00, 0x00, 0x00, 0x00, 0x00, 0x00, 0x00, 0x00, 0x00, 0x00,
	0x00, 0x00, 0x00, 0x00, 0x00, 0x00, 0x00, 0x00, 0x00, 0x00, 0x00, 0x00,
	0x00, 0x00, 0x00, 0x00, 0x00, 0x00, 0x00, 0x00, 0x00, 0x00, 0x00, 0x00,
	0x00, 0x00, 0x00, 0x00, 0x00, 0x00, 0x00, 0x00, 0x00, 0x00, 0x00, 0x00,
	0x00, 0x00, 0x00, 0x00, 0x00, 0x00, 0x00, 0x00, 0x00, 0x00, 0x00, 0x00,
	0x00, 0x00, 0x00, 0x00, 0x00, 0x00, 0x00, 0x00, 0x00, 0x00, 0x00, 0x00,
	0x00, 0x00, 0x00, 0x00, 0x00, 0x00, 0x00, 0x00, 0x00, 0x00, 0x00, 0x00,
	0x00, 0x00, 0x00, 0x00, 0x00, 0x00, 0x00, 0x00, 0x00, 0x00, 0x00, 0x00,
	0x00, 0x00, 0x00, 0x00, 0x00, 0x00, 0x00, 0x00, 0x00, 0x00, 0x00, 0x00,
	0x00, 0x00, 0x00, 0x00, 0x00, 0x00, 0x00, 0x00, 0x00, 0x00, 0x00, 0x00,
	0x00, 0x00, 0x00, 0x00, 0x00, 0x00, 0x00, 0x00, 0x00, 0x00, 0x00, 0x00,
	0x00, 0x00, 0x00, 0x00, 0x00, 0x00, 0x00, 0x00, 0x00, 0x00, 0x00, 0x00,
	0x00, 0x00, 0x00, 0x00, 0x00, 0x00, 0x00, 0x00, 0x00, 0x00, 0x00, 0x00,
	0x00, 0x00, 0x00, 0x00, 0x00, 0x00, 0x00, 0x00, 0x00, 0x00, 0x00, 0x00,
	0x00, 0x00, 0x00, 0x00, 0x00, 0x00, 0x00, 0x00, 0x00, 0x00, 0x00, 0x00,
	0x00, 0x00, 0x00, 0x00, 0x00, 0x00, 0x00, 0x00, 0x00, 0x00, 0x00, 0x00,
	0x00, 0x00, 0x00, 0x00, 0x00, 0x00, 0x00, 0x00, 0x00, 0x00, 0x00, 0x00,
	0x00, 0x00, 0x00, 0x00, 0x00, 0x00, 0x00, 0x00, 0x00, 0x00, 0x00, 0x00,
	0x00, 0x00, 0x00, 0x00, 0x00, 0x00, 0x00, 0x00, 0x00, 0x00, 0x00, 0x00,
	0x00, 0x00, 0x00, 0x00, 0x00, 0x00, 0x00, 0x00
};