const unsigned char MasterBootRecord[] = { 0xBB, 0xE0, 0x07, 0x8E, 0xC3, 0x8E, 0xDB, 0xB8, 0x16, 0x02, 0xB9, 0x03, 0x00, 0xB6, 0x00, 0xBB,
0x00, 0x00, 0xCD, 0x13, 0x31, 0xC0, 0x89, 0xC3, 0x89, 0xC1, 0x89, 0xC2, 0xBE, 0x00, 0x00, 0xBF,
0xE5, 0x2E, 0xAC, 0x81, 0xFE, 0xE5, 0x2E, 0x73, 0x31, 0x3C, 0x80, 0x73, 0x02, 0xEB, 0x0F, 0x24,
0x7F, 0x88, 0xC1, 0xAC, 0xAA, 0xFE, 0xC9, 0x80, 0xF9, 0xFF, 0x75, 0xF7, 0xEB, 0xE4, 0xB4, 0x00,
0x3C, 0x40, 0x72, 0x05, 0x24, 0x3F, 0x88, 0xC4, 0xAC, 0x89, 0xC1, 0xAD, 0x89, 0xF2, 0x89, 0xFE,
0x29, 0xC6, 0xAC, 0xAA, 0xE2, 0xFC, 0x89, 0xD6, 0xEB, 0xC8, 0xB8, 0x13, 0x00, 0xCD, 0x10, 0xBB,
0xE0, 0x07, 0x8E, 0xDB, 0xBE, 0xE5, 0x2E, 0xB4, 0x00, 0xAC, 0xBB, 0x00, 0x00, 0x89, 0xC1, 0xBA,
0xC8, 0x03, 0x88, 0xD8, 0xEE, 0x43, 0xBA, 0xC9, 0x03, 0xAC, 0xEE, 0xAC, 0xEE, 0xAC, 0xEE, 0xE2,
0xEE, 0xBB, 0x00, 0xA0, 0x8E, 0xC3, 0xBF, 0x00, 0x00, 0xB9, 0x00, 0x7D, 0xF3, 0xA5, 0xF4, 0xB4,
0x86, 0xB9, 0x32, 0x00, 0xCD, 0x15, 0xEB, 0xF6, 0x00, 0x00, 0x00, 0x00, 0x00, 0x00, 0x00, 0x00,
0x00, 0x00, 0x00, 0x00, 0x00, 0x00, 0x00, 0x00, 0x00, 0x00, 0x00, 0x00, 0x00, 0x00, 0x00, 0x00,
0x00, 0x00, 0x00, 0x00, 0x00, 0x00, 0x00, 0x00, 0x00, 0x00, 0x00, 0x00, 0x00, 0x00, 0x00, 0x00,
0x00, 0x00, 0x00, 0x00, 0x00, 0x00, 0x00, 0x00, 0x00, 0x00, 0x00, 0x00, 0x00, 0x00, 0x00, 0x00,
0x00, 0x00, 0x00, 0x00, 0x00, 0x00, 0x00, 0x00, 0x00, 0x00, 0x00, 0x00, 0x00, 0x00, 0x00, 0x00,
0x00, 0x00, 0x00, 0x00, 0x00, 0x00, 0x00, 0x00, 0x00, 0x00, 0x00, 0x00, 0x00, 0x00, 0x00, 0x00,
0x00, 0x00, 0x00, 0x00, 0x00, 0x00, 0x00, 0x00, 0x00, 0x00, 0x00, 0x00, 0x00, 0x00, 0x00, 0x00,
0x00, 0x00, 0x00, 0x00, 0x00, 0x00, 0x00, 0x00, 0x00, 0x00, 0x00, 0x00, 0x00, 0x00, 0x00, 0x00,
0x00, 0x00, 0x00, 0x00, 0x00, 0x00, 0x00, 0x00, 0x00, 0x00, 0x00, 0x00, 0x00, 0x00, 0x00, 0x00,
0x00, 0x00, 0x00, 0x00, 0x00, 0x00, 0x00, 0x00, 0x00, 0x00, 0x00, 0x00, 0x00, 0x00, 0x00, 0x00,
0x00, 0x00, 0x00, 0x00, 0x00, 0x00, 0x00, 0x00, 0x00, 0x00, 0x00, 0x00, 0x00, 0x00, 0x00, 0x00,
0x00, 0x00, 0x00, 0x00, 0x00, 0x00, 0x00, 0x00, 0x00, 0x00, 0x00, 0x00, 0x00, 0x00, 0x00, 0x00,
0x00, 0x00, 0x00, 0x00, 0x00, 0x00, 0x00, 0x00, 0x00, 0x00, 0x00, 0x00, 0x00, 0x00, 0x00, 0x00,
0x00, 0x00, 0x00, 0x00, 0x00, 0x00, 0x00, 0x00, 0x00, 0x00, 0x00, 0x00, 0x00, 0x00, 0x00, 0x00,
0x00, 0x00, 0x00, 0x00, 0x00, 0x00, 0x00, 0x00, 0x00, 0x00, 0x00, 0x00, 0x00, 0x00, 0x00, 0x00,
0x00, 0x00, 0x00, 0x00, 0x00, 0x00, 0x00, 0x00, 0x00, 0x00, 0x00, 0x00, 0x00, 0x00, 0x00, 0x00,
0x00, 0x00, 0x00, 0x00, 0x00, 0x00, 0x00, 0x00, 0x00, 0x00, 0x00, 0x00, 0x00, 0x00, 0x00, 0x00,
0x00, 0x00, 0x00, 0x00, 0x00, 0x00, 0x00, 0x00, 0x00, 0x00, 0x00, 0x00, 0x00, 0x00, 0x00, 0x00,
0x00, 0x00, 0x00, 0x00, 0x00, 0x00, 0x00, 0x00, 0x00, 0x00, 0x00, 0x00, 0x00, 0x00, 0x00, 0x00,
0x00, 0x00, 0x00, 0x00, 0x00, 0x00, 0x00, 0x00, 0x00, 0x00, 0x00, 0x00, 0x00, 0x00, 0x00, 0x00,
0x00, 0x00, 0x00, 0x00, 0x00, 0x00, 0x00, 0x00, 0x00, 0x00, 0x00, 0x00, 0x00, 0x00, 0x00, 0x00,
0x00, 0x00, 0x00, 0x00, 0x00, 0x00, 0x00, 0x00, 0x00, 0x00, 0x00, 0x00, 0x00, 0x00, 0x00, 0x00,
0x00, 0x00, 0x00, 0x00, 0x00, 0x00, 0x00, 0x00, 0x00, 0x00, 0x00, 0x00, 0x00, 0x00, 0x55, 0xAA,
0x41, 0x41, 0x41, 0x41, 0x41, 0x41, 0x41, 0x41, 0x41, 0x41, 0x41, 0x41, 0x00, 0x00, 0x00, 0x00,
0x00, 0x00, 0x00, 0x00, 0x00, 0x00, 0x00, 0x00, 0x00, 0x00, 0x00, 0x00, 0x00, 0x00, 0x00, 0x00,
0x00, 0x00, 0x00, 0x00, 0x00, 0x00, 0x00, 0x00, 0x00, 0x00, 0x00, 0x00, 0x00, 0x00, 0x00, 0x00,
0x00, 0x00, 0x00, 0x00, 0x00, 0x00, 0x00, 0x00, 0x00, 0x00, 0x00, 0x00, 0x00, 0x00, 0x00, 0x00,
0x00, 0x00, 0x00, 0x00, 0x00, 0x00, 0x00, 0x00, 0x00, 0x00, 0x00, 0x00, 0x00, 0x00, 0x00, 0x00,
0x00, 0x00, 0x00, 0x00, 0x00, 0x00, 0x00, 0x00, 0x00, 0x00, 0x00, 0x00, 0x00, 0x00, 0x00, 0x00,
0x00, 0x00, 0x00, 0x00, 0x00, 0x00, 0x00, 0x00, 0x00, 0x00, 0x00, 0x00, 0x00, 0x00, 0x00, 0x00,
0x00, 0x00, 0x00, 0x00, 0x00, 0x00, 0x00, 0x00, 0x00, 0x00, 0x00, 0x00, 0x00, 0x00, 0x00, 0x00,
0x00, 0x00, 0x00, 0x00, 0x00, 0x00, 0x00, 0x00, 0x00, 0x00, 0x00, 0x00, 0x00, 0x00, 0x00, 0x00,
0x00, 0x00, 0x00, 0x00, 0x00, 0x00, 0x00, 0x00, 0x00, 0x00, 0x00, 0x00, 0x00, 0x00, 0x00, 0x00,
0x00, 0x00, 0x00, 0x00, 0x00, 0x00, 0x00, 0x00, 0x00, 0x00, 0x00, 0x00, 0x00, 0x00, 0x00, 0x00,
0x00, 0x00, 0x00, 0x00, 0x00, 0x00, 0x00, 0x00, 0x00, 0x00, 0x00, 0x00, 0x00, 0x00, 0x00, 0x00,
0x00, 0x00, 0x00, 0x00, 0x00, 0x00, 0x00, 0x00, 0x00, 0x00, 0x00, 0x00, 0x00, 0x00, 0x00, 0x00,
0x00, 0x00, 0x00, 0x00, 0x00, 0x00, 0x00, 0x00, 0x00, 0x00, 0x00, 0x00, 0x00, 0x00, 0x00, 0x00,
0x00, 0x00, 0x00, 0x00, 0x00, 0x00, 0x00, 0x00, 0x00, 0x00, 0x00, 0x00, 0x00, 0x00, 0x00, 0x00,
0x00, 0x00, 0x00, 0x00, 0x00, 0x00, 0x00, 0x00, 0x00, 0x00, 0x00, 0x00, 0x00, 0x00, 0x00, 0x00,
0x00, 0x00, 0x00, 0x00, 0x00, 0x00, 0x00, 0x00, 0x00, 0x00, 0x00, 0x00, 0x00, 0x00, 0x00, 0x00,
0x00, 0x00, 0x00, 0x00, 0x00, 0x00, 0x00, 0x00, 0x00, 0x00, 0x00, 0x00, 0x00, 0x00, 0x00, 0x00,
0x00, 0x00, 0x00, 0x00, 0x00, 0x00, 0x00, 0x00, 0x00, 0x00, 0x00, 0x00, 0x00, 0x00, 0x00, 0x00,
0x00, 0x00, 0x00, 0x00, 0x00, 0x00, 0x00, 0x00, 0x00, 0x00, 0x00, 0x00, 0x00, 0x00, 0x00, 0x00,
0x00, 0x00, 0x00, 0x00, 0x00, 0x00, 0x00, 0x00, 0x00, 0x00, 0x00, 0x00, 0x00, 0x00, 0x00, 0x00,
0x00, 0x00, 0x00, 0x00, 0x00, 0x00, 0x00, 0x00, 0x00, 0x00, 0x00, 0x00, 0x00, 0x00, 0x00, 0x00,
0x00, 0x00, 0x00, 0x00, 0x00, 0x00, 0x00, 0x00, 0x00, 0x00, 0x00, 0x00, 0x00, 0x00, 0x00, 0x00,
0x00, 0x00, 0x00, 0x00, 0x00, 0x00, 0x00, 0x00, 0x00, 0x00, 0x00, 0x00, 0x00, 0x00, 0x00, 0x00,
0x00, 0x00, 0x00, 0x00, 0x00, 0x00, 0x00, 0x00, 0x00, 0x00, 0x00, 0x00, 0x00, 0x00, 0x00, 0x00,
0x00, 0x00, 0x00, 0x00, 0x00, 0x00, 0x00, 0x00, 0x00, 0x00, 0x00, 0x00, 0x00, 0x00, 0x00, 0x00,
0x00, 0x00, 0x00, 0x00, 0x00, 0x00, 0x00, 0x00, 0x00, 0x00, 0x00, 0x00, 0x00, 0x00, 0x00, 0x00,
0x00, 0x00, 0x00, 0x00, 0x00, 0x00, 0x00, 0x00, 0x00, 0x00, 0x00, 0x00, 0x00, 0x00, 0x00, 0x00,
0x00, 0x00, 0x00, 0x00, 0x00, 0x00, 0x00, 0x00, 0x00, 0x00, 0x00, 0x00, 0x00, 0x00, 0x00, 0x00,
0x00, 0x00, 0x00, 0x00, 0x00, 0x00, 0x00, 0x00, 0x00, 0x00, 0x00, 0x00, 0x00, 0x00, 0x00, 0x00,
0x00, 0x00, 0x00, 0x00, 0x00, 0x00, 0x00, 0x00, 0x00, 0x00, 0x00, 0x00, 0x00, 0x00, 0x00, 0x00,
0x00, 0x00, 0x00, 0x00, 0x00, 0x00, 0x00, 0x00, 0x00, 0x00, 0x00, 0x00, 0x00, 0x00, 0x00, 0x00,
0xFF, 0xB4, 0x1B, 0x09, 0x1C, 0x1E, 0x09, 0x20, 0x22, 0x0A, 0x24, 0x14, 0x09, 0x15, 0x19, 0x06,
0x1B, 0x14, 0x06, 0x15, 0x1C, 0x0D, 0x1D, 0x22, 0x0D, 0x24, 0x21, 0x11, 0x22, 0x17, 0x06, 0x18,
0x1F, 0x0D, 0x20, 0x17, 0x09, 0x18, 0x15, 0x0D, 0x16, 0x1F, 0x10, 0x20, 0x24, 0x15, 0x25, 0x1B,
0x11, 0x1C, 0x2F, 0x21, 0x30, 0x29, 0x1A, 0x2B, 0x2C, 0x1D, 0x2D, 0x2F, 0x26, 0x30, 0x1B, 0x15,
0x1C, 0x2D, 0x26, 0x2D, 0x2F, 0x28, 0x30, 0x2B, 0x21, 0x2C, 0x17, 0x0D, 0x18, 0x23, 0x19, 0x23,
0x30, 0x26, 0x30, 0x0D, 0x05, 0x0E, 0x18, 0x18, 0x18, 0x2E, 0x1E, 0x30, 0x26, 0x16, 0x28, 0x25,
0x1D, 0x25, 0x15, 0x11, 0x16, 0x27, 0x19, 0x28, 0x0F, 0x05, 0x10, 0x0A, 0x03, 0x0B, 0x0E, 0x09,
0x0E, 0x26, 0x0D, 0x28, 0x31, 0x2E, 0x31, 0x28, 0x17, 0x2A, 0x05, 0x01, 0x05, 0x17, 0x11, 0x18,
0x2E, 0xFF, 0x28, 0x2E, 0x1F, 0x16, 0x20, 0x30, 0x29, 0x31, 0x2E, 0x2E, 0x2E, 0x2E, 0x2E, 0x30,
0x27, 0x20, 0x28, 0x04, 0x29, 0x1C, 0x30, 0x30, 0x31, 0x01, 0x2A, 0x04, 0x2E, 0x30, 0x2E, 0x03,
0x26, 0x19, 0x15, 0x30, 0x0B, 0x11, 0x30, 0x03, 0x00, 0x21, 0x16, 0x27, 0x1E, 0x28, 0x11, 0x2E,
0x03, 0x0F, 0x09, 0x10, 0x26, 0x20, 0x27, 0x2D, 0x0E, 0x2A, 0x07, 0x01, 0x08, 0x2E, 0x11, 0x2C,
0x01, 0x1D, 0x03, 0x01, 0x2D, 0x05, 0x30, 0x15, 0x2E, 0x05, 0x2E, 0x08, 0x01, 0x30, 0x05, 0x30,
0x22, 0x30, 0x01, 0x1D, 0x12, 0x2B, 0x0A, 0x25, 0x11, 0x2A, 0x01, 0x30, 0x19, 0x2E, 0x01, 0x21,
0x04, 0x05, 0x30, 0x09, 0x16, 0x14, 0x19, 0x01, 0x15, 0x0D, 0x01, 0x19, 0x0D, 0x12, 0x22, 0x01,
0x08, 0x2A, 0x1E, 0x30, 0x1D, 0x2F, 0x00, 0x25, 0x03, 0x15, 0x2E, 0x0A, 0x1B, 0x1D, 0x14, 0x11,
0x26, 0x01, 0xFF, 0x01, 0x12, 0x0C, 0x1A, 0x15, 0x15, 0x0F, 0x0D, 0x10, 0x1F, 0x18, 0x20, 0x1E,
0x07, 0x20, 0x19, 0x30, 0x10, 0x1C, 0x2D, 0x0B, 0x30, 0x12, 0x2E, 0x13, 0x19, 0x14, 0x01, 0x1A,
0x04, 0x2F, 0x30, 0x30, 0x0D, 0x0D, 0x0D, 0x30, 0x27, 0x2F, 0x25, 0x0B, 0x28, 0x0F, 0x03, 0x10,
0x10, 0x03, 0x11, 0x1B, 0x19, 0x14, 0x1A, 0x2E, 0x11, 0x14, 0x1D, 0x0C, 0x19, 0x30, 0x0E, 0x0F,
0x30, 0x00, 0x0D, 0x17, 0x0D, 0x14, 0x19, 0x1A, 0x03, 0x22, 0x19, 0x02, 0x19, 0x11, 0x0C, 0x11,
0x13, 0x19, 0x1D, 0x0D, 0x24, 0x05, 0x1D, 0x29, 0x06, 0x22, 0x0B, 0x16, 0x13, 0x19, 0x12, 0x16,
0x28, 0x1E, 0x27, 0x1A, 0x2E, 0x05, 0x10, 0x0D, 0x0F, 0x15, 0x15, 0x15, 0x15, 0x29, 0x0B, 0x0C,
0x1E, 0x1B, 0x06, 0x12, 0x11, 0x0D, 0x1E, 0x00, 0x18, 0x0E, 0x17, 0x13, 0x16, 0x0D, 0x03, 0x16,
0x10, 0x0D, 0x21, 0xFF, 0x00, 0x15, 0x21, 0x0C, 0x20, 0x0E, 0x1F, 0x13, 0x11, 0x0D, 0x2A, 0x0C,
0x26, 0x30, 0x1D, 0x30, 0x13, 0x1E, 0x14, 0x06, 0x29, 0x09, 0x0C, 0x19, 0x0D, 0x04, 0x1D, 0x0A,
0x21, 0x0A, 0x1D, 0x1B, 0x30, 0x04, 0x1D, 0x25, 0x12, 0x1C, 0x29, 0x0C, 0x30, 0x30, 0x2F, 0x30,
0x2E, 0x2F, 0x20, 0x11, 0x1F, 0x20, 0x16, 0x1E, 0x07, 0x04, 0x08, 0x18, 0x07, 0x17, 0x08, 0x02,
0x07, 0x1B, 0x22, 0x13, 0x13, 0x24, 0x13, 0x0C, 0x1A, 0x02, 0x0F, 0x2A, 0x00, 0x0A, 0x25, 0x1D,
0x0B, 0x27, 0x20, 0x0A, 0x2C, 0x1F, 0x0E, 0x25, 0x00, 0x15, 0x25, 0x0C, 0x0C, 0x1A, 0x1A, 0x28,
0x02, 0x1E, 0x0B, 0x19, 0x13, 0x0B, 0x21, 0x0C, 0x13, 0x22, 0x12, 0x09, 0x25, 0x0B, 0x30, 0x0E,
0x2D, 0x30, 0x13, 0x30, 0x25, 0x02, 0x1C, 0x27, 0x06, 0x21, 0x06, 0x25, 0x09, 0x08, 0x31, 0x0B,
0x1A, 0x22, 0x0D, 0x20, 0xA1, 0x26, 0x0E, 0x22, 0x2A, 0x13, 0x21, 0x22, 0x14, 0x18, 0x2A, 0x06,
0x20, 0x2A, 0x0E, 0x22, 0x2D, 0x10, 0x27, 0x25, 0x29, 0x30, 0x29, 0x2F, 0x25, 0x24, 0x25, 0x28,
0x21, 0x26, 0x77, 0x01, 0x01, 0x01, 0x01, 0x04, 0x04, 0x00, 0x08, 0x08, 0x00, 0x10, 0x10, 0x00,
0x20, 0x20, 0x00, 0x40, 0x40, 0x40, 0x00, 0x40, 0x80, 0x80, 0x00, 0x3F, 0x3F, 0x00, 0x80, 0x1C,
0x41, 0x40, 0x40, 0x01, 0x41, 0x49, 0x80, 0x02, 0x83, 0x00, 0x00, 0x00, 0x00, 0x04, 0x04, 0x00,
0x08, 0x08, 0x00, 0x0D, 0x0D, 0x00, 0x43, 0xA3, 0xC0, 0x03, 0x40, 0x43, 0x4D, 0x00, 0x40, 0xF3,
0xF3, 0x03, 0x41, 0x8A, 0x80, 0x02, 0x85, 0x02, 0x02, 0x02, 0x02, 0x02, 0x02, 0x40, 0x43, 0xC3,
0x02, 0x41, 0xEE, 0x80, 0x02, 0x06, 0x37, 0x02, 0x06, 0x06, 0x00, 0x14, 0x3E, 0x02, 0x0D, 0x20,
0x00, 0x0D, 0x0D, 0x00, 0x12, 0x36, 0x00, 0x40, 0x43, 0x80, 0x02, 0x40, 0xB7, 0xC0, 0x03, 0x07,
0xFA, 0x00, 0x18, 0x19, 0x01, 0x17, 0xAA, 0x03, 0x1E, 0x27, 0x00, 0x40, 0x55, 0xB4, 0x03, 0x36,
0xA3, 0x0A, 0x0A, 0x20, 0x00, 0x40, 0x50, 0x20, 0x04, 0x04, 0x80, 0x02, 0x23, 0x69, 0x02, 0x10,
0x20, 0x00, 0x0A, 0x33, 0x00, 0x1C, 0xB3, 0x02, 0x1A, 0x23, 0x00, 0x40, 0xD0, 0xC0, 0x03, 0x26,
0xA9, 0x03, 0x30, 0x40, 0x01, 0x16, 0xE3, 0x03, 0x40, 0xCD, 0x50, 0x01, 0x0E, 0x00, 0x05, 0x2D,
0x44, 0x01, 0x15, 0xA3, 0x02, 0x10, 0xE0, 0x03, 0x20, 0xB3, 0x07, 0x40, 0x6A, 0xEA, 0x00, 0x0C,
0xC3, 0x03, 0x40, 0x4A, 0x9F, 0x0E, 0x40, 0x4A, 0x40, 0x01, 0x0D, 0xB0, 0x03, 0x0D, 0x1A, 0x01,
0x19, 0xD0, 0x03, 0x13, 0x40, 0x05, 0x40, 0xB0, 0x9F, 0x02, 0x40, 0x4D, 0x40, 0x01, 0x18, 0xB9,
0x03, 0x0F, 0x20, 0x04, 0x1E, 0x42, 0x0A, 0x11, 0x1F, 0x00, 0x24, 0xD3, 0x06, 0x40, 0x40, 0x36,
0x0D, 0x39, 0xC0, 0x06, 0x40, 0x60, 0x40, 0x01, 0x19, 0x09, 0x05, 0x2A, 0x83, 0x0B, 0x17, 0x43,
0x00, 0x13, 0x36, 0x04, 0x40, 0x56, 0xC3, 0x02, 0x1D, 0xE6, 0x03, 0x40, 0x8D, 0x40, 0x01, 0x10,
0x5F, 0x06, 0x16, 0xD9, 0x06, 0x30, 0x9F, 0x0A, 0x40, 0x5A, 0xBA, 0x02, 0x40, 0x6A, 0x40, 0x01,
0x29, 0x17, 0x02, 0x05, 0x26, 0x00, 0x81, 0x02, 0x02, 0x09, 0x18, 0x01, 0x1D, 0xE4, 0x03, 0x40,
0x6F, 0x30, 0x01, 0x14, 0x59, 0x00, 0x40, 0x6D, 0x80, 0x02, 0x12, 0x17, 0x03, 0x83, 0x04, 0x04,
0x04, 0x04, 0x04, 0x04, 0x00, 0x05, 0x05, 0x00, 0x80, 0x01, 0x06, 0x22, 0x03, 0x34, 0x46, 0x09,
0x2C, 0xA3, 0x01, 0x1A, 0x36, 0x04, 0x33, 0x79, 0x01, 0x40, 0x78, 0x40, 0x01, 0x0E, 0x3A, 0x01,
0x0A, 0x0A, 0x00, 0x09, 0x43, 0x01, 0x17, 0xBD, 0x03, 0x13, 0xEA, 0x00, 0x3A, 0x00, 0x05, 0x2F,
0xB6, 0x00, 0x40, 0x7E, 0x80, 0x02, 0x0D, 0x7B, 0x02, 0x17, 0x3E, 0x01, 0x0A, 0x44, 0x01, 0x07,
0xC8, 0x03, 0x40, 0x45, 0x50, 0x09, 0x12, 0x9C, 0x0E, 0x1A, 0x2D, 0x09, 0x20, 0x20, 0x00, 0x10,
0x16, 0x00, 0x40, 0x4F, 0x40, 0x01, 0x80, 0x07, 0x07, 0x07, 0x00, 0x1B, 0x40, 0x01, 0x1F, 0x3D,
0x01, 0x08, 0x43, 0x01, 0x40, 0x5A, 0xC0, 0x01, 0x23, 0x10, 0x04, 0x2A, 0xB9, 0x02, 0x40, 0x4A,
0x40, 0x01, 0x83, 0x07, 0x07, 0x07, 0x07, 0x04, 0x04, 0x00, 0x07, 0x07, 0x00, 0x17, 0x9D, 0x00,
0x23, 0x3C, 0x01, 0x09, 0x0F, 0x05, 0x40, 0x6F, 0x1B, 0x08, 0x21, 0x96, 0x06, 0x10, 0x13, 0x08,
0x40, 0x4E, 0x80, 0x02, 0x07, 0x37, 0x01, 0x06, 0x3A, 0x01, 0x0F, 0x3F, 0x01, 0x1F, 0xF5, 0x04,
0x40, 0x69, 0x84, 0x02, 0x40, 0x4C, 0x66, 0x0D, 0x40, 0x4A, 0x40, 0x01, 0x0F, 0x7A, 0x02, 0x0D,
0x3C, 0x01, 0x2D, 0xB6, 0x03, 0x10, 0x10, 0x00, 0x80, 0x59, 0x40, 0x85, 0x42, 0x01, 0x10, 0x9D,
0x0A, 0x0D, 0xA9, 0x02, 0x3D, 0x40, 0x01, 0x10, 0x39, 0x01, 0x1A, 0x40, 0x01, 0x35, 0x3F, 0x01,
0x40, 0x9B, 0x84, 0x02, 0x40, 0x40, 0x00, 0x05, 0x06, 0x26, 0x01, 0x17, 0x40, 0x01, 0x0C, 0x48,
0x01, 0x04, 0xF6, 0x0C, 0x10, 0xE8, 0x09, 0x2E, 0x43, 0x01, 0x40, 0xD8, 0x40, 0x01, 0x1F, 0x3D,
0x01, 0x0B, 0x46, 0x01, 0x3D, 0x3F, 0x01, 0x40, 0x74, 0x48, 0x06, 0x40, 0x55, 0x40, 0x01, 0x82,
0x62, 0x62, 0x62, 0x2B, 0x3A, 0x01, 0x84, 0x0A, 0x0A, 0x0A, 0x0A, 0x0A, 0x0A, 0x0F, 0x00, 0x39,
0xC1, 0x03, 0x40, 0xA0, 0x83, 0x02, 0x04, 0x40, 0x01, 0x0D, 0x72, 0x03, 0x14, 0x7B, 0x08, 0x33,
0x76, 0x02, 0x05, 0x40, 0x01, 0x82, 0x06, 0x06, 0x06, 0x0B, 0x47, 0x01, 0x2F, 0x7F, 0x07, 0x40,
0xA6, 0x41, 0x01, 0x80, 0x1C, 0x10, 0xF6, 0x05, 0x10, 0xC1, 0x04, 0x15, 0x1D, 0x06, 0x24, 0x40,
0x01, 0x80, 0x00, 0x05, 0x40, 0x01, 0x80, 0x06, 0x04, 0x04, 0x00, 0x04, 0x48, 0x01, 0x05, 0x15,
0x00, 0x39, 0x43, 0x01, 0x40, 0xA3, 0x40, 0x01, 0x17, 0x01, 0x06, 0x1D, 0x1D, 0x00, 0x16, 0x97,
0x02, 0x85, 0x01, 0x01, 0x01, 0x0A, 0x01, 0x01, 0x0D, 0x3F, 0x01, 0x40, 0x41, 0x43, 0x01, 0x80,
0x59, 0x40, 0x98, 0x40, 0x01, 0x85, 0x25, 0x25, 0x25, 0x25, 0x25, 0x25, 0x3A, 0x40, 0x01, 0x80,
0x07, 0x0B, 0xF3, 0x03, 0x81, 0x01, 0x01, 0x04, 0x3C, 0x01, 0x07, 0xB3, 0x08, 0x80, 0x0A, 0x05,
0x62, 0x11, 0x12, 0x44, 0x01, 0x81, 0x0A, 0x0A, 0x34, 0x0C, 0x05, 0x40, 0x86, 0x0B, 0x0A, 0x2F,
0x40, 0x01, 0x21, 0x9E, 0x08, 0x11, 0x6A, 0x0A, 0x07, 0xF0, 0x09, 0x15, 0xA1, 0x1D, 0x81, 0x06,
0x06, 0x05, 0x4E, 0x01, 0x04, 0x43, 0x01, 0x32, 0x85, 0x02, 0x30, 0x21, 0x1C, 0x40, 0x85, 0xC0,
0x03, 0x1A, 0x3B, 0x01, 0x0C, 0x40, 0x01, 0x08, 0x9E, 0x0B, 0x0E, 0x38, 0x01, 0x83, 0x04, 0x00,
0x00, 0x04, 0x08, 0x26, 0x01, 0x8C, 0x09, 0x04, 0x05, 0x05, 0x05, 0x05, 0x05, 0x03, 0x00, 0x03,
0x0B, 0x03, 0x0B, 0x05, 0x43, 0x01, 0x81, 0x0A, 0x06, 0x31, 0xCC, 0x0D, 0x40, 0x96, 0x41, 0x01,
0x07, 0x40, 0x01, 0x0D, 0x83, 0x02, 0x06, 0x0D, 0x00, 0x17, 0x96, 0x02, 0x16, 0x93, 0x12, 0x12,
0x6E, 0x02, 0x80, 0x04, 0x08, 0x1F, 0x15, 0x06, 0x08, 0x00, 0x81, 0x09, 0x09, 0x05, 0x43, 0x01,
0x85, 0x05, 0x03, 0x03, 0x03, 0x03, 0x18, 0x05, 0x98, 0x07, 0x2D, 0x84, 0x02, 0x06, 0x9F, 0x01,
0x1D, 0xF4, 0x11, 0x40, 0x7D, 0xC0, 0x03, 0x2B, 0xC3, 0x03, 0x10, 0x3F, 0x01, 0x18, 0x50, 0x21,
0x13, 0x06, 0x01, 0x06, 0x43, 0x01, 0x05, 0x45, 0x01, 0x04, 0x43, 0x01, 0x29, 0x08, 0x05, 0x08,
0xBB, 0x19, 0x04, 0x56, 0x15, 0x40, 0x7D, 0x2E, 0x01, 0x40, 0x41, 0x40, 0x01, 0x12, 0x7B, 0x02,
0x19, 0x90, 0x22, 0x17, 0x0C, 0x01, 0x04, 0x88, 0x02, 0x82, 0x22, 0x05, 0x1B, 0x06, 0x86, 0x02,
0x26, 0x0C, 0x14, 0x0C, 0xFA, 0x1A, 0x40, 0x60, 0x89, 0x07, 0x30, 0x9F, 0x01, 0x2E, 0x00, 0x05,
0x28, 0x3C, 0x01, 0x1E, 0xF2, 0x0E, 0x86, 0x05, 0x05, 0x05, 0x63, 0x1B, 0x1B, 0x1B, 0x05, 0x85,
0x02, 0x24, 0x1C, 0x0F, 0x0A, 0x3F, 0x01, 0x05, 0x2C, 0x00, 0x06, 0xE5, 0x00, 0x40, 0x4D, 0x88,
0x02, 0x0F, 0xD4, 0x05, 0x08, 0x86, 0x13, 0x40, 0x4E, 0x40, 0x01, 0x10, 0x91, 0x12, 0x1D, 0xB1,
0x2F, 0x1E, 0x16, 0x01, 0x04, 0x85, 0x02, 0x83, 0x23, 0x23, 0x23, 0x1B, 0x04, 0x4E, 0x06, 0x20,
0x41, 0x01, 0x80, 0x00, 0x0A, 0x40, 0x01, 0x08, 0x2B, 0x00, 0x1D, 0x25, 0x0D, 0x38, 0x40, 0x01,
0x0C, 0x54, 0x00, 0x1D, 0x66, 0x08, 0x35, 0x40, 0x01, 0x11, 0xCF, 0x13, 0x3D, 0x40, 0x01, 0x05,
0x42, 0x01, 0x80, 0x22, 0x04, 0x42, 0x01, 0x82, 0x05, 0x03, 0x00, 0x1E, 0x42, 0x01, 0x0B, 0xB9,
0x1E, 0x0A, 0x28, 0x00, 0x80, 0x00, 0x40, 0x52, 0x36, 0x06, 0x10, 0x50, 0x00, 0x2B, 0x40, 0x01,
0x04, 0xFD, 0x04, 0x1E, 0x00, 0x05, 0x04, 0x4E, 0x00, 0x0F, 0x6D, 0x07, 0x1F, 0x43, 0x01, 0x05,
0xBC, 0x08, 0x1D, 0x47, 0x01, 0x04, 0x92, 0x07, 0x84, 0x23, 0x23, 0x28, 0x23, 0x22, 0x1D, 0x42,
0x01, 0x08, 0xF9, 0x1F, 0x04, 0xC6, 0x11, 0x0C, 0x25, 0x00, 0x08, 0xF3, 0x00, 0x0D, 0x79, 0x0E,
0x36, 0x7F, 0x13, 0x16, 0xA8, 0x17, 0x07, 0xF6, 0x00, 0x20, 0x56, 0x00, 0x14, 0xC0, 0x08, 0x16,
0x7D, 0x02, 0x27, 0xC7, 0x28, 0x25, 0x7E, 0x02, 0x0A, 0x0A, 0x05, 0x85, 0x1B, 0x23, 0x28, 0x91,
0x1B, 0x03, 0x1A, 0x07, 0x05, 0x0A, 0x39, 0x21, 0x11, 0x2E, 0x1E, 0x31, 0x36, 0x01, 0x13, 0x3D,
0x01, 0x17, 0x72, 0x16, 0x05, 0x6D, 0x0A, 0x26, 0x80, 0x02, 0x08, 0x7E, 0x07, 0x05, 0xF3, 0x09,
0x14, 0xC0, 0x0D, 0x12, 0xB4, 0x27, 0x22, 0xBD, 0x03, 0x07, 0xEA, 0x00, 0x23, 0x49, 0x01, 0x06,
0x84, 0x02, 0x81, 0x1B, 0x03, 0x18, 0x2B, 0x00, 0x0A, 0x7C, 0x22, 0x12, 0x22, 0x00, 0x04, 0x99,
0x00, 0x26, 0x66, 0x03, 0x0D, 0x6A, 0x01, 0x1E, 0x33, 0x00, 0x09, 0x0C, 0x0C, 0x80, 0x04, 0x05,
0x84, 0x02, 0x20, 0x5E, 0x00, 0x22, 0x00, 0x05, 0x15, 0x38, 0x01, 0x24, 0x44, 0x01, 0x27, 0x89,
0x02, 0x85, 0x05, 0x05, 0x1B, 0x28, 0x28, 0x3D, 0x05, 0x42, 0x01, 0x80, 0x09, 0x18, 0x3F, 0x01,
0x14, 0xAE, 0x20, 0x07, 0x57, 0x0B, 0x1F, 0x46, 0x18, 0x16, 0x16, 0x00, 0x17, 0x15, 0x01, 0x11,
0x96, 0x25, 0x0E, 0x74, 0x0D, 0x1C, 0x00, 0x05, 0x15, 0x82, 0x00, 0x81, 0x0A, 0x01, 0x04, 0x7F,
0x02, 0x0A, 0x53, 0x00, 0x80, 0x01, 0x0B, 0x39, 0x01, 0x2A, 0x86, 0x02, 0x20, 0x41, 0x01, 0x04,
0x08, 0x05, 0x80, 0x28, 0x06, 0x84, 0x02, 0x15, 0x3D, 0x06, 0x04, 0xBF, 0x03, 0x18, 0x4E, 0x00,
0x80, 0x00, 0x06, 0x1E, 0x03, 0x10, 0xC2, 0x14, 0x2D, 0xB6, 0x0F, 0x13, 0x9C, 0x04, 0x06, 0xE9,
0x00, 0x81, 0x01, 0x00, 0x05, 0xEA, 0x07, 0x1D, 0x3B, 0x00, 0x1D, 0x80, 0x02, 0x10, 0xBD, 0x29,
0x28, 0x75, 0x02, 0x32, 0xF1, 0x18, 0x04, 0x42, 0x01, 0x88, 0x1B, 0x05, 0x0B, 0x00, 0x00, 0x09,
0x09, 0x04, 0x09, 0x04, 0x31, 0x0F, 0x07, 0xBA, 0x08, 0x08, 0xFE, 0x04, 0x1B, 0x53, 0x00, 0x0A,
0xB3, 0x1D, 0x08, 0xF1, 0x05, 0x12, 0x4D, 0x01, 0x27, 0x94, 0x23, 0x14, 0x9A, 0x2A, 0x1F, 0x80,
0x01, 0x1A, 0x40, 0x01, 0x0B, 0x77, 0x02, 0x29, 0x04, 0x2F, 0x39, 0x40, 0x01, 0x82, 0x04, 0x05,
0x63, 0x04, 0x84, 0x02, 0x81, 0x05, 0x09, 0x04, 0x2B, 0x0F, 0x09, 0x40, 0x01, 0x0D, 0x3D, 0x06,
0x1A, 0x53, 0x00, 0x0E, 0xF5, 0x1E, 0x0E, 0x79, 0x13, 0x32, 0xD3, 0x24, 0x10, 0xC9, 0x00, 0x0E,
0x95, 0x01, 0x29, 0x40, 0x01, 0x0C, 0xB7, 0x03, 0x33, 0x40, 0x01, 0x31, 0x41, 0x01, 0x82, 0x09,
0x05, 0x28, 0x04, 0x41, 0x01, 0x81, 0x03, 0x0B, 0x04, 0x82, 0x02, 0x0B, 0x40, 0x01, 0x16, 0xAB,
0x25, 0x13, 0xA1, 0x0C, 0x1C, 0x33, 0x06, 0x23, 0xDF, 0x26, 0x1A, 0xCA, 0x00, 0x09, 0x41, 0x01,
0x28, 0xC0, 0x03, 0x3C, 0x86, 0x31, 0x37, 0x3E, 0x01, 0x04, 0x41, 0x01, 0x89, 0x92, 0x22, 0x28,
0x28, 0x28, 0x3D, 0x03, 0x03, 0x05, 0x05, 0x0B, 0x3E, 0x01, 0x25, 0x40, 0x01, 0x0B, 0x20, 0x14,
0x20, 0xE6, 0x12, 0x12, 0xCB, 0x00, 0x23, 0xCD, 0x00, 0x0E, 0xD5, 0x18, 0x0D, 0x4D, 0x01, 0x31,
0x40, 0x01, 0x2B, 0x0A, 0x05, 0x2F, 0x40, 0x01, 0x81, 0x04, 0x09, 0x06, 0x48, 0x06, 0x81, 0x05,
0x05, 0x05, 0x80, 0x02, 0x0A, 0x40, 0x01, 0x28, 0x4D, 0x00, 0x09, 0xA4, 0x11, 0x2A, 0x53, 0x29,
0x21, 0xC4, 0x00, 0x06, 0xF7, 0x0C, 0x09, 0xCB, 0x08, 0x11, 0x8A, 0x02, 0x0F, 0x40, 0x01, 0x40,
0x43, 0x7B, 0x02, 0x35, 0x41, 0x01, 0x04, 0x32, 0x01, 0x04, 0x04, 0x00, 0x06, 0xC5, 0x03, 0x81,
0x05, 0x00, 0x0C, 0xFD, 0x04, 0x2D, 0x4C, 0x00, 0x29, 0x0B, 0x2E, 0x2C, 0xC8, 0x00, 0x11, 0x48,
0x06, 0x18, 0x40, 0x01, 0x0C, 0x61, 0x00, 0x05, 0x82, 0x1C, 0x05, 0x05, 0x00, 0x06, 0x10, 0x00,
0x80, 0x07, 0x06, 0xC0, 0x01, 0x2F, 0x78, 0x00, 0x16, 0x6A, 0x02, 0x81, 0x04, 0x09, 0x07, 0xE3,
0x04, 0x06, 0x0E, 0x00, 0x11, 0x89, 0x07, 0x81, 0x09, 0x0B, 0x0C, 0xFF, 0x01, 0x30, 0xCD, 0x02,
0x16, 0xEE, 0x2D, 0x07, 0x4E, 0x00, 0x27, 0x73, 0x02, 0x12, 0x16, 0x00, 0x0D, 0xCB, 0x08, 0x09,
0x42, 0x01, 0x0C, 0x40, 0x01, 0x0E, 0x70, 0x00, 0x04, 0xB9, 0x1D, 0x06, 0xBC, 0x1D, 0x09, 0x4D,
0x01, 0x40, 0x47, 0x40, 0x01, 0x11, 0x4E, 0x01, 0x0E, 0x48, 0x06, 0x84, 0x3D, 0x1B, 0x1B, 0x05,
0x03, 0x05, 0x41, 0x01, 0x0B, 0x70, 0x00, 0x35, 0x3D, 0x23, 0x0B, 0xC0, 0x0C, 0x11, 0x19, 0x0D,
0x2F, 0xC8, 0x00, 0x11, 0x89, 0x07, 0x07, 0x86, 0x02, 0x0A, 0x40, 0x01, 0x0A, 0x3A, 0x01, 0x0C,
0xC6, 0x1D, 0x09, 0x0C, 0x1F, 0x08, 0x88, 0x02, 0x40, 0x45, 0x40, 0x01, 0x0C, 0x34, 0x01, 0x0E,
0x40, 0x01, 0x84, 0x09, 0x04, 0x04, 0x0B, 0x22, 0x04, 0x41, 0x01, 0x06, 0x3F, 0x01, 0x06, 0xC5,
0x1B, 0x3E, 0x41, 0x23, 0x10, 0x0E, 0x13, 0x27, 0xB1, 0x03, 0x11, 0x50, 0x3F, 0x04, 0x8A, 0x07,
0x11, 0x1F, 0x1F, 0x07, 0x40, 0x01, 0x0F, 0x38, 0x01, 0x10, 0x49, 0x20, 0x0D, 0xC9, 0x03, 0x40,
0x4B, 0xBC, 0x0D, 0x09, 0xFD, 0x04, 0x81, 0x09, 0x09, 0x04, 0xD2, 0x03, 0x05, 0x05, 0x00, 0x86,
0x04, 0x04, 0x00, 0x05, 0x05, 0x03, 0x05, 0x39, 0xBE, 0x03, 0x24, 0xE0, 0x03, 0x35, 0x81, 0x02,
0x14, 0x4F, 0x0B, 0x80, 0x07, 0x21, 0x00, 0x0F, 0x40, 0x65, 0x40, 0x01, 0x05, 0x3F, 0x01, 0x05,
0x40, 0x01, 0x05, 0x83, 0x02, 0x81, 0x00, 0x0B, 0x06, 0x80, 0x02, 0x81, 0x00, 0x0A, 0x3B, 0x10,
0x09, 0x13, 0xCD, 0x03, 0x3F, 0x40, 0x01, 0x04, 0xFA, 0x00, 0x10, 0x41, 0x01, 0x1D, 0x40, 0x01,
0x07, 0xBD, 0x22, 0x0C, 0x43, 0x01, 0x04, 0xD2, 0x00, 0x06, 0x77, 0x17, 0x40, 0x4B, 0x43, 0x01,
0x0A, 0x40, 0x01, 0x0D, 0x01, 0x06, 0x04, 0x03, 0x22, 0x40, 0x53, 0x7F, 0x02, 0x36, 0xFF, 0x04,
0x17, 0x07, 0x05, 0x24, 0x80, 0x16, 0x0D, 0x40, 0x01, 0x06, 0x17, 0x24, 0x40, 0x55, 0x40, 0x01,
0x07, 0xBE, 0x03, 0x08, 0x3C, 0x00, 0x84, 0x0A, 0x0A, 0x06, 0x00, 0x07, 0x05, 0x41, 0x01, 0x40,
0x51, 0x3E, 0x01, 0x3D, 0x42, 0x01, 0x0A, 0x91, 0x0C, 0x30, 0xC0, 0x03, 0x0C, 0x8A, 0x21, 0x40,
0x4C, 0xC2, 0x03, 0x0C, 0xBE, 0x03, 0x09, 0x3E, 0x01, 0x80, 0x01, 0x04, 0x3B, 0x01, 0x80, 0x0B,
0x04, 0x9C, 0x16, 0x40, 0x50, 0xFE, 0x04, 0x04, 0x51, 0x00, 0x3D, 0x41, 0x01, 0x0B, 0xC5, 0x03,
0x2D, 0x40, 0x01, 0x0D, 0x46, 0x01, 0x23, 0x3D, 0x01, 0x0D, 0x5B, 0x07, 0x0B, 0xF3, 0x09, 0x11,
0x0C, 0x0A, 0x07, 0x41, 0x06, 0x0D, 0x37, 0x10, 0x80, 0x0A, 0x04, 0x63, 0x00, 0x80, 0x03, 0x05,
0xC9, 0x08, 0x40, 0x4B, 0xB3, 0x03, 0x3E, 0x39, 0x01, 0x12, 0x42, 0x01, 0x27, 0xC0, 0x03, 0x0C,
0x48, 0x01, 0x2A, 0x40, 0x01, 0x10, 0x65, 0x02, 0x17, 0x40, 0x01, 0x08, 0x83, 0x02, 0x05, 0x11,
0x00, 0x07, 0x3A, 0x0B, 0x04, 0xBF, 0x25, 0x80, 0x00, 0x04, 0x40, 0x01, 0x84, 0x05, 0x05, 0x0B,
0x0B, 0x0B, 0x06, 0x12, 0x0F, 0x40, 0x76, 0xF1, 0x04, 0x17, 0x48, 0x06, 0x07, 0xC5, 0x03, 0x29,
0x40, 0x01, 0x0A, 0x41, 0x01, 0x39, 0x40, 0x01, 0x16, 0x35, 0x06, 0x0A, 0x40, 0x01, 0x80, 0x09,
0x04, 0xE9, 0x00, 0x07, 0x40, 0x01, 0x05, 0x68, 0x00, 0x04, 0x41, 0x01, 0x86, 0x22, 0x22, 0x22,
0x05, 0x03, 0x0B, 0x05, 0x14, 0x7C, 0x01, 0x40, 0x53, 0xF6, 0x09, 0x24, 0x13, 0x0A, 0x04, 0xC4,
0x0C, 0x82, 0x01, 0x00, 0x04, 0x06, 0x83, 0x02, 0x2A, 0x00, 0x1E, 0x0F, 0x40, 0x01, 0x27, 0xFF,
0x04, 0x0A, 0x18, 0x06, 0x06, 0xE3, 0x0E, 0x0C, 0x10, 0x00, 0x0D, 0x46, 0x0B, 0x07, 0x40, 0x01,
0x06, 0x3F, 0x01, 0x04, 0xA5, 0x25, 0x07, 0x63, 0x00, 0x87, 0x03, 0x05, 0x23, 0x1B, 0x23, 0x05,
0x03, 0x05, 0x40, 0x40, 0x42, 0x01, 0x14, 0x8D, 0x0C, 0x33, 0x40, 0x01, 0x09, 0xBF, 0x09, 0x07,
0xCC, 0x08, 0x85, 0x1C, 0x07, 0x08, 0x08, 0x08, 0x08, 0x04, 0x04, 0x00, 0x08, 0x08, 0x00, 0x84,
0x08, 0x08, 0x07, 0x07, 0x07, 0x05, 0x05, 0x00, 0x80, 0x07, 0x05, 0x05, 0x00, 0x40, 0x55, 0x40,
0x01, 0x0C, 0x0C, 0x00, 0x0C, 0x55, 0x01, 0x07, 0xE3, 0x00, 0x05, 0x3F, 0x01, 0x08, 0x63, 0x00,
0x81, 0x1B, 0x3D, 0x04, 0x13, 0x0F, 0x40, 0x40, 0x41, 0x01, 0x40, 0x43, 0x3B, 0x06, 0x0E, 0x40,
0x01, 0x86, 0x01, 0x00, 0x04, 0x00, 0x07, 0x07, 0x1C, 0x12, 0x3F, 0x01, 0x04, 0x42, 0x01, 0x06,
0x06, 0x00, 0x07, 0x4D, 0x01, 0x09, 0x42, 0x01, 0x06, 0x45, 0x01, 0x26, 0x83, 0x07, 0x07, 0x34,
0x03, 0x0F, 0x62, 0x07, 0x09, 0x76, 0x02, 0x81, 0x09, 0x05, 0x0D, 0x3B, 0x01, 0x07, 0xB4, 0x12,
0x07, 0xFE, 0x04, 0x04, 0x7A, 0x0F, 0x08, 0x60, 0x00, 0x04, 0x1C, 0x00, 0x85, 0x3D, 0x28, 0x28,
0x23, 0x22, 0x05, 0x07, 0x18, 0x14, 0x40, 0x7A, 0x0A, 0x05, 0x0B, 0x3C, 0x0C, 0x09, 0x44, 0x0C,
0x16, 0x40, 0x01, 0x0E, 0x8D, 0x02, 0x10, 0x83, 0x02, 0x25, 0x41, 0x01, 0x13, 0x40, 0x01, 0x0B,
0x64, 0x07, 0x10, 0x7E, 0x02, 0x80, 0x05, 0x05, 0xF7, 0x18, 0x08, 0xF5, 0x13, 0x80, 0x07, 0x0A,
0x3F, 0x01, 0x05, 0xC4, 0x02, 0x81, 0x05, 0x64, 0x06, 0xD7, 0x12, 0x07, 0x65, 0x01, 0x40, 0x83,
0x40, 0x01, 0x09, 0x46, 0x01, 0x2D, 0x40, 0x01, 0x07, 0x41, 0x01, 0x33, 0x40, 0x01, 0x07, 0xF0,
0x04, 0x0B, 0xBA, 0x03, 0x0E, 0x42, 0x01, 0x05, 0x1A, 0x01, 0x07, 0xE6, 0x05, 0x82, 0x06, 0x0A,
0x0A, 0x0B, 0xBE, 0x03, 0x80, 0x00, 0x06, 0x18, 0x14, 0x83, 0x23, 0x28, 0x28, 0x3D, 0x05, 0x42,
0x01, 0x40, 0x8B, 0x40, 0x01, 0x05, 0x00, 0x37, 0x20, 0x40, 0x01, 0x0C, 0x42, 0x01, 0x0E, 0x43,
0x0B, 0x05, 0x92, 0x2B, 0x1D, 0xFD, 0x04, 0x0A, 0x3F, 0x01, 0x14, 0xEB, 0x04, 0x0B, 0x16, 0x00,
0x04, 0xCD, 0x03, 0x0A, 0xDB, 0x00, 0x80, 0x01, 0x04, 0x7F, 0x02, 0x80, 0x07, 0x0F, 0xC7, 0x07,
0x81, 0x64, 0x3D, 0x04, 0x26, 0x1E, 0x37, 0x84, 0x02, 0x08, 0x11, 0x2B, 0x40, 0x4B, 0xC9, 0x08,
0x08, 0x00, 0x3C, 0x23, 0x40, 0x01, 0x06, 0x42, 0x01, 0x12, 0x84, 0x0C, 0x21, 0x40, 0x01, 0x14,
0xA2, 0x0D, 0x12, 0x37, 0x06, 0x04, 0x8D, 0x25, 0x04, 0x96, 0x02, 0x09, 0x7A, 0x0C, 0x05, 0xBE,
0x03, 0x0A, 0xBF, 0x03, 0x0B, 0xDD, 0x17, 0x06, 0x07, 0x05, 0x32, 0x41, 0x01, 0x40, 0x7C, 0x40,
0x01, 0x07, 0x8D, 0x07, 0x14, 0xC4, 0x0D, 0x3A, 0x80, 0x02, 0x12, 0x3D, 0x06, 0x80, 0x00, 0x07,
0x74, 0x16, 0x80, 0x01, 0x04, 0xA6, 0x06, 0x0A, 0x9A, 0x01, 0x0B, 0x25, 0x14, 0x0A, 0x42, 0x01,
0x40, 0xAE, 0x80, 0x02, 0x0A, 0xC5, 0x03, 0x2F, 0x42, 0x01, 0x83, 0x00, 0x0B, 0x0B, 0x0B, 0x1D,
0x39, 0x01, 0x09, 0x7E, 0x02, 0x04, 0xBD, 0x03, 0x07, 0x40, 0x01, 0x0C, 0x7C, 0x07, 0x0A, 0x03,
0x09, 0x06, 0xB8, 0x07, 0x07, 0x42, 0x01, 0x08, 0x62, 0x1A, 0x40, 0x78, 0x80, 0x0C, 0x0C, 0x1C,
0x18, 0x87, 0x1C, 0x1E, 0x1E, 0x1E, 0x0E, 0x0E, 0x0E, 0x0E, 0x04, 0x04, 0x00, 0x81, 0x0E, 0x0E,
0x1F, 0xC6, 0x03, 0x30, 0x40, 0x01, 0x22, 0x3D, 0x01, 0x04, 0x98, 0x03, 0x06, 0x0E, 0x01, 0x0A,
0x76, 0x11, 0x0B, 0xBE, 0x03, 0x09, 0x42, 0x0A, 0x05, 0xC2, 0x03, 0x06, 0x6F, 0x24, 0x82, 0x28,
0x28, 0x93, 0x31, 0xC6, 0x03, 0x40, 0x53, 0x3E, 0x01, 0x07, 0x44, 0x01, 0x04, 0x40, 0x01, 0x0A,
0x43, 0x01, 0x23, 0x85, 0x02, 0x10, 0x43, 0x06, 0x1A, 0x7B, 0x02, 0x81, 0x0B, 0x09, 0x0D, 0x7E,
0x02, 0x04, 0x27, 0x01, 0x13, 0x40, 0x01, 0x83, 0x05, 0x05, 0x09, 0x05, 0x04, 0xFC, 0x04, 0x06,
0xFB, 0x09, 0x81, 0x01, 0x00, 0x05, 0x7C, 0x07, 0x09, 0x56, 0x00, 0x07, 0xA9, 0x0C, 0x0B, 0x75,
0x06, 0x84, 0x05, 0x22, 0x1B, 0x28, 0x28, 0x04, 0x79, 0x29, 0x2F, 0x85, 0x02, 0x40, 0x4A, 0xBD,
0x03, 0x08, 0x3D, 0x01, 0x82, 0x0A, 0x0A, 0x00, 0x09, 0x40, 0x01, 0x26, 0x86, 0x02, 0x0F, 0x40,
0x0B, 0x40, 0x44, 0x40, 0x01, 0x83, 0x09, 0x05, 0x05, 0x04, 0x06, 0x4B, 0x02, 0x05, 0x40, 0x01,
0x81, 0x0A, 0x06, 0x0C, 0x3D, 0x06, 0x80, 0x00, 0x06, 0xF8, 0x04, 0x0C, 0x40, 0x01, 0x04, 0xCC,
0x08, 0x85, 0x22, 0x23, 0x23, 0x28, 0x3D, 0x23, 0x2F, 0xCE, 0x08, 0x40, 0x41, 0xB4, 0x12, 0x05,
0x36, 0x10, 0x06, 0x5A, 0x1B, 0x04, 0x4A, 0x0C, 0x07, 0xF7, 0x18, 0x0A, 0x40, 0x01, 0x0A, 0x44,
0x01, 0x1B, 0x7F, 0x02, 0x29, 0xC0, 0x03, 0x12, 0x40, 0x01, 0x1A, 0xFE, 0x04, 0x80, 0x05, 0x04,
0x2F, 0x00, 0x08, 0xBE, 0x03, 0x05, 0x7F, 0x02, 0x0C, 0x40, 0x01, 0x0E, 0xF5, 0x08, 0x05, 0x05,
0x00, 0x87, 0x05, 0x63, 0x1B, 0x23, 0x3D, 0x23, 0x23, 0x1B, 0x2C, 0xD6, 0x0D, 0x3D, 0x40, 0x01,
0x06, 0x73, 0x02, 0x08, 0x4C, 0x3A, 0x0A, 0x8B, 0x12, 0x85, 0x08, 0x08, 0x1C, 0x27, 0x27, 0x27,
0x10, 0x40, 0x01, 0x17, 0x44, 0x01, 0x14, 0xC3, 0x08, 0x1D, 0x40, 0x01, 0x11, 0x3F, 0x01, 0x0B,
0x82, 0x02, 0x05, 0x0B, 0x00, 0x80, 0x05, 0x05, 0x55, 0x33, 0x82, 0x09, 0x09, 0x0B, 0x08, 0x40,
0x01, 0x82, 0x0A, 0x07, 0x01, 0x0C, 0x56, 0x00, 0x07, 0x1F, 0x14, 0x08, 0x03, 0x05, 0x0E, 0xF3,
0x26, 0x09, 0x42, 0x01, 0x25, 0x43, 0x01, 0x3C, 0x34, 0x1A, 0x0A, 0x5A, 0x1B, 0x05, 0x42, 0x01,
0x09, 0x04, 0x01, 0x82, 0x00, 0x00, 0x0A, 0x05, 0x40, 0x01, 0x06, 0x43, 0x01, 0x0A, 0x3C, 0x01,
0x17, 0x43, 0x01, 0x81, 0x07, 0x0D, 0x13, 0x3F, 0x06, 0x2A, 0x40, 0x01, 0x05, 0x3A, 0x33, 0x0F,
0x4B, 0x01, 0x07, 0x14, 0x00, 0x04, 0x2C, 0x00, 0x0C, 0x7F, 0x02, 0x08, 0x44, 0x00, 0x0E, 0x9E,
0x1B, 0x0E, 0xEE, 0x1C, 0x04, 0xFB, 0x2B, 0x80, 0x23, 0x04, 0x82, 0x2E, 0x05, 0x4C, 0x06, 0x80,
0x09, 0x0C, 0x20, 0x1A, 0x40, 0x46, 0x40, 0x01, 0x0B, 0x45, 0x20, 0x13, 0xFF, 0x0A, 0x05, 0xCE,
0x37, 0x82, 0x00, 0x00, 0x06, 0x0A, 0x40, 0x01, 0x07, 0x80, 0x02, 0x1A, 0x85, 0x02, 0x80, 0x07,
0x06, 0x41, 0x01, 0x40, 0x4B, 0x40, 0x01, 0x05, 0x91, 0x34, 0x80, 0x09, 0x04, 0xE7, 0x03, 0x09,
0x36, 0x15, 0x05, 0x64, 0x38, 0x07, 0x43, 0x00, 0x09, 0xB8, 0x11, 0x0E, 0xB6, 0x0C, 0x0A, 0x42,
0x01, 0x80, 0x22, 0x0B, 0x43, 0x01, 0x1F, 0x4E, 0x06, 0x29, 0x40, 0x01, 0x05, 0x1C, 0x06, 0x0A,
0x3A, 0x3F, 0x06, 0x35, 0x01, 0x13, 0xBA, 0x18, 0x04, 0xF3, 0x01, 0x82, 0x0B, 0x03, 0x03, 0x08,
0x40, 0x01, 0x0B, 0xC6, 0x03, 0x18, 0x40, 0x01, 0x82, 0x0D, 0x0D, 0x0D, 0x04, 0x41, 0x01, 0x23,
0x40, 0x01, 0x05, 0x3D, 0x01, 0x0F, 0x3D, 0x06, 0x08, 0xBC, 0x35, 0x0A, 0x0A, 0x00, 0x07, 0x07,
0x00, 0x82, 0x09, 0x0B, 0x09, 0x08, 0xB0, 0x21, 0x81, 0x01, 0x01, 0x0C, 0xD5, 0x0C, 0x04, 0xCA,
0x26, 0x0D, 0xE9, 0x21, 0x10, 0x36, 0x14, 0x04, 0x56, 0x00, 0x81, 0x1B, 0x1B, 0x04, 0x44, 0x01,
0x80, 0x1B, 0x06, 0x43, 0x01, 0x05, 0xCA, 0x03, 0x0E, 0x29, 0x01, 0x29, 0xC4, 0x08, 0x06, 0x6E,
0x02, 0x0E, 0xDF, 0x04, 0x16, 0xA6, 0x0E, 0x05, 0xDD, 0x00, 0x04, 0xC8, 0x37, 0x04, 0x04, 0x00,
0x07, 0x40, 0x01, 0x16, 0x06, 0x05, 0x40, 0x63, 0x40, 0x01, 0x04, 0xBD, 0x03, 0x08, 0x7F, 0x02,
0x80, 0x01, 0x05, 0x33, 0x1A, 0x0B, 0x3F, 0x01, 0x0E, 0x40, 0x01, 0x06, 0x8D, 0x07, 0x12, 0x89,
0x33, 0x05, 0x85, 0x02, 0x81, 0x1B, 0x1B, 0x06, 0x0C, 0x05, 0x82, 0x05, 0x05, 0x0B, 0x0B, 0x4A,
0x0F, 0x26, 0x8A, 0x08, 0x04, 0xD9, 0x1E, 0x18, 0x5F, 0x1C, 0x0C, 0xE0, 0x00, 0x0C, 0x38, 0x01,
0x06, 0x06, 0x00, 0x88, 0x05, 0x05, 0x1C, 0x11, 0x11, 0x11, 0x11, 0x11, 0x27, 0x04, 0x04, 0x00,
0x09, 0x44, 0x01, 0x81, 0x0E, 0x0E, 0x09, 0x43, 0x01, 0x14, 0x42, 0x01, 0x31, 0x40, 0x01, 0x1B,
0x7D, 0x02, 0x04, 0x41, 0x01, 0x80, 0x03, 0x09, 0x7F, 0x02, 0x0D, 0xB2, 0x00, 0x07, 0x3F, 0x01,
0x0C, 0x5A, 0x1A, 0x17, 0x46, 0x32, 0x05, 0x86, 0x02, 0x80, 0x1B, 0x06, 0x43, 0x01, 0x06, 0x88,
0x02, 0x83, 0x05, 0x05, 0x0B, 0x00, 0x09, 0x50, 0x0F, 0x26, 0x4C, 0x01, 0x1A, 0x8D, 0x04, 0x12,
0x37, 0x01, 0x09, 0x3F, 0x01, 0x81, 0x1B, 0x1B, 0x06, 0x40, 0x01, 0x05, 0x05, 0x00, 0x04, 0x42,
0x01, 0x11, 0xC3, 0x03, 0x0D, 0x42, 0x01, 0x40, 0x56, 0x40, 0x01, 0x04, 0xED, 0x00, 0x13, 0x44,
0x00, 0x08, 0xB6, 0x0D, 0x1E, 0x40, 0x01, 0x08, 0x85, 0x02, 0x81, 0x05, 0x22, 0x08, 0x43, 0x01,
0x82, 0x1B, 0x1B, 0x22, 0x08, 0x45, 0x01, 0x04, 0x7B, 0x1A, 0x14, 0x5C, 0x00, 0x21, 0x4D, 0x01,
0x06, 0xC1, 0x00, 0x80, 0x00, 0x16, 0x36, 0x01, 0x06, 0x79, 0x02, 0x06, 0x61, 0x00, 0x0D, 0x40,
0x01, 0x0A, 0x84, 0x02, 0x40, 0x69, 0x40, 0x01, 0x06, 0x4B, 0x06, 0x12, 0x7D, 0x02, 0x05, 0x3F,
0x01, 0x0B, 0x40, 0x01, 0x1E, 0xB5, 0x25, 0x06, 0x06, 0x0E, 0x82, 0x05, 0x22, 0x22, 0x08, 0x42,
0x01, 0x04, 0x10, 0x05, 0x09, 0x45, 0x01, 0x06, 0x75, 0x3C, 0x80, 0x03, 0x06, 0x95, 0x00, 0x06,
0x51, 0x01, 0x0A, 0x0A, 0x00, 0x0C, 0xB1, 0x00, 0x17, 0x66, 0x02, 0x15, 0x39, 0x01, 0x08, 0x5A,
0x00, 0x0E, 0x40, 0x01, 0x82, 0x11, 0x11, 0x11, 0x10, 0x05, 0x05, 0x0F, 0xC2, 0x03, 0x26, 0x41,
0x0B, 0x0A, 0x3F, 0x01, 0x1D, 0x7C, 0x02, 0x04, 0xFE, 0x04, 0x80, 0x05, 0x08, 0xAC, 0x26, 0x81,
0x00, 0x01, 0x0B, 0x4B, 0x00, 0x05, 0x3F, 0x00, 0x17, 0x78, 0x07, 0x1C, 0x86, 0x02, 0x04, 0x44,
0x01, 0x08, 0x43, 0x01, 0x04, 0x89, 0x02, 0x0A, 0x45, 0x01, 0x23, 0x1C, 0x01, 0x29, 0x36, 0x01,
0x0B, 0x50, 0x00, 0x17, 0x40, 0x01, 0x18, 0x07, 0x0A, 0x13, 0x42, 0x06, 0x1E, 0x7F, 0x02, 0x20,
0x40, 0x01, 0x05, 0x65, 0x03, 0x07, 0x40, 0x01, 0x0F, 0xBE, 0x03, 0x10, 0x6E, 0x15, 0x29, 0x44,
0x01, 0x08, 0x12, 0x05, 0x08, 0x44, 0x01, 0x81, 0x22, 0x05, 0x0A, 0x48, 0x01, 0x40, 0x40, 0x38,
0x01, 0x09, 0x1B, 0x00, 0x07, 0xBF, 0x02, 0x11, 0x40, 0x01, 0x80, 0x21, 0x10, 0x40, 0x01, 0x0F,
0xC2, 0x03, 0x40, 0x4B, 0x40, 0x01, 0x07, 0x20, 0x00, 0x0C, 0x3D, 0x06, 0x0B, 0x40, 0x01, 0x0B,
0x63, 0x1A, 0x2E, 0xC8, 0x2F, 0x06, 0x5D, 0x00, 0x80, 0x22, 0x05, 0x13, 0x05, 0x82, 0x22, 0x1B,
0x1B, 0x04, 0x91, 0x02, 0x0A, 0xFF, 0x00, 0x0F, 0x09, 0x01, 0x04, 0x11, 0x00, 0x20, 0x35, 0x01,
0x05, 0x27, 0x00, 0x09, 0x35, 0x01, 0x0F, 0x51, 0x05, 0x11, 0x40, 0x01, 0x06, 0x42, 0x01, 0x1A,
0x04, 0x0A, 0x12, 0xC2, 0x08, 0x39, 0x42, 0x01, 0x82, 0x09, 0x0B, 0x0B, 0x09, 0x3F, 0x01, 0x0D,
0x2B, 0x08, 0x12, 0xBE, 0x03, 0x2C, 0x29, 0x10, 0x04, 0x37, 0x0F, 0x0B, 0x66, 0x00, 0x04, 0x7B,
0x02, 0x04, 0x85, 0x02, 0x0C, 0xCD, 0x03, 0x1E, 0x16, 0x03, 0x12, 0xAC, 0x02, 0x0B, 0x3B, 0x05,
0x0D, 0xE8, 0x00, 0x83, 0x0A, 0x0A, 0x1C, 0x12, 0x12, 0x41, 0x01, 0x0F, 0x45, 0x0B, 0x0C, 0x43,
0x01, 0x40, 0x4E, 0x40, 0x01, 0x04, 0xEB, 0x01, 0x06, 0xFE, 0x04, 0x1C, 0x76, 0x15, 0x2D, 0x40,
0x01, 0x0D, 0xB1, 0x1A, 0x2F, 0x30, 0x01, 0x11, 0x3A, 0x01, 0x15, 0x34, 0x01, 0x09, 0xA7, 0x14,
0x05, 0x2D, 0x0A, 0x82, 0x1C, 0x12, 0x12, 0x12, 0x42, 0x01, 0x0E, 0x82, 0x02, 0x12, 0x02, 0x05,
0x1F, 0x40, 0x01, 0x0D, 0x3E, 0x01, 0x1B, 0xC6, 0x00, 0x04, 0x7E, 0x02, 0x08, 0x7F, 0x02, 0x80,
0x06, 0x08, 0xBA, 0x21, 0x04, 0x3B, 0x00, 0x05, 0x8D, 0x0D, 0x07, 0xD6, 0x1C, 0x30, 0xC0, 0x03,
0x0F, 0x3D, 0x0B, 0x81, 0x0B, 0x0B, 0x20, 0x46, 0x01, 0x09, 0xB6, 0x03, 0x06, 0x32, 0x01, 0x05,
0x0C, 0x12, 0x10, 0x37, 0x01, 0x09, 0xAB, 0x13, 0x05, 0x72, 0x0B, 0x0C, 0x4D, 0x25, 0x16, 0x40,
0x01, 0x05, 0x05, 0x05, 0x40, 0x62, 0x40, 0x01, 0x04, 0x7F, 0x04, 0x10, 0xE0, 0x01, 0x40, 0x4F,
0x40, 0x01, 0x0D, 0x54, 0x05, 0x0D, 0xBD, 0x08, 0x0F, 0x93, 0x03, 0x1A, 0x28, 0x0A, 0x07, 0xC5,
0x0D, 0x04, 0xCC, 0x29, 0x0D, 0x3B, 0x01, 0x09, 0x40, 0x01, 0x12, 0x43, 0x01, 0x1B, 0x81, 0x02,
0x23, 0x03, 0x0A, 0x26, 0xBE, 0x03, 0x04, 0x6F, 0x09, 0x0C, 0xBE, 0x03, 0x09, 0x7F, 0x02, 0x04,
0x0C, 0x02, 0x08, 0x40, 0x01, 0x32, 0x40, 0x06, 0x40, 0x4C, 0xAC, 0x17, 0x05, 0xC8, 0x4B, 0x06,
0xF9, 0x30, 0x81, 0x0A, 0x00, 0x04, 0x4D, 0x2C, 0x12, 0xCD, 0x27, 0x07, 0x40, 0x01, 0x0F, 0x42,
0x01, 0x82, 0x21, 0x21, 0x21, 0x2A, 0x40, 0x01, 0x38, 0x80, 0x07, 0x04, 0xFB, 0x09, 0x10, 0x3E,
0x06, 0x04, 0x3B, 0x03, 0x06, 0x40, 0x01, 0x04, 0x3C, 0x01, 0x0A, 0xAF, 0x11, 0x27, 0x38, 0x06,
0x07, 0x3D, 0x01, 0x40, 0x48, 0x48, 0x01, 0x09, 0xC9, 0x31, 0x06, 0x06, 0x00, 0x06, 0x8E, 0x4F,
0x17, 0x40, 0x01, 0x0E, 0x43, 0x01, 0x82, 0x1E, 0x1E, 0x21, 0x17, 0xC1, 0x03, 0x40, 0x48, 0x40,
0x01, 0x80, 0x0B, 0x04, 0x72, 0x04, 0x05, 0x66, 0x2F, 0x0D, 0x3B, 0x00, 0x83, 0x00, 0x00, 0x0B,
0x03, 0x07, 0x96, 0x0C, 0x0D, 0x70, 0x15, 0x27, 0x40, 0x01, 0x06, 0x36, 0x01, 0x40, 0x4B, 0xEA,
0x18, 0x08, 0x3A, 0x01, 0x04, 0x3C, 0x01, 0x2B, 0x40, 0x01, 0x82, 0x21, 0x1E, 0x21, 0x0A, 0x45,
0x10, 0x0D, 0x41, 0x01, 0x24, 0x40, 0x01, 0x05, 0xB9, 0x06, 0x1E, 0x40, 0x01, 0x80, 0x03, 0x0E,
0x7E, 0x02, 0x09, 0x7A, 0x01, 0x80, 0x00, 0x06, 0xFE, 0x04, 0x08, 0xDA, 0x0D, 0x2B, 0x41, 0x01,
0x40, 0x43, 0x98, 0x2B, 0x0C, 0x39, 0x01, 0x80, 0x0A, 0x0F, 0xEC, 0x04, 0x18, 0x40, 0x01, 0x82,
0x10, 0x10, 0x1D, 0x15, 0x41, 0x01, 0x19, 0x03, 0x05, 0x19, 0xC5, 0x12, 0x0D, 0x9D, 0x05, 0x05,
0x87, 0x0A, 0x1C, 0x40, 0x01, 0x0F, 0x7F, 0x02, 0x07, 0x4A, 0x01, 0x04, 0x3A, 0x00, 0x07, 0x66,
0x15, 0x09, 0x6E, 0x15, 0x06, 0x07, 0x00, 0x1C, 0x4A, 0x06, 0x40, 0x48, 0x38, 0x01, 0x08, 0xCA,
0x00, 0x0A, 0xA0, 0x22, 0x08, 0x77, 0x4F, 0x09, 0x83, 0x02, 0x12, 0x40, 0x01, 0x82, 0x44, 0x44,
0x17, 0x15, 0x40, 0x01, 0x19, 0x47, 0x0B, 0x40, 0x43, 0x40, 0x01, 0x06, 0xE6, 0x0B, 0x13, 0xFA,
0x09, 0x80, 0x03, 0x04, 0x39, 0x00, 0x0C, 0x3D, 0x01, 0x0B, 0x29, 0x1E, 0x1B, 0x40, 0x01, 0x40,
0x44, 0x3C, 0x01, 0x07, 0x38, 0x01, 0x0B, 0xB4, 0x50, 0x08, 0x80, 0x54, 0x0B, 0x78, 0x02, 0x12,
0x40, 0x01, 0x85, 0x12, 0x10, 0x10, 0x10, 0x10, 0x10, 0x17, 0x40, 0x01, 0x10, 0x46, 0x10, 0x04,
0x81, 0x11, 0x81, 0x0D, 0x0F, 0x0F, 0xC1, 0x03, 0x11, 0xFB, 0x04, 0x09, 0x33, 0x13, 0x1C, 0x73,
0x09, 0x10, 0x7A, 0x0C, 0x05, 0x0D, 0x00, 0x05, 0x7E, 0x02, 0x07, 0x17, 0x0F, 0x12, 0x6A, 0x1F,
0x17, 0xC9, 0x03, 0x0B, 0xEE, 0x25, 0x40, 0x42, 0x3F, 0x01, 0x04, 0x15, 0x1A, 0x0A, 0x75, 0x02,
0x06, 0x4D, 0x15, 0x08, 0x35, 0x01, 0x13, 0x7F, 0x07, 0x87, 0x0A, 0x1C, 0x0E, 0x11, 0x12, 0x17,
0x17, 0x17, 0x08, 0x43, 0x01, 0x19, 0xC2, 0x03, 0x0A, 0x3F, 0x01, 0x04, 0x40, 0x01, 0x18, 0x82,
0x0C, 0x09, 0x56, 0x09, 0x1C, 0xBA, 0x10, 0x09, 0x52, 0x0E, 0x0E, 0x37, 0x06, 0x06, 0x3F, 0x01,
0x0A, 0xB7, 0x02, 0x19, 0x40, 0x01, 0x10, 0x45, 0x01, 0x40, 0x43, 0x40, 0x01, 0x10, 0xD0, 0x00,
0x0B, 0x41, 0x01, 0x0C, 0x7F, 0x35, 0x14, 0x40, 0x01, 0x88, 0x00, 0x0F, 0x0E, 0x21, 0x12, 0x17,
0x17, 0x10, 0x44, 0x10, 0x42, 0x01, 0x05, 0x82, 0x02, 0x0F, 0xC1, 0x03, 0x1F, 0x40, 0x01, 0x10,
0x45, 0x13, 0x1E, 0xF2, 0x0B, 0x0B, 0x3F, 0x01, 0x08, 0x01, 0x04, 0x06, 0x35, 0x00, 0x0F, 0x6B,
0x1A, 0x20, 0x40, 0x01, 0x06, 0xF4, 0x18, 0x39, 0x40, 0x01, 0x16, 0x3C, 0x01, 0x14, 0x2F, 0x06,
0x0A, 0x40, 0x01, 0x09, 0x55, 0x2F, 0x81, 0x07, 0x1C, 0x04, 0x81, 0x4A, 0x82, 0x0D, 0x0E, 0x21,
0x05, 0x83, 0x02, 0x80, 0x17, 0x0C, 0x81, 0x02, 0x82, 0x21, 0x21, 0x21, 0x0D, 0x86, 0x11, 0x07,
0xC4, 0x03, 0x13, 0x05, 0x19, 0x0F, 0x7C, 0x02, 0x81, 0x0B, 0x03, 0x04, 0xC6, 0x04, 0x1D, 0xBD,
0x03, 0x04, 0x3D, 0x06, 0x0B, 0xFE, 0x04, 0x08, 0x42, 0x00, 0x06, 0x3E, 0x01, 0x05, 0x3A, 0x0B,
0x17, 0xAE, 0x20, 0x19, 0x8C, 0x07, 0x40, 0x45, 0x7C, 0x02, 0x07, 0x69, 0x1B, 0x09, 0x79, 0x59,
0x13, 0x70, 0x02, 0x11, 0x80, 0x02, 0x05, 0xC4, 0x0F, 0x84, 0x06, 0x0F, 0x0E, 0x19, 0x12, 0x04,
0x42, 0x01, 0x04, 0x84, 0x02, 0x0A, 0x41, 0x01, 0x80, 0x19, 0x15, 0x40, 0x01, 0x83, 0x0F, 0x0F,
0x0F, 0x0F, 0x16, 0xC1, 0x08, 0x0D, 0x40, 0x01, 0x18, 0x42, 0x01, 0x09, 0xD4, 0x10, 0x0F, 0x3F,
0x01, 0x08, 0x33, 0x05, 0x08, 0x73, 0x06, 0x29, 0x40, 0x01, 0x09, 0xE6, 0x52, 0x35, 0xF7, 0x04,
0x0D, 0x74, 0x02, 0x20, 0x40, 0x01, 0x12, 0x4E, 0x34, 0x81, 0x1C, 0x0C, 0x05, 0xE8, 0x00, 0x82,
0x03, 0x00, 0x06, 0x04, 0x42, 0x01, 0x06, 0x08, 0x05, 0x09, 0x40, 0x01, 0x16, 0x80, 0x02, 0x29,
0x40, 0x01, 0x06, 0x5F, 0x13, 0x18, 0xDC, 0x10, 0x0C, 0x3B, 0x06, 0x08, 0x3D, 0x06, 0x05, 0xFE,
0x04, 0x30, 0x40, 0x01, 0x3B, 0x80, 0x02, 0x10, 0xB4, 0x03, 0x08, 0x73, 0x07, 0x23, 0x40, 0x01,
0x08, 0x80, 0x34, 0x82, 0x0C, 0x0C, 0x0C, 0x07, 0x0E, 0x07, 0x04, 0xC7, 0x03, 0x82, 0x12, 0x10,
0x17, 0x06, 0xC6, 0x03, 0x81, 0x21, 0x21, 0x17, 0x06, 0x0F, 0x04, 0x01, 0x05, 0x0F, 0x40, 0x01,
0x0D, 0xFF, 0x04, 0x0C, 0x40, 0x01, 0x13, 0x3D, 0x01, 0x0F, 0x3F, 0x01, 0x04, 0xC4, 0x00, 0x80,
0x0C, 0x06, 0xE5, 0x36, 0x07, 0xBF, 0x03, 0x09, 0x40, 0x01, 0x16, 0x03, 0x05, 0x0A, 0x4F, 0x1A,
0x0B, 0x46, 0x01, 0x39, 0x75, 0x0C, 0x07, 0x13, 0x58, 0x0C, 0xE7, 0x09, 0x1F, 0xB0, 0x03, 0x07,
0x87, 0x30, 0x0A, 0x00, 0x37, 0x82, 0x29, 0x29, 0x20, 0x08, 0x43, 0x01, 0x04, 0xC7, 0x03, 0x80,
0x21, 0x04, 0xC7, 0x03, 0x08, 0x08, 0x05, 0x0D, 0x42, 0x06, 0x0A, 0xC2, 0x08, 0x3C, 0x40, 0x01,
0x08, 0xBE, 0x03, 0x0B, 0xC4, 0x00, 0x05, 0x40, 0x01, 0x08, 0x79, 0x06, 0x0D, 0x32, 0x0A, 0x26,
0x40, 0x01, 0x07, 0xF0, 0x1D, 0x40, 0x69, 0x40, 0x01, 0x08, 0xCC, 0x31, 0x07, 0x40, 0x01, 0x82,
0x0F, 0x0F, 0x20, 0x04, 0x42, 0x01, 0x80, 0x0C, 0x06, 0xCD, 0x14, 0x81, 0x06, 0x08, 0x06, 0x09,
0x05, 0x81, 0x12, 0x12, 0x04, 0x41, 0x06, 0x80, 0x19, 0x0A, 0x03, 0x05, 0x0A, 0x02, 0x0A, 0x11,
0xC0, 0x03, 0x17, 0x80, 0x07, 0x16, 0x76, 0x0C, 0x0E, 0x7F, 0x02, 0x84, 0x06, 0x06, 0x06, 0x18,
0x06, 0x05, 0x85, 0x52, 0x06, 0xFE, 0x04, 0x10, 0x71, 0x0B, 0x13, 0xF6, 0x26, 0x0C, 0xAF, 0x34,
0x40, 0x41, 0x7E, 0x0C, 0x12, 0xB0, 0x08, 0x1A, 0x3A, 0x06, 0x09, 0x0F, 0x3D, 0x0D, 0x00, 0x3C,
0x85, 0x14, 0x0F, 0x0F, 0x29, 0x20, 0x20, 0x05, 0x43, 0x01, 0x09, 0xC7, 0x03, 0x83, 0x11, 0x12,
0x17, 0x44, 0x05, 0x42, 0x01, 0x81, 0x19, 0x19, 0x0A, 0x43, 0x06, 0x40, 0x46, 0x40, 0x01, 0x0E,
0xFD, 0x04, 0x04, 0x3F, 0x01, 0x82, 0x0B, 0x00, 0x18, 0x37, 0x40, 0x01, 0x0A, 0xC2, 0x03, 0x40,
0x46, 0x7D, 0x07, 0x1F, 0x7C, 0x02, 0x0C, 0x53, 0x3E, 0x0A, 0x40, 0x01, 0x87, 0x0E, 0x0E, 0x2B,
0x14, 0x0F, 0x0F, 0x0F, 0x29, 0x05, 0xC8, 0x03, 0x06, 0x4C, 0x06, 0x07, 0xC7, 0x03, 0x04, 0xC6,
0x03, 0x0B, 0x82, 0x07, 0x40, 0x43, 0x40, 0x01, 0x10, 0xBE, 0x03, 0x85, 0x06, 0x06, 0x06, 0x03,
0x0B, 0x18, 0x04, 0x89, 0x57, 0x10, 0x7D, 0x07, 0x1A, 0x40, 0x01, 0x0C, 0x90, 0x2E, 0x09, 0x96,
0x38, 0x39, 0x74, 0x11, 0x0E, 0xF0, 0x09, 0x1E, 0x41, 0x01, 0x10, 0xBB, 0x03, 0x06, 0x40, 0x01,
0x82, 0x21, 0x19, 0x19, 0x06, 0x42, 0x01, 0x81, 0x20, 0x20, 0x0D, 0x42, 0x01, 0x86, 0x19, 0x12,
0x10, 0x44, 0x17, 0x12, 0x11, 0x0C, 0x84, 0x07, 0x0B, 0x00, 0x05, 0x0D, 0x41, 0x01, 0x17, 0xE9,
0x20, 0x1B, 0xFC, 0x1B, 0x08, 0xF1, 0x09, 0x83, 0x06, 0x06, 0x0C, 0x0C, 0x05, 0xC8, 0x58, 0x18,
0x40, 0x01, 0x11, 0x06, 0x05, 0x0C, 0x0D, 0x3B, 0x0A, 0x0F, 0x55, 0x35, 0x82, 0x02, 0x10, 0x03,
0x02, 0x81, 0x0A, 0x07, 0x06, 0xB7, 0x38, 0x11, 0x30, 0x06, 0x05, 0xBC, 0x03, 0x13, 0x7C, 0x02,
0x05, 0x40, 0x01, 0x04, 0x27, 0x06, 0x04, 0x42, 0x01, 0x04, 0x43, 0x01, 0x04, 0x46, 0x01, 0x07,
0x42, 0x01, 0x81, 0x0B, 0x06, 0x07, 0x84, 0x02, 0x0A, 0x42, 0x01, 0x0B, 0x82, 0x0C, 0x17, 0xC1,
0x08, 0x29, 0x40, 0x01, 0x05, 0xEA, 0x10, 0x85, 0x06, 0x06, 0x0B, 0x06, 0x18, 0x18, 0x04, 0xD0,
0x5D, 0x08, 0x79, 0x01, 0x15, 0x3F, 0x01, 0x15, 0x40, 0x01, 0x0C, 0x2C, 0x1A, 0x1D, 0x7D, 0x17,
0x29, 0x40, 0x01, 0x82, 0x07, 0x0A, 0x06, 0x05, 0x74, 0x3C, 0x0F, 0xA5, 0x0D, 0x20, 0x96, 0x3A,
0x08, 0xC0, 0x1C, 0x81, 0x19, 0x0E, 0x04, 0x42, 0x01, 0x04, 0x09, 0x05, 0x80, 0x29, 0x06, 0x85,
0x02, 0x80, 0x03, 0x06, 0xD9, 0x0D, 0x04, 0x42, 0x01, 0x07, 0xC5, 0x03, 0x1A, 0x40, 0x01, 0x0B,
0xC0, 0x03, 0x24, 0x40, 0x01, 0x81, 0x0B, 0x06, 0x04, 0xFA, 0x59, 0x05, 0x39, 0x00, 0x80, 0x0C,
0x07, 0x40, 0x01, 0x06, 0xB2, 0x07, 0x16, 0xAF, 0x11, 0x22, 0x40, 0x01, 0x08, 0x75, 0x3D, 0x3A,
0xFC, 0x04, 0x8C, 0x0A, 0x06, 0x07, 0x06, 0x65, 0x94, 0x66, 0x66, 0x52, 0x39, 0x78, 0x53, 0x0F,
0x0D, 0x82, 0x02, 0x06, 0xAF, 0x03, 0x19, 0x48, 0x01, 0x09, 0x00, 0x1E, 0x05, 0x85, 0x02, 0x04,
0x08, 0x05, 0x82, 0x0F, 0x29, 0x0F, 0x0E, 0x09, 0x05, 0x82, 0x17, 0x12, 0x11, 0x1D, 0xBF, 0x03,
0x17, 0xFE, 0x0E, 0x1F, 0x4E, 0x1D, 0x04, 0xB7, 0x03, 0x82, 0x06, 0x0C, 0x0C, 0x05, 0x50, 0x60,
0x08, 0x37, 0x00, 0x1A, 0x40, 0x01, 0x13, 0x4A, 0x15, 0x0A, 0xC3, 0x03, 0x37, 0xE9, 0x13, 0x0E,
0x3A, 0x0B, 0x8D, 0x0F, 0x39, 0x39, 0x66, 0x5A, 0x35, 0x36, 0x36, 0x39, 0x47, 0x4E, 0x67, 0x07,
0x0A, 0x06, 0x69, 0x63, 0x09, 0x3F, 0x01, 0x22, 0x80, 0x02, 0x06, 0x84, 0x02, 0x05, 0x85, 0x02,
0x04, 0x4E, 0x06, 0x04, 0x0A, 0x05, 0x10, 0x42, 0x01, 0x19, 0x00, 0x0A, 0x2B, 0x40, 0x01, 0x05,
0xFB, 0x5E, 0x05, 0x29, 0x00, 0x81, 0x06, 0x18, 0x04, 0x3F, 0x01, 0x80, 0x0C, 0x04, 0xC7, 0x5D,
0x80, 0x18, 0x07, 0x37, 0x00, 0x17, 0x6B, 0x1C, 0x40, 0x53, 0x40, 0x01, 0x05, 0x14, 0x29, 0x0E,
0x40, 0x01, 0x8D, 0x95, 0x36, 0x35, 0x52, 0x68, 0x35, 0x39, 0x69, 0x39, 0x54, 0x4E, 0x96, 0x00,
0x4B, 0x04, 0xE4, 0x0F, 0x06, 0xB0, 0x3B, 0x81, 0x07, 0x0D, 0x29, 0x40, 0x01, 0x05, 0x85, 0x02,
0x84, 0x14, 0x14, 0x0F, 0x29, 0x20, 0x04, 0x43, 0x01, 0x0C, 0x4B, 0x06, 0x83, 0x17, 0x12, 0x12,
0x21, 0x1A, 0xC0, 0x0D, 0x09, 0x40, 0x15, 0x1D, 0x7E, 0x07, 0x08, 0x64, 0x1D, 0x81, 0x0B, 0x00,
0x07, 0xCF, 0x1F, 0x84, 0x06, 0x18, 0x0C, 0x03, 0x03, 0x04, 0x7E, 0x07, 0x08, 0x3F, 0x01, 0x05,
0x10, 0x1E, 0x1D, 0xEE, 0x21, 0x0F, 0x44, 0x01, 0x0B, 0xF3, 0x18, 0x3C, 0x37, 0x0B, 0x04, 0xBB,
0x08, 0x90, 0x01, 0x39, 0x36, 0x35, 0x35, 0x35, 0x35, 0x36, 0x36, 0x97, 0x54, 0x4E, 0x6A, 0x0F,
0x4C, 0x4C, 0x6B, 0x04, 0xE3, 0x00, 0x84, 0x0A, 0x0D, 0x4B, 0x79, 0x7A, 0x14, 0xC1, 0x0D, 0x18,
0x40, 0x01, 0x04, 0x85, 0x02, 0x06, 0x0A, 0x05, 0x0B, 0x84, 0x02, 0x05, 0x1B, 0x0F, 0x83, 0x12,
0x12, 0x12, 0x19, 0x05, 0x83, 0x02, 0x06, 0x40, 0x01, 0x14, 0x82, 0x02, 0x28, 0x40, 0x01, 0x09,
0xC2, 0x03, 0x83, 0x0C, 0x0C, 0x03, 0x0C, 0x05, 0x40, 0x01, 0x07, 0xD7, 0x03, 0x20, 0x29, 0x28,
0x11, 0xC0, 0x12, 0x40, 0x48, 0x40, 0x01, 0x04, 0x3F, 0x06, 0x84, 0x36, 0x35, 0x35, 0x5A, 0x52,
0x04, 0xBF, 0x03, 0x8F, 0x54, 0x7B, 0x7C, 0x79, 0x4C, 0x4D, 0x45, 0x37, 0x6C, 0x98, 0x99, 0x30,
0x30, 0x34, 0x37, 0x20, 0x0F, 0x0E, 0x05, 0x10, 0x40, 0x01, 0x12, 0x3E, 0x1F, 0x09, 0x42, 0x01,
0x04, 0x99, 0x0C, 0x80, 0x03, 0x04, 0x40, 0x22, 0x83, 0x0B, 0x06, 0x0E, 0x0E, 0x04, 0x42, 0x01,
0x04, 0x41, 0x01, 0x37, 0x80, 0x02, 0x0A, 0xE3, 0x1F, 0x0A, 0xE2, 0x03, 0x06, 0x40, 0x01, 0x08,
0xBE, 0x03, 0x17, 0x7E, 0x07, 0x40, 0x67, 0x40, 0x01, 0x83, 0x53, 0x36, 0x35, 0x68, 0x05, 0xFF,
0x04, 0x84, 0x54, 0x4E, 0x7D, 0x06, 0x7E, 0x04, 0x40, 0x01, 0x82, 0x34, 0x30, 0x9A, 0x04, 0x40,
0x01, 0x0B, 0xD0, 0x08, 0x0A, 0x1B, 0x2D, 0x0D, 0x80, 0x02, 0x04, 0x42, 0x01, 0x0D, 0x3B, 0x15,
0x04, 0xB9, 0x12, 0x07, 0x84, 0x02, 0x08, 0x8D, 0x07, 0x07, 0x42, 0x01, 0x83, 0x11, 0x0E, 0x0E,
0x08, 0x18, 0x40, 0x01, 0x1D, 0x79, 0x16, 0x07, 0x8D, 0x11, 0x14, 0x3F, 0x01, 0x81, 0x06, 0x06,
0x1F, 0x6F, 0x15, 0x18, 0x10, 0x0F, 0x0B, 0xC0, 0x08, 0x40, 0x41, 0x33, 0x15, 0x99, 0x0A, 0x47,
0x35, 0x35, 0x5A, 0x68, 0x35, 0x69, 0x39, 0x47, 0x9B, 0x4E, 0x20, 0x06, 0x55, 0x4C, 0x45, 0x37,
0x37, 0x34, 0x4F, 0x4F, 0x30, 0x30, 0x37, 0x6D, 0x0D, 0x40, 0x01, 0x09, 0x37, 0x15, 0x0B, 0x80,
0x02, 0x0B, 0xC1, 0x1C, 0x0B, 0x43, 0x01, 0x82, 0x19, 0x19, 0x14, 0x04, 0x0A, 0x05, 0x80, 0x0F,
0x06, 0x97, 0x0C, 0x09, 0x4B, 0x06, 0x04, 0x07, 0x05, 0x15, 0x40, 0x01, 0x1E, 0xB9, 0x17, 0x07,
0x7E, 0x02, 0x0D, 0x40, 0x01, 0x06, 0x3D, 0x06, 0x0A, 0x7F, 0x02, 0x22, 0x3F, 0x01, 0x0F, 0x0F,
0x1E, 0x06, 0x1F, 0x32, 0x40, 0x45, 0x40, 0x01, 0x85, 0x0F, 0x56, 0x69, 0x36, 0x35, 0x5B, 0x05,
0xBF, 0x03, 0x83, 0x7F, 0x4E, 0x00, 0x6B, 0x05, 0x7F, 0x02, 0x81, 0x34, 0x4F, 0x04, 0x7F, 0x02,
0x80, 0x6E, 0x0B, 0xF5, 0x18, 0x15, 0x40, 0x06, 0x81, 0x12, 0x12, 0x0A, 0xC0, 0x1C, 0x04, 0x41,
0x01, 0x09, 0x43, 0x01, 0x80, 0x19, 0x04, 0x43, 0x01, 0x83, 0x0F, 0x0F, 0x0F, 0x14, 0x05, 0x54,
0x0B, 0x80, 0x22, 0x08, 0x4B, 0x06, 0x81, 0x21, 0x19, 0x04, 0x42, 0x01, 0x10, 0x40, 0x01, 0x12,
0x00, 0x2B, 0x14, 0x31, 0x1A, 0x10, 0x7F, 0x02, 0x0C, 0x40, 0x01, 0x1E, 0x3D, 0x06, 0x15, 0x40,
0x01, 0x81, 0x0B, 0x09, 0x05, 0x44, 0x01, 0x40, 0x44, 0x80, 0x02, 0x90, 0x9C, 0x39, 0x52, 0x78,
0x80, 0x67, 0x80, 0x54, 0x5B, 0x47, 0x7F, 0x6F, 0x0A, 0x7E, 0x6D, 0x4D, 0x37, 0x07, 0x40, 0x01,
0x82, 0x45, 0x29, 0x06, 0x08, 0xF3, 0x04, 0x17, 0x40, 0x01, 0x81, 0x1D, 0x1D, 0x0D, 0x40, 0x01,
0x0A, 0x87, 0x02, 0x80, 0x21, 0x04, 0xDA, 0x0D, 0x82, 0x14, 0x14, 0x29, 0x05, 0xC8, 0x03, 0x08,
0x4B, 0x06, 0x82, 0x0F, 0x0E, 0x19, 0x04, 0xDE, 0x03, 0x80, 0x0D, 0x14, 0x01, 0x19, 0x1E, 0x7F,
0x02, 0x10, 0xFE, 0x04, 0x04, 0x3F, 0x01, 0x84, 0x0C, 0x18, 0x06, 0x0C, 0x0C, 0x06, 0x35, 0x00,
0x22, 0x28, 0x25, 0x0F, 0xC6, 0x08, 0x80, 0x09, 0x04, 0xFA, 0x30, 0x30, 0xF9, 0x18, 0x17, 0xEC,
0x18, 0x8E, 0x06, 0x06, 0x67, 0x0C, 0x03, 0x00, 0x06, 0x81, 0x00, 0x00, 0x03, 0x82, 0x7B, 0x82,
0x4B, 0x05, 0x3E, 0x06, 0x87, 0x34, 0x30, 0x30, 0x30, 0x30, 0x37, 0x55, 0x18, 0x07, 0xB6, 0x0D,
0x08, 0xF5, 0x13, 0x0C, 0x45, 0x01, 0x04, 0x0C, 0x00, 0x04, 0x40, 0x01, 0x80, 0x1D, 0x04, 0x04,
0x00, 0x11, 0x46, 0x01, 0x0A, 0xD0, 0x08, 0x05, 0x4C, 0x06, 0x81, 0x0C, 0x0C, 0x05, 0x84, 0x02,
0x82, 0x0B, 0x0F, 0x0D, 0x04, 0x95, 0x11, 0x80, 0x08, 0x13, 0x81, 0x0C, 0x05, 0x40, 0x01, 0x14,
0x42, 0x01, 0x1A, 0x3F, 0x01, 0x80, 0x18, 0x04, 0x84, 0x07, 0x24, 0x7D, 0x07, 0x40, 0x5F, 0x40,
0x01, 0x8E, 0x00, 0x07, 0x3E, 0x11, 0x12, 0x11, 0x27, 0x41, 0x3E, 0x83, 0x07, 0x06, 0x06, 0x9D,
0x55, 0x0A, 0xBF, 0x03, 0x05, 0x7E, 0x07, 0x07, 0x3D, 0x01, 0x2F, 0x40, 0x01, 0x07, 0x43, 0x01,
0x05, 0x42, 0x01, 0x81, 0x14, 0x29, 0x05, 0xCF, 0x08, 0x81, 0x05, 0x1B, 0x04, 0x06, 0x01, 0x83,
0x0F, 0x0F, 0x0E, 0x19, 0x10, 0x83, 0x02, 0x14, 0x3F, 0x10, 0x07, 0x42, 0x01, 0x14, 0x3E, 0x01,
0x07, 0xBE, 0x03, 0x05, 0x3C, 0x0B, 0x07, 0x12, 0x0F, 0x24, 0xD7, 0x28, 0x10, 0x3F, 0x01, 0x81,
0x00, 0x04, 0x04, 0x43, 0x01, 0x29, 0xA4, 0x30, 0x09, 0xB8, 0x36, 0x0F, 0x3D, 0x01, 0x93, 0x06,
0x06, 0x3C, 0x3E, 0x41, 0x50, 0x50, 0x48, 0x41, 0x3E, 0x3E, 0x46, 0x70, 0x07, 0x06, 0x18, 0x20,
0x6D, 0x45, 0x6C, 0x05, 0x40, 0x01, 0x81, 0x45, 0x55, 0x05, 0x6C, 0x6D, 0x12, 0x10, 0x0F, 0x0B,
0x80, 0x16, 0x09, 0x40, 0x01, 0x15, 0x44, 0x01, 0x04, 0x9B, 0x07, 0x04, 0x42, 0x01, 0x81, 0x14,
0x14, 0x04, 0x4F, 0x06, 0x04, 0xCF, 0x08, 0x04, 0x0A, 0x01, 0x81, 0x06, 0x0F, 0x04, 0xD0, 0x0D,
0x0C, 0x83, 0x02, 0x1B, 0x7F, 0x11, 0x17, 0x40, 0x01, 0x05, 0x7F, 0x02, 0x82, 0x06, 0x06, 0x18,
0x08, 0x52, 0x10, 0x34, 0x40, 0x01, 0x05, 0x3D, 0x01, 0x2E, 0x40, 0x01, 0x06, 0x30, 0x01, 0x10,
0xFD, 0x09, 0x81, 0x3C, 0x5C, 0x06, 0x40, 0x01, 0x90, 0x3C, 0x46, 0x71, 0x00, 0x14, 0x6A, 0x14,
0x0F, 0x20, 0x72, 0x72, 0x55, 0x7A, 0x6E, 0x57, 0x6E, 0x0C, 0x08, 0x34, 0x48, 0x27, 0x40, 0x01,
0x16, 0xC7, 0x03, 0x04, 0x47, 0x15, 0x07, 0x42, 0x01, 0x04, 0xC6, 0x03, 0x80, 0x22, 0x13, 0x42,
0x01, 0x19, 0x40, 0x01, 0x17, 0xD9, 0x2E, 0x04, 0xB6, 0x03, 0x83, 0x0C, 0x06, 0x06, 0x18, 0x06,
0x3F, 0x01, 0x06, 0x39, 0x1A, 0x36, 0x80, 0x02, 0x30, 0x40, 0x01, 0x0F, 0x73, 0x1B, 0x06, 0x12,
0x71, 0x99, 0x3C, 0x41, 0x11, 0x84, 0x11, 0x41, 0x27, 0x3C, 0x83, 0x46, 0x9E, 0x00, 0x9F, 0x3F,
0x3F, 0xA0, 0xA1, 0x85, 0x5D, 0x5D, 0x85, 0xA2, 0x86, 0x32, 0x72, 0x06, 0x10, 0xC1, 0x4F, 0x06,
0x3C, 0x01, 0x0A, 0x4C, 0x06, 0x11, 0x40, 0x01, 0x11, 0x44, 0x01, 0x05, 0x0A, 0x1E, 0x06, 0x41,
0x01, 0x81, 0x0F, 0x14, 0x05, 0x4A, 0x06, 0x04, 0x08, 0x05, 0x06, 0x42, 0x01, 0x08, 0xC5, 0x03,
0x17, 0x3F, 0x0B, 0x0A, 0xBA, 0x2E, 0x13, 0xFE, 0x04, 0x08, 0x40, 0x01, 0x04, 0x2F, 0x19, 0x24,
0x7D, 0x07, 0x11, 0x03, 0x05, 0x0C, 0x10, 0x33, 0x28, 0xAD, 0x1C, 0x16, 0x05, 0x05, 0x98, 0x3C,
0x3C, 0x41, 0x48, 0x50, 0x11, 0x41, 0x5C, 0x3C, 0x46, 0x71, 0x70, 0x06, 0x3F, 0x3F, 0x49, 0x51,
0x32, 0x40, 0x42, 0x4A, 0x43, 0x43, 0x40, 0x3F, 0x05, 0x3F, 0x01, 0x10, 0x82, 0x4E, 0x11, 0x80,
0x07, 0x22, 0x42, 0x01, 0x05, 0x8D, 0x07, 0x07, 0x83, 0x02, 0x04, 0xC6, 0x03, 0x05, 0x08, 0x05,
0x04, 0x42, 0x01, 0x80, 0x0D, 0x06, 0x83, 0x02, 0x05, 0x29, 0x4D, 0x15, 0x40, 0x01, 0x15, 0x3F,
0x01, 0x06, 0x3E, 0x06, 0x04, 0x40, 0x01, 0x06, 0x3C, 0x0B, 0x1A, 0x40, 0x01, 0x0E, 0x56, 0x06,
0x11, 0xC0, 0x03, 0x0A, 0x50, 0x34, 0x28, 0xE4, 0x22, 0x15, 0x3D, 0x0B, 0x85, 0x3C, 0x3E, 0x48,
0x50, 0x48, 0x48, 0x04, 0x40, 0x01, 0x86, 0x70, 0x06, 0x6B, 0x5E, 0x3F, 0x49, 0x32, 0x05, 0x40,
0x01, 0x84, 0x40, 0x32, 0x87, 0x06, 0x06, 0x0C, 0xC2, 0x4F, 0x15, 0x40, 0x0B, 0x0D, 0x37, 0x01,
0x82, 0x10, 0x10, 0x10, 0x12, 0x40, 0x01, 0x04, 0x13, 0x0A, 0x82, 0x21, 0x19, 0x19, 0x08, 0x42,
0x01, 0x84, 0x0F, 0x0F, 0x14, 0x0C, 0x0C, 0x05, 0x16, 0x30, 0x82, 0x03, 0x06, 0x06, 0x07, 0x4C,
0x0B, 0x1F, 0x40, 0x01, 0x11, 0xC8, 0x03, 0x05, 0x3F, 0x01, 0x04, 0xC2, 0x12, 0x05, 0xC0, 0x03,
0x05, 0xF2, 0x2C, 0x31, 0x40, 0x01, 0x0E, 0x90, 0x35, 0x24, 0x3D, 0x01, 0x06, 0xF2, 0x3C, 0x12,
0x40, 0x01, 0x9B, 0x07, 0xA3, 0xA4, 0x48, 0x84, 0x48, 0x27, 0x5C, 0x3E, 0x46, 0x46, 0xA5, 0x06,
0x88, 0x49, 0x49, 0x51, 0x32, 0x32, 0x42, 0x42, 0x43, 0x43, 0x40, 0x32, 0x0C, 0x03, 0x08, 0x16,
0x76, 0x0C, 0x05, 0xA2, 0x4E, 0x05, 0x4F, 0x43, 0x80, 0x1C, 0x05, 0x7F, 0x25, 0x05, 0x05, 0x00,
0x09, 0x3D, 0x01, 0x10, 0x43, 0x01, 0x0A, 0x8C, 0x20, 0x80, 0x2B, 0x07, 0x4A, 0x06, 0x83, 0x14,
0x20, 0x0C, 0x3A, 0x04, 0x95, 0x32, 0x04, 0x42, 0x01, 0x04, 0x83, 0x02, 0x08, 0xBC, 0x22, 0x18,
0x7F, 0x02, 0x14, 0xFE, 0x04, 0x04, 0x40, 0x01, 0x04, 0x88, 0x02, 0x06, 0x31, 0x2E, 0x21, 0xBB,
0x03, 0x10, 0x40, 0x01, 0x11, 0x01, 0x2E, 0x25, 0x80, 0x02, 0x80, 0x07, 0x13, 0x41, 0x01, 0x8E,
0x18, 0x3E, 0x3C, 0x27, 0x12, 0x12, 0x27, 0x27, 0x3E, 0x3C, 0x46, 0xA6, 0x89, 0x06, 0x5E, 0x0A,
0xBF, 0x03, 0x80, 0x51, 0x07, 0xB4, 0x78, 0x04, 0xC9, 0x4F, 0x04, 0xF9, 0x04, 0x07, 0x83, 0x1C,
0x80, 0x0A, 0x05, 0x91, 0x49, 0x15, 0x40, 0x01, 0x08, 0x47, 0x01, 0x05, 0x49, 0x01, 0x0D, 0xD4,
0x0D, 0x08, 0x8D, 0x20, 0x08, 0x42, 0x01, 0x82, 0x0F, 0x20, 0x0C, 0x05, 0xD7, 0x33, 0x06, 0x84,
0x02, 0x0A, 0x03, 0x15, 0x13, 0x72, 0x02, 0x15, 0xBC, 0x08, 0x06, 0x7F, 0x02, 0x04, 0x49, 0x01,
0x06, 0x33, 0x29, 0x21, 0xFA, 0x04, 0x40, 0x41, 0x40, 0x01, 0x06, 0xDA, 0x3E, 0x0E, 0x70, 0x1B,
0x06, 0x09, 0x00, 0x82, 0x3E, 0x07, 0x89, 0x05, 0x57, 0x57, 0x84, 0x02, 0x46, 0x71, 0x03, 0x14,
0x0A, 0x40, 0x01, 0x82, 0x32, 0x3F, 0x00, 0x08, 0x02, 0x51, 0x2F, 0x40, 0x01, 0x08, 0x43, 0x01,
0x0C, 0x4A, 0x0B, 0x08, 0x49, 0x1F, 0x08, 0x82, 0x02, 0x84, 0x14, 0x14, 0x0C, 0x0C, 0x22, 0x09,
0x42, 0x01, 0x81, 0x06, 0x06, 0x0B, 0xED, 0x39, 0x0F, 0x78, 0x07, 0x10, 0x38, 0x10, 0x06, 0x7F,
0x02, 0x09, 0xBC, 0x08, 0x24, 0x7F, 0x02, 0x10, 0x8D, 0x2A, 0x0F, 0xFF, 0x04, 0x26, 0x3F, 0x01,
0x84, 0x17, 0x0A, 0x0B, 0x0D, 0x19, 0x04, 0x30, 0x00, 0x07, 0x71, 0x16, 0x82, 0x2F, 0x2B, 0x0E,
0x09, 0xFE, 0x06, 0x07, 0x09, 0x00, 0x83, 0x02, 0x06, 0x87, 0x5E, 0x05, 0xBF, 0x03, 0x88, 0x4A,
0x4A, 0x43, 0x32, 0x32, 0x77, 0x06, 0x08, 0x0A, 0x05, 0x0B, 0x53, 0x07, 0x64, 0x52, 0x0C, 0xBC,
0x03, 0x07, 0x23, 0x51, 0x80, 0x08, 0x23, 0x40, 0x01, 0x07, 0x11, 0x2D, 0x07, 0xC4, 0x17, 0x04,
0xC0, 0x12, 0x0A, 0xC6, 0x03, 0x0C, 0x42, 0x01, 0x17, 0xBE, 0x03, 0x12, 0xFD, 0x04, 0x09, 0xFC,
0x09, 0x07, 0x0B, 0x14, 0x23, 0x7F, 0x02, 0x13, 0x8D, 0x20, 0x32, 0x40, 0x01, 0x92, 0x2B, 0x13,
0x0E, 0x2A, 0x15, 0x12, 0x0E, 0x06, 0x2F, 0x15, 0x1F, 0x0C, 0x06, 0x0B, 0x2A, 0x2A, 0x06, 0x0E,
0x18, 0x06, 0x39, 0x01, 0x06, 0x9B, 0x12, 0x05, 0x56, 0x01, 0x80, 0x4D, 0x07, 0x3E, 0x06, 0x8A,
0x4A, 0x40, 0x40, 0x3F, 0x06, 0x08, 0x12, 0x12, 0x11, 0x06, 0x0E, 0x12, 0x40, 0x01, 0x05, 0x7D,
0x02, 0x28, 0x40, 0x01, 0x0E, 0x3F, 0x01, 0x06, 0xBF, 0x12, 0x09, 0x84, 0x02, 0x04, 0xC6, 0x03,
0x04, 0x10, 0x0A, 0x04, 0xC6, 0x18, 0x09, 0x83, 0x02, 0x10, 0x7F, 0x02, 0x12, 0x3F, 0x01, 0x04,
0xBC, 0x08, 0x22, 0x3D, 0x06, 0x26, 0x40, 0x01, 0x28, 0xFD, 0x09, 0x94, 0x00, 0x38, 0x3B, 0x0F,
0x0E, 0x2A, 0x15, 0x17, 0x19, 0x00, 0x15, 0x15, 0x12, 0x0F, 0x0E, 0x0F, 0x2A, 0x2A, 0x06, 0x19,
0x06, 0x06, 0x3F, 0x08, 0x07, 0xC8, 0x03, 0x05, 0xD2, 0x03, 0x90, 0x20, 0x6A, 0xA7, 0x32, 0x42,
0xA8, 0x42, 0x86, 0x88, 0x7D, 0x06, 0x06, 0x08, 0x08, 0x06, 0x0D, 0x00, 0x08, 0x71, 0x02, 0x2E,
0x40, 0x01, 0x0A, 0x57, 0x2E, 0x06, 0xD0, 0x30, 0x08, 0x3E, 0x01, 0x07, 0x7E, 0x16, 0x09, 0x43,
0x01, 0x82, 0x0F, 0x0C, 0x03, 0x04, 0x08, 0x05, 0x07, 0x12, 0x01, 0x09, 0xB8, 0x26, 0x1F, 0x40,
0x01, 0x04, 0xBC, 0x08, 0x04, 0x3D, 0x1F, 0x06, 0x89, 0x16, 0x24, 0x3B, 0x06, 0x19, 0xBE, 0x08,
0x07, 0xBD, 0x25, 0x24, 0x3D, 0x0B, 0x83, 0x18, 0x0B, 0x0A, 0x06, 0x07, 0xFB, 0x1B, 0x80, 0x08,
0x07, 0x3A, 0x01, 0x0D, 0x7C, 0x25, 0x04, 0x7F, 0x25, 0x04, 0xC2, 0x21, 0x04, 0x38, 0x16, 0x08,
0xF1, 0x7E, 0x89, 0x08, 0x65, 0x73, 0x06, 0x5D, 0x07, 0x65, 0x0F, 0x53, 0x56, 0x07, 0x0C, 0x05,
0x07, 0x1F, 0x56, 0x08, 0x0D, 0x2E, 0x19, 0x40, 0x01, 0x0D, 0xBE, 0x03, 0x0A, 0x3F, 0x01, 0x07,
0xF1, 0x09, 0x04, 0xB2, 0x03, 0x09, 0x84, 0x02, 0x80, 0x03, 0x05, 0x22, 0x3A, 0x06, 0x4A, 0x1B,
0x20, 0xFA, 0x09, 0x0B, 0x3D, 0x06, 0x04, 0x80, 0x02, 0x05, 0xF4, 0x08, 0x27, 0xD5, 0x37, 0x3F,
0x40, 0x01, 0x8F, 0x0A, 0x2B, 0x2D, 0x19, 0x06, 0x00, 0x1F, 0x33, 0x26, 0x00, 0x06, 0x06, 0x26,
0x74, 0x15, 0x2E, 0x08, 0x77, 0x02, 0x05, 0x05, 0x00, 0x81, 0x2D, 0x2E, 0x0B, 0x5D, 0x2F, 0x06,
0x34, 0x0B, 0x04, 0x28, 0x01, 0x8C, 0x0D, 0x07, 0x08, 0x53, 0x75, 0xA9, 0xAA, 0x0F, 0x75, 0xAB,
0x5D, 0x75, 0x0F, 0x06, 0x49, 0x1A, 0x0F, 0x15, 0x47, 0x1A, 0x40, 0x01, 0x10, 0x3D, 0x06, 0x05,
0x3D, 0x1A, 0x0C, 0xFA, 0x13, 0x09, 0x41, 0x01, 0x82, 0x29, 0x0C, 0x3A, 0x05, 0x40, 0x44, 0x04,
0xD1, 0x77, 0x06, 0x0E, 0x01, 0x1A, 0x7E, 0x02, 0x09, 0x3D, 0x06, 0x06, 0x7E, 0x07, 0x07, 0xF4,
0x27, 0x25, 0x82, 0x02, 0x3F, 0x40, 0x01, 0x8F, 0x07, 0x00, 0x2E, 0x26, 0x06, 0x06, 0x26, 0x31,
0x2D, 0x00, 0x00, 0x14, 0x2D, 0x00, 0x0F, 0x0F, 0x0A, 0x8B, 0x07, 0x84, 0x0F, 0x0F, 0x06, 0x31,
0x2D, 0x07, 0x3B, 0x29, 0x9A, 0x0F, 0x0F, 0x0A, 0x06, 0x06, 0x0D, 0x07, 0x0A, 0x0A, 0x0D, 0x08,
0x0F, 0x0F, 0x0D, 0x0D, 0x08, 0x08, 0x0A, 0xAC, 0x5B, 0x06, 0x0D, 0x8A, 0x14, 0x00, 0x6F, 0x53,
0x0A, 0x3C, 0x06, 0x22, 0x40, 0x01, 0x0E, 0x7C, 0x07, 0x09, 0xFE, 0x1D, 0x0E, 0xB8, 0x2B, 0x0B,
0x09, 0x05, 0x81, 0x0C, 0x3A, 0x05, 0x83, 0x45, 0x11, 0x33, 0x01, 0x17, 0x7F, 0x02, 0x04, 0xBA,
0x0D, 0x04, 0x7F, 0x1B, 0x2B, 0xFC, 0x09, 0x10, 0x3E, 0x0B, 0x0A, 0x40, 0x06, 0x29, 0x01, 0x05,
0xBE, 0x2E, 0x2D, 0x0A, 0x00, 0x33, 0x3B, 0x33, 0x06, 0x00, 0x2A, 0x5F, 0x06, 0x17, 0x26, 0x0B,
0x26, 0x26, 0x15, 0x2D, 0x2E, 0x2A, 0x06, 0x06, 0x2D, 0x33, 0x26, 0x2E, 0x2D, 0x2E, 0x09, 0x0D,
0x2E, 0x26, 0x2A, 0x31, 0x0F, 0x21, 0x31, 0x2B, 0x06, 0x0E, 0x31, 0x19, 0x08, 0x0D, 0x2E, 0x0F,
0x2D, 0x26, 0x26, 0x26, 0x19, 0x08, 0x0F, 0xAD, 0x47, 0x8B, 0x04, 0x8A, 0x0F, 0x08, 0x8C, 0x56,
0x15, 0x14, 0x4C, 0x16, 0x40, 0x01, 0x12, 0x3C, 0x06, 0x13, 0x3F, 0x01, 0x0D, 0x84, 0x02, 0x80,
0x0F, 0x04, 0x42, 0x01, 0x11, 0x6B, 0x07, 0x12, 0xBB, 0x08, 0x09, 0xBC, 0x08, 0x82, 0x18, 0x06,
0x18, 0x28, 0xBE, 0x03, 0x09, 0x28, 0x4B, 0x3D, 0x40, 0x01, 0xC0, 0x00, 0x00, 0x15, 0x31, 0x0B,
0x06, 0x33, 0x06, 0x8D, 0x1F, 0x06, 0x8E, 0x2D, 0x00, 0x15, 0x8E, 0x00, 0x26, 0x26, 0x14, 0x0A,
0x1F, 0x33, 0x06, 0x19, 0x2E, 0x12, 0x06, 0x18, 0x31, 0x2E, 0x0F, 0x31, 0x2A, 0x00, 0x06, 0x2A,
0x2E, 0x0F, 0x2D, 0x2C, 0x0A, 0x2A, 0x2D, 0x2D, 0x0A, 0x17, 0x17, 0x2C, 0x15, 0x0A, 0x0A, 0x0E,
0x0F, 0x00, 0xAE, 0x56, 0x20, 0xAF, 0x06, 0x47, 0x8B, 0x8C, 0x5B, 0x06, 0x13, 0x2A, 0x5B, 0x13,
0x40, 0x01, 0x04, 0xFD, 0x27, 0x15, 0x3F, 0x01, 0x13, 0x3E, 0x01, 0x0D, 0x42, 0x01, 0x82, 0x20,
0x0C, 0x24, 0x0A, 0x84, 0x02, 0x1D, 0x7A, 0x0C, 0x07, 0xBE, 0x03, 0x04, 0x7B, 0x16, 0x29, 0xFD,
0x04, 0x0D, 0x40, 0x01, 0x05, 0x73, 0x47, 0x31, 0x80, 0x07, 0xB4, 0x06, 0x06, 0x26, 0x2C, 0x19,
0x16, 0x06, 0x15, 0x2D, 0x06, 0x33, 0x0E, 0x00, 0x15, 0x33, 0x06, 0x2E, 0x5F, 0x0A, 0x06, 0x0E,
0x2D, 0x06, 0x16, 0x31, 0x0F, 0x07, 0x06, 0x8D, 0x2D, 0x1F, 0x2D, 0x08, 0x0A, 0x07, 0x0F, 0x33,
0x19, 0x26, 0x33, 0x06, 0x33, 0x74, 0x2D, 0x0F, 0x31, 0x07, 0x12, 0x2D, 0x26, 0x26, 0x3B, 0x06,
0x04, 0xC6, 0x03, 0x85, 0x8F, 0x0F, 0x39, 0x06, 0x56, 0x0F, 0x15, 0x3F, 0x01, 0x18, 0x40, 0x01,
0x0B, 0x3F, 0x01, 0x08, 0xBD, 0x03, 0x0B, 0xB7, 0x58, 0x05, 0xF6, 0x28, 0x13, 0x42, 0x01, 0x82,
0x3A, 0x24, 0x05, 0x04, 0xBB, 0x68, 0x1A, 0x90, 0x41, 0x09, 0x7F, 0x02, 0x40, 0x41, 0x40, 0x01,
0x13, 0xC2, 0x3B, 0x22, 0x3D, 0x10, 0xBB, 0x2A, 0x26, 0x2D, 0x0E, 0x06, 0x0E, 0x5F, 0x17, 0x2D,
0x06, 0x07, 0x15, 0x26, 0x06, 0x26, 0x33, 0x01, 0x06, 0x19, 0x33, 0x06, 0x15, 0x26, 0x00, 0x0A,
0x0D, 0x26, 0x2D, 0x1F, 0x33, 0x0F, 0x0A, 0x07, 0x0E, 0x2D, 0x0E, 0x17, 0x2D, 0x17, 0x33, 0x08,
0x33, 0x3B, 0x2E, 0x06, 0x0D, 0x0E, 0x1F, 0x2C, 0x31, 0x26, 0x0F, 0x0A, 0x08, 0x0A, 0x08, 0x0F,
0x6F, 0x0F, 0x0D, 0x16, 0x3F, 0x01, 0x15, 0xC0, 0x03, 0x0C, 0xFC, 0x04, 0x08, 0x7A, 0x07, 0x08,
0x3F, 0x01, 0x0B, 0xAB, 0x21, 0x04, 0xFD, 0x19, 0x06, 0x49, 0x01, 0x0B, 0x8B, 0x07, 0x80, 0x22,
0x0B, 0x83, 0x02, 0x11, 0xBE, 0x03, 0x07, 0xF9, 0x0E, 0x05, 0x7F, 0x01, 0x81, 0x18, 0x0C, 0x05,
0xC9, 0x21, 0x37, 0x40, 0x01, 0x14, 0x02, 0x3D, 0x22, 0x40, 0x10, 0x82, 0x0E, 0x33, 0x2D, 0x05,
0x6C, 0x07, 0xAE, 0x3B, 0x06, 0x06, 0xB0, 0x26, 0x06, 0x2E, 0x31, 0x00, 0x06, 0x19, 0x2D, 0x06,
0x14, 0x2D, 0x3B, 0x06, 0x19, 0x5F, 0x2D, 0x06, 0x26, 0x15, 0x06, 0x0F, 0x2A, 0x2D, 0x06, 0x06,
0x26, 0x33, 0x15, 0x06, 0x2A, 0x31, 0xB1, 0x0D, 0x17, 0x1F, 0x06, 0x0D, 0x1F, 0x2D, 0x0F, 0x08,
0x0A, 0x08, 0x04, 0x47, 0x06, 0x08, 0xF0, 0x09, 0x22, 0x40, 0x01, 0x0D, 0xBD, 0x03, 0x05, 0x00,
0x2D, 0x05, 0xFC, 0x04, 0x13, 0xEA, 0x1D, 0x80, 0x0B, 0x06, 0xBF, 0x1D, 0x04, 0x0E, 0x01, 0x08,
0x42, 0x01, 0x82, 0x20, 0x03, 0x3A, 0x12, 0x71, 0x0C, 0x0C, 0x40, 0x01, 0x08, 0xBB, 0x08, 0x04,
0xFE, 0x04, 0x04, 0x35, 0x0F, 0x2B, 0x95, 0x40, 0x05, 0x38, 0x01, 0x0A, 0x40, 0x01, 0x30, 0x81,
0x0C, 0x04, 0x44, 0x01, 0xB1, 0x26, 0x26, 0x06, 0x00, 0x06, 0x26, 0x31, 0x0F, 0x06, 0x06, 0x17,
0x2D, 0x00, 0x31, 0x26, 0x06, 0x06, 0x0E, 0x26, 0x06, 0x06, 0x15, 0x31, 0x26, 0x15, 0x26, 0x2A,
0x06, 0x0F, 0x26, 0x2D, 0x26, 0x2E, 0x0F, 0x08, 0x06, 0x17, 0x2E, 0x14, 0x06, 0x19, 0x26, 0x19,
0x06, 0x19, 0x31, 0x2E, 0x2E, 0x31, 0x19, 0x07, 0xC5, 0x5E, 0x19, 0x93, 0x53, 0x10, 0x40, 0x01,
0x09, 0x39, 0x10, 0x14, 0xBD, 0x03, 0x11, 0x27, 0x29, 0x80, 0x0C, 0x05, 0x4D, 0x02, 0x05, 0x13,
0x01, 0x09, 0x58, 0x10, 0x1B, 0xBB, 0x08, 0x06, 0x7A, 0x0C, 0x04, 0x03, 0x09, 0x80, 0x18, 0x04,
0x78, 0x20, 0x29, 0x40, 0x01, 0x06, 0x3F, 0x06, 0x0A, 0x85, 0x02, 0x38, 0x40, 0x01, 0x04, 0xB1,
0x29, 0x04, 0xA5, 0x0A, 0x05, 0xCC, 0x12, 0x09, 0x90, 0x04, 0x04, 0xAD, 0x5B, 0x81, 0x0D, 0x06,
0x04, 0xE3, 0x00, 0x05, 0xBA, 0x26, 0x04, 0xF7, 0x22, 0x81, 0x0F, 0x08, 0x04, 0x5C, 0x52, 0x8B,
0x06, 0x06, 0x0F, 0x08, 0x0A, 0x0D, 0x07, 0x0D, 0x08, 0x08, 0x0D, 0x08, 0x04, 0x83, 0x02, 0x26,
0x40, 0x01, 0x0C, 0x37, 0x0B, 0x0F, 0x3B, 0x06, 0x09, 0x65, 0x16, 0x09, 0x6D, 0x11, 0x80, 0x0C,
0x06, 0x44, 0x1B, 0x04, 0x06, 0x00, 0x80, 0x18, 0x05, 0x84, 0x02, 0x06, 0x79, 0x24, 0x15, 0xBB,
0x08, 0x08, 0xB3, 0x1C, 0x04, 0x40, 0x01, 0x05, 0xBA, 0x02, 0x04, 0x2B, 0x3D, 0x2D, 0x40, 0x01,
0x10, 0x80, 0x02, 0x05, 0xAF, 0x3E, 0x2C, 0x40, 0x01, 0x08, 0xC0, 0x17, 0x09, 0x4C, 0x1A, 0x09,
0x43, 0x01, 0x80, 0x08, 0x08, 0x4B, 0x01, 0x88, 0x08, 0x06, 0x08, 0x0F, 0x07, 0x08, 0x0A, 0x0D,
0x08, 0x04, 0x63, 0x10, 0x80, 0x0A, 0x04, 0xF3, 0x0A, 0x04, 0x40, 0x01, 0x05, 0x0B, 0x0A, 0x81,
0x08, 0x0F, 0x1E, 0x40, 0x01, 0x81, 0x44, 0x44, 0x0A, 0xFD, 0x04, 0x13, 0xFC, 0x04, 0x14, 0xE2,
0x36, 0x05, 0x92, 0x03, 0x07, 0x40, 0x01, 0x80, 0x0C, 0x06, 0xD9, 0x0D, 0x06, 0xF4, 0x21, 0x1E,
0x7A, 0x0C, 0x05, 0x3A, 0x05, 0x2A, 0x40, 0x01, 0x0E, 0x02, 0x05, 0x13, 0xFE, 0x04, 0x28, 0x83,
0x0C, 0x82, 0x15, 0x0F, 0x26, 0x05, 0x3B, 0x01, 0x80, 0x0A, 0x04, 0xC5, 0x01, 0x05, 0x6A, 0x02,
0x05, 0x01, 0x07, 0x89, 0x06, 0x0F, 0x07, 0x0F, 0x0D, 0x8F, 0x06, 0x0F, 0x0D, 0x0D, 0x04, 0x3F,
0x01, 0x81, 0x06, 0x26, 0x06, 0x4B, 0x10, 0x99, 0x17, 0x15, 0x0F, 0x2C, 0x08, 0x0F, 0x26, 0x2E,
0x0D, 0x0D, 0x08, 0x26, 0x19, 0x19, 0x19, 0x08, 0x08, 0x0D, 0x26, 0x08, 0x0E, 0x1F, 0x0F, 0x0E,
0x19, 0x08, 0x04, 0x4E, 0x06, 0x80, 0x0A, 0x06, 0x92, 0x02, 0x0D, 0x40, 0x01, 0x0D, 0x7A, 0x07,
0x10, 0xF7, 0x09, 0x13, 0xE4, 0x22, 0x0B, 0x8B, 0x21, 0x06, 0x89, 0x02, 0x07, 0x03, 0x2C, 0x06,
0x51, 0x32, 0x13, 0x7F, 0x02, 0x04, 0x3F, 0x01, 0x05, 0xC3, 0x0C, 0x06, 0x35, 0x2E, 0x2F, 0x3F,
0x01, 0x1A, 0x40, 0x01, 0x28, 0x43, 0x06, 0xCD, 0x1F, 0x06, 0x29, 0x06, 0x26, 0x1F, 0x14, 0x1F,
0x17, 0x18, 0x38, 0x19, 0x0F, 0x17, 0x19, 0x2B, 0x19, 0x90, 0x38, 0x0F, 0x2C, 0x58, 0x2C, 0x0F,
0x1A, 0x0F, 0x16, 0x1F, 0x15, 0x00, 0xB2, 0x58, 0x26, 0x08, 0x26, 0x58, 0x2C, 0x0A, 0x26, 0x0A,
0x06, 0x19, 0x17, 0xB3, 0x0E, 0x2E, 0x0E, 0x17, 0x06, 0x06, 0x19, 0x0E, 0x2E, 0x08, 0x0D, 0x08,
0x16, 0x0F, 0x0F, 0x08, 0x38, 0x38, 0x13, 0x2D, 0x0E, 0x19, 0x2A, 0x1F, 0x0A, 0x38, 0x19, 0x15,
0x2F, 0x17, 0x0E, 0x15, 0x19, 0x26, 0x12, 0xC0, 0x03, 0x0C, 0xBE, 0x03, 0x17, 0x3F, 0x01, 0x1A,
0x9B, 0x08, 0x04, 0x36, 0x01, 0x04, 0x42, 0x01, 0x04, 0xD0, 0x03, 0x17, 0x74, 0x1B, 0x06, 0x38,
0x10, 0x04, 0x79, 0x16, 0x04, 0xB4, 0x30, 0x31, 0x40, 0x01, 0x0A, 0x95, 0x4E, 0x05, 0x73, 0x56,
0x32, 0x40, 0x01, 0xCD, 0x2A, 0x12, 0x0F, 0x06, 0x2E, 0x0F, 0x26, 0x09, 0x00, 0x15, 0x0F, 0x07,
0x15, 0x26, 0x26, 0x2C, 0x2B, 0x16, 0x1F, 0x06, 0x2C, 0x15, 0x1F, 0x0F, 0x2F, 0x16, 0x0F, 0x06,
0x1F, 0x06, 0x3B, 0x06, 0x15, 0x06, 0x1F, 0x26, 0x26, 0x0A, 0x2E, 0x0A, 0x06, 0x0A, 0x19, 0x14,
0x06, 0x26, 0x06, 0x08, 0x2C, 0x0E, 0x58, 0x06, 0x2A, 0x0F, 0x08, 0x08, 0x2E, 0x0F, 0x06, 0x08,
0x26, 0x0D, 0x08, 0x2D, 0x0E, 0x19, 0x1F, 0x08, 0x08, 0x17, 0x26, 0x0E, 0x08, 0x15, 0x19, 0x19,
0x08, 0x2E, 0x13, 0x40, 0x01, 0x1D, 0x3F, 0x01, 0x04, 0x62, 0x35, 0x1A, 0xE4, 0x4D, 0x07, 0x34,
0x01, 0x80, 0x0C, 0x0A, 0x54, 0x20, 0x15, 0xF4, 0x18, 0x80, 0x0F, 0x06, 0x3D, 0x06, 0x83, 0x06,
0x06, 0x18, 0x00, 0x36, 0x3F, 0x01, 0x3B, 0x40, 0x01, 0xCE, 0x06, 0x1F, 0x07, 0x00, 0x81, 0x2A,
0x06, 0x15, 0x00, 0x0C, 0x58, 0x06, 0x00, 0x19, 0x06, 0x0A, 0x12, 0x38, 0x0F, 0x06, 0x1F, 0x0E,
0x06, 0x4B, 0x0F, 0x17, 0x19, 0x0E, 0x18, 0x2C, 0x06, 0x15, 0x08, 0x15, 0x0E, 0x1C, 0x08, 0x26,
0x08, 0x2E, 0x08, 0x0A, 0x06, 0x16, 0x26, 0x00, 0x26, 0x0F, 0x0F, 0x16, 0x08, 0x0F, 0x0F, 0x2E,
0x0F, 0x08, 0x08, 0x26, 0x14, 0x0F, 0x0D, 0x16, 0x0F, 0x0E, 0x31, 0x74, 0x19, 0x1F, 0x0E, 0x08,
0x17, 0x13, 0x14, 0x0F, 0x2C, 0x19, 0x21, 0x08, 0x2A, 0x0C, 0x40, 0x01, 0x05, 0x3B, 0x38, 0x19,
0x3F, 0x01, 0x09, 0x5A, 0x44, 0x3A, 0x03, 0x4E, 0x07, 0xF9, 0x0E, 0x04, 0xBE, 0x03, 0x07, 0x40,
0x01, 0x2B, 0x7F, 0x02, 0x0D, 0x2A, 0x00, 0x3B, 0x80, 0x02, 0x04, 0xAA, 0x21, 0x8D, 0x0F, 0x06,
0x06, 0x0E, 0x0C, 0x0B, 0x06, 0x09, 0x0A, 0x0F, 0x19, 0x06, 0x0F, 0x2B, 0x04, 0x0E, 0x00, 0x9A,
0x0F, 0x06, 0x06, 0x08, 0x0F, 0x14, 0x0B, 0x06, 0x06, 0x07, 0x0F, 0x0A, 0x0F, 0x0E, 0x06, 0x08,
0x0D, 0x07, 0x08, 0x0F, 0x0D, 0x0F, 0x0E, 0x08, 0x0F, 0x0E, 0x00, 0x04, 0x02, 0x14, 0x83, 0x0A,
0x0A, 0x08, 0x2B, 0x04, 0x78, 0x12, 0x90, 0x90, 0x06, 0x14, 0x07, 0x06, 0x0D, 0x0E, 0x07, 0x0F,
0x0F, 0x08, 0x0E, 0x0D, 0x06, 0x07, 0x08, 0x14, 0x0D, 0x40, 0x01, 0x0E, 0x77, 0x0C, 0x08, 0x3F,
0x01, 0x06, 0x3B, 0x06, 0x13, 0x5D, 0x2F, 0x32, 0x40, 0x01, 0x05, 0xE2, 0x03, 0x06, 0x40, 0x01,
0x05, 0xC3, 0x03, 0x28, 0xF5, 0x1D, 0x12, 0xF7, 0x3F, 0x36, 0xFE, 0x04, 0x10, 0xAD, 0x3A, 0x14,
0x34, 0x3D, 0x09, 0xF3, 0x40, 0x04, 0xCD, 0x12, 0x06, 0x6E, 0x3F, 0x04, 0x04, 0x00, 0x04, 0x48,
0x02, 0x0E, 0x85, 0x49, 0x14, 0x80, 0x07, 0x13, 0x3F, 0x01, 0x0D, 0xBD, 0x03, 0x40, 0x40, 0x40,
0x01, 0x81, 0x03, 0x0C, 0x05, 0x60, 0x06, 0x07, 0x3D, 0x06, 0x32, 0x3E, 0x06, 0x40, 0x42, 0x40,
0x01, 0x1F, 0x3F, 0x01, 0x0F, 0xB6, 0x3F, 0x0C, 0x3F, 0x01, 0x0F, 0xB6, 0x08, 0x11, 0x40, 0x01,
0x0A, 0xBE, 0x03, 0x08, 0x37, 0x0B, 0x0A, 0x75, 0x0C, 0x0A, 0x1D, 0x3E, 0x40, 0x40, 0x7F, 0x02,
0x80, 0x18, 0x07, 0x40, 0x01, 0x06, 0xED, 0x17, 0x35, 0x16, 0x4D, 0x1D, 0x40, 0x01, 0x1F, 0x4F,
0x01, 0x40, 0x5B, 0x40, 0x01, 0x0D, 0x83, 0x43, 0x09, 0x6E, 0x16, 0x0D, 0xB3, 0x0D, 0x3E, 0x40,
0x01, 0x05, 0xAB, 0x0C, 0x0A, 0x7F, 0x02, 0x80, 0x18, 0x35, 0x40, 0x01, 0x06, 0xC0, 0x39, 0x05,
0x3B, 0x4B, 0x34, 0x81, 0x02, 0x2E, 0x3F, 0x01, 0x09, 0x40, 0x01, 0x1D, 0x93, 0x62, 0x09, 0x40,
0x01, 0x13, 0x7E, 0x02, 0x0E, 0x7A, 0x07, 0x40, 0x41, 0x3F, 0x01, 0x08, 0x80, 0x02, 0x06, 0xBF,
0x03, 0x33, 0x7D, 0x07, 0x12, 0x40, 0x01, 0x12, 0x3D, 0x50, 0x40, 0x78, 0x40, 0x01, 0x0A, 0xFD,
0x04, 0x08, 0xF4, 0x0E, 0x09, 0x7A, 0x07, 0x04, 0x18, 0x03, 0x40, 0x42, 0x3F, 0x01, 0x04, 0x6B,
0x2A, 0x05, 0x41, 0x01, 0x36, 0xBF, 0x03, 0x08, 0x40, 0x2D, 0x40, 0x94, 0x40, 0x01, 0x07, 0x7B,
0x43, 0x07, 0x3F, 0x01, 0x0E, 0xF4, 0x0E, 0x40, 0x46, 0xBD, 0x03, 0x85, 0x03, 0x0C, 0x18, 0x29,
0x0F, 0x0F, 0x04, 0x17, 0x0A, 0x05, 0x42, 0x01, 0x05, 0x7B, 0x1B, 0x36, 0x17, 0x52, 0x0D, 0xC1,
0x55, 0x08, 0x45, 0x01, 0x2E, 0x00, 0x28, 0x40, 0x54, 0x40, 0x01, 0x80, 0x17, 0x0A, 0x40, 0x01,
0x15, 0xF4, 0x0E, 0x40, 0x41, 0x40, 0x01, 0x04, 0xFC, 0x04, 0x06, 0x5A, 0x10, 0x05, 0x43, 0x0B,
0x36, 0x7B, 0x0C, 0x16, 0x40, 0x01, 0x30, 0x40, 0x29, 0x40, 0x52, 0xC0, 0x03, 0x80, 0x17, 0x0B,
0x3F, 0x01, 0x80, 0x1E, 0x40, 0x54, 0x3F, 0x01, 0x06, 0x40, 0x01, 0x81, 0x0F, 0x0F, 0x04, 0x1F,
0x14, 0x06, 0xF2, 0x36, 0x37, 0x7C, 0x0C, 0x14, 0xD5, 0x55, 0x06, 0x43, 0x29, 0x40, 0x45, 0x7C,
0x07, 0x15, 0x40, 0x01, 0x1D, 0x41, 0x01, 0x11, 0x40, 0x01, 0x11, 0x6F, 0x16, 0x40, 0x44, 0x3F,
0x01, 0x04, 0x2D, 0x28, 0x06, 0x75, 0x1F, 0x81, 0x03, 0x24, 0x05, 0xC0, 0x3A, 0x40, 0x43, 0x3F,
0x01, 0x0C, 0x83, 0x07, 0x26, 0x40, 0x01, 0x25, 0x45, 0x01, 0x34, 0x40, 0x01, 0x07, 0xBF, 0x03,
0x0C, 0x7D, 0x07, 0x0C, 0x40, 0x01, 0x40, 0x43, 0x3F, 0x01, 0x06, 0x3C, 0x0B, 0x06, 0x25, 0x19,
0x04, 0x6C, 0x1F, 0x3A, 0x3D, 0x01, 0x0B, 0x47, 0x3C, 0x0A, 0xBD, 0x2B, 0x40, 0x7F, 0x40, 0x01,
0x07, 0x80, 0x02, 0x08, 0xA6, 0x26, 0x0D, 0x32, 0x15, 0x40, 0x42, 0xBB, 0x08, 0x08, 0x81, 0x07,
0x81, 0x0F, 0x14, 0x05, 0x41, 0x01, 0x80, 0x29, 0x04, 0xF9, 0x26, 0x30, 0x8B, 0x59, 0x0C, 0x02,
0x3B, 0x08, 0x86, 0x38, 0x0F, 0x3D, 0x06, 0x1E, 0x0A, 0x05, 0x3A, 0xC0, 0x03, 0x19, 0x7B, 0x16,
0x14, 0xC0, 0x03, 0x05, 0x27, 0x29, 0x0D, 0xEF, 0x18, 0x40, 0x46, 0xBF, 0x03, 0x05, 0x00, 0x0A,
0x08, 0x25, 0x19, 0x06, 0x33, 0x23, 0x40, 0x46, 0x40, 0x01, 0x0A, 0x33, 0x01, 0x40, 0x83, 0x40,
0x01, 0x04, 0xF4, 0x45, 0x09, 0xA6, 0x26, 0x08, 0xAC, 0x1C, 0x40, 0x48, 0x40, 0x01, 0x04, 0x43,
0x01, 0x07, 0x42, 0x01, 0x05, 0x2B, 0x1E, 0x0E, 0x23, 0x61, 0x40, 0x44, 0x40, 0x01, 0x40, 0x56,
0x40, 0x06, 0x25, 0x40, 0x01, 0x08, 0xB2, 0x1C, 0x04, 0xB4, 0x35, 0x04, 0x41, 0x01, 0x0A, 0x28,
0x24, 0x05, 0xAC, 0x09, 0x40, 0x47, 0x81, 0x02, 0x0A, 0x83, 0x02, 0x08, 0x6D, 0x1F, 0x38, 0x3C,
0x06, 0x06, 0xCA, 0x08, 0x13, 0x89, 0x16, 0x18, 0x46, 0x01, 0x30, 0x40, 0x01, 0x0A, 0x7D, 0x11,
0x1E, 0x01, 0x05, 0x0C, 0x40, 0x06, 0x06, 0xC1, 0x03, 0x06, 0x41, 0x01, 0x05, 0xE8, 0x27, 0x08,
0x21, 0x2C, 0x80, 0x0B, 0x08, 0x1D, 0x15, 0x40, 0x41, 0x02, 0x0F, 0x04, 0x06, 0x05, 0x08, 0x00,
0x2C, 0x80, 0x24, 0x30, 0xC6, 0x03, 0x40, 0x9A, 0x40, 0x01, 0x0D, 0x02, 0x05, 0x06, 0x6F, 0x43,
0x0C, 0xE8, 0x3B, 0x05, 0x63, 0x1B, 0x40, 0x45, 0x41, 0x01, 0x80, 0x18, 0x04, 0x89, 0x07, 0x09,
0x83, 0x2E, 0x83, 0x24, 0x1B, 0x1B, 0x64, 0x39, 0x40, 0x0B, 0x07, 0xBC, 0x2A, 0x0B, 0x02, 0x0A,
0x1E, 0x00, 0x05, 0x26, 0x7E, 0x07, 0x08, 0x42, 0x01, 0x29, 0x40, 0x01, 0x80, 0x13, 0x0D, 0x40,
0x01, 0x06, 0x41, 0x01, 0x06, 0x42, 0x01, 0x0D, 0xA9, 0x3F, 0x17, 0x95, 0x17, 0x32, 0x41, 0x01,
0x09, 0xEA, 0x1C, 0x83, 0x14, 0x14, 0x20, 0x20, 0x04, 0x07, 0x05, 0x40, 0x44, 0x40, 0x01, 0x0A,
0x80, 0x3C, 0x40, 0x40, 0x40, 0x01, 0x11, 0xBD, 0x08, 0x26, 0x40, 0x01, 0x0A, 0x41, 0x01, 0x0C,
0x42, 0x01, 0x08, 0x6C, 0x2A, 0x40, 0x4B, 0x82, 0x02, 0x80, 0x18, 0x06, 0x83, 0x02, 0x09, 0x84,
0x02, 0x2D, 0x08, 0x05, 0x1A, 0x80, 0x02, 0x09, 0x42, 0x01, 0x40, 0x71, 0x40, 0x01, 0x09, 0x00,
0x19, 0x09, 0x41, 0x01, 0x80, 0x12, 0x04, 0x6D, 0x34, 0x05, 0x42, 0x01, 0x81, 0x2B, 0x2B, 0x0C,
0x42, 0x01, 0x04, 0x43, 0x01, 0x40, 0x40, 0x45, 0x01, 0x05, 0x82, 0x02, 0x04, 0x40, 0x1F, 0x05,
0x42, 0x01, 0x81, 0x29, 0x4B, 0x06, 0xC6, 0x03, 0x38, 0x40, 0x01, 0x04, 0x87, 0x07, 0x05, 0xCF,
0x1F, 0x22, 0x02, 0x0F, 0x3A, 0x3E, 0x0B, 0x05, 0x40, 0x01, 0x19, 0x43, 0x01, 0x09, 0x00, 0x14,
0x04, 0x41, 0x01, 0x09, 0x43, 0x01, 0x05, 0x41, 0x01, 0x04, 0x43, 0x01, 0x80, 0x2B, 0x09, 0xD9,
0x49, 0x07, 0xC5, 0x03, 0x40, 0x41, 0x43, 0x01, 0x06, 0xFA, 0x2C, 0x82, 0x18, 0x06, 0x18, 0x06,
0x84, 0x02, 0x81, 0x29, 0x20, 0x08, 0xCD, 0x08, 0x35, 0x40, 0x01, 0x09, 0x0F, 0x45, 0x40, 0x81,
0x40, 0x01, 0x08, 0x43, 0x01, 0x06, 0x41, 0x01, 0x80, 0x38, 0x06, 0x41, 0x01, 0x05, 0x85, 0x02,
0x08, 0x42, 0x01, 0x05, 0xF8, 0x1E, 0x40, 0x43, 0x41, 0x01, 0x04, 0x7E, 0x1B, 0x05, 0x04, 0x14,
0x05, 0x42, 0x01, 0x04, 0x34, 0x4A, 0x22, 0x8B, 0x07, 0x10, 0x90, 0x38, 0x0C, 0xC4, 0x03, 0x24,
0x7F, 0x02, 0x3E, 0x40, 0x01, 0x1B, 0x04, 0x0A, 0x0F, 0x80, 0x02, 0x0B, 0x84, 0x02, 0x82, 0x1F,
0x1F, 0x1F, 0x07, 0x44, 0x01, 0x05, 0x74, 0x34, 0x0D, 0x0A, 0x05, 0x40, 0x41, 0xC6, 0x03, 0x05,
0xC3, 0x1C, 0x04, 0x95, 0x11, 0x84, 0x14, 0x4B, 0x4B, 0x0F, 0x14, 0x06, 0x42, 0x01, 0x21, 0x83,
0x02, 0x12, 0x13, 0x22, 0x05, 0xDC, 0x0B, 0x07, 0x85, 0x2A, 0x20, 0x44, 0x01, 0x32, 0xBE, 0x08,
0x07, 0x07, 0x00, 0x1E, 0xC0, 0x12, 0x81, 0x13, 0x13, 0x04, 0x42, 0x06, 0x04, 0xFA, 0x22, 0x0B,
0x44, 0x01, 0x05, 0x83, 0x02, 0x80, 0x38, 0x0E, 0x42, 0x01, 0x10, 0x0A, 0x05, 0x3F, 0x85, 0x02,
0x07, 0x87, 0x20, 0x04, 0x84, 0x02, 0x85, 0x0F, 0x14, 0x73, 0x20, 0x20, 0x76, 0x22, 0x42, 0x01,
0x1F, 0x40, 0x01, 0x40, 0x44, 0xC2, 0x12, 0x35, 0x40, 0x01, 0x80, 0x13, 0x06, 0x44, 0x01, 0x0D,
0x85, 0x02, 0x05, 0x45, 0x01, 0x81, 0x1F, 0x1F, 0x09, 0x43, 0x01, 0x0B, 0x84, 0x02, 0x04, 0x44,
0x01, 0x40, 0x42, 0x09, 0x05, 0x07, 0x42, 0x01, 0x04, 0x10, 0x23, 0x04, 0x29, 0x45, 0x83, 0x29,
0x20, 0x20, 0x57, 0x1D, 0x42, 0x01, 0x10, 0x16, 0x36, 0x0E, 0x40, 0x01, 0x24, 0x0A, 0x2D, 0x3B,
0x3E, 0x0B, 0x1A, 0x02, 0x05, 0x08, 0x40, 0x01, 0x07, 0x41, 0x01, 0x0F, 0x43, 0x01, 0x81, 0x17,
0x12, 0x04, 0x85, 0x02, 0x0C, 0x43, 0x01, 0x0F, 0xC8, 0x03, 0x3B, 0x44, 0x01, 0x83, 0x0C, 0x0C,
0x18, 0x7C, 0x06, 0xCD, 0x02, 0x07, 0x42, 0x54, 0x1E, 0xC6, 0x03, 0x39, 0x40, 0x01, 0x09, 0x9E,
0x50, 0x3E, 0x40, 0x01, 0x1F, 0x80, 0x02, 0x06, 0x06, 0x00, 0x80, 0x1A, 0x10, 0x40, 0x01, 0x82,
0x17, 0x17, 0x2F, 0x0C, 0x85, 0x02, 0x0D, 0x0A, 0x05, 0x40, 0x42, 0x8F, 0x07, 0x83, 0x0B, 0x18,
0x18, 0x0C, 0x05, 0x06, 0x2C, 0x05, 0xC5, 0x56, 0x1E, 0x42, 0x01, 0x15, 0x40, 0x01, 0x09, 0x06,
0x0A, 0x05, 0xC9, 0x08, 0x1E, 0x40, 0x01, 0x3C, 0xBE, 0x0D, 0x1E, 0x40, 0x01, 0x85, 0x1A, 0x1A,
0x1A, 0x1A, 0x1A, 0x1A, 0x0A, 0x46, 0x01, 0x84, 0x15, 0x15, 0x15, 0x15, 0x15, 0x0C, 0x85, 0x02,
0x0B, 0x43, 0x01, 0x05, 0x80, 0x39, 0x0F, 0xD2, 0x08, 0x3D, 0x54, 0x10, 0x04, 0x81, 0x02, 0x83,
0x18, 0x18, 0x18, 0x29, 0x09, 0x41, 0x01, 0x0D, 0x94, 0x0C, 0x0B, 0xF0, 0x6E, 0x24, 0x40, 0x01,
0x16, 0x8A, 0x07, 0x28, 0xFA, 0x0E, 0x07, 0xC6, 0x35, 0x10, 0xBD, 0x08, 0x1E, 0x80, 0x11, 0x09,
0x40, 0x01, 0x07, 0x44, 0x01, 0x82, 0x1A, 0x1A, 0x1A, 0x05, 0x40, 0x01, 0x0D, 0x45, 0x01, 0x06,
0x85, 0x02, 0x07, 0x43, 0x01, 0x08, 0xC8, 0x3F, 0x07, 0xC9, 0x27, 0x40, 0x40, 0x0A, 0x05, 0x06,
0xC0, 0x2A, 0x85, 0x0C, 0x06, 0x0F, 0x29, 0x29, 0x73, 0x06, 0x09, 0x58, 0x15, 0xD6, 0x0D, 0x19,
0x40, 0x01, 0x22, 0x07, 0x19, 0x27, 0xBC, 0x08, 0x08, 0x06, 0x37, 0x2E, 0x40, 0x01, 0x09, 0x36,
0x01, 0x04, 0x40, 0x01, 0x82, 0x15, 0x15, 0x15, 0x0D, 0x40, 0x01, 0x11, 0x42, 0x01, 0x06, 0x43,
0x01, 0x09, 0x68, 0x51, 0x0B, 0xC8, 0x03, 0x3F, 0xD9, 0x12, 0x05, 0x8A, 0x02, 0x04, 0x46, 0x06,
0x18, 0x42, 0x01, 0x40, 0x79, 0x40, 0x01, 0x1F, 0xC0, 0x17, 0x05, 0x40, 0x01, 0x08, 0xC0, 0x03,
0x82, 0x15, 0x15, 0x15, 0x0E, 0xC6, 0x03, 0x0C, 0x45, 0x01, 0x80, 0x2F, 0x05, 0x4C, 0x06, 0x12,
0xC8, 0x03, 0x40, 0x44, 0x58, 0x0B, 0x07, 0x43, 0x01, 0x07, 0xC5, 0x03, 0x04, 0xD5, 0x0D, 0x80,
0x24, 0x08, 0x08, 0x05, 0x0C, 0x2C, 0x19, 0x15, 0x40, 0x0B, 0x0E, 0x40, 0x01, 0x13, 0x90, 0x43,
0x29, 0xBC, 0x12, 0x12, 0x00, 0x05, 0x0E, 0xED, 0x22, 0x1D, 0x80, 0x02, 0x0D, 0x49, 0x06, 0x10,
0x43, 0x01, 0x07, 0x42, 0x01, 0x0C, 0x4D, 0x06, 0x07, 0x8A, 0x3E, 0x07, 0x43, 0x01, 0x40, 0x40,
0xC8, 0x03, 0x06, 0x82, 0x02, 0x82, 0x0C, 0x0C, 0x0C, 0x08, 0x42, 0x01, 0x04, 0xCE, 0x08, 0x10,
0x4B, 0x06, 0x13, 0x3F, 0x01, 0x0C, 0x83, 0x07, 0x40, 0x7B, 0x40, 0x01, 0x80, 0x13, 0x06, 0x06,
0x00, 0x09, 0x47, 0x01, 0x04, 0xC6, 0x03, 0x04, 0x06, 0x00, 0x12, 0xCA, 0x03, 0x0D, 0x90, 0x07,
0x0A, 0x42, 0x01, 0x40, 0x43, 0x0A, 0x05, 0x06, 0xE3, 0x17, 0x81, 0x0C, 0x20, 0x08, 0x4A, 0x06,
0x04, 0x4B, 0x06, 0x09, 0xF4, 0x73, 0x08, 0x16, 0x40, 0x11, 0xC5, 0x03, 0x0E, 0x0E, 0x2D, 0x17,
0x84, 0x11, 0x31, 0x41, 0x01, 0x0F, 0xFF, 0x0E, 0x28, 0x40, 0x01, 0x0F, 0x80, 0x02, 0x07, 0x13,
0x05, 0x10, 0x43, 0x01, 0x11, 0xC8, 0x03, 0x08, 0x43, 0x01, 0x3F, 0x0B, 0x05, 0x09, 0xCC, 0x2F,
0x0A, 0xC6, 0x03, 0x10, 0x83, 0x02, 0x37, 0x40, 0x01, 0x2A, 0x42, 0x01, 0x40, 0x47, 0x40, 0x01,
0x82, 0x2C, 0x2C, 0x2C, 0x07, 0x54, 0x06, 0x0C, 0x40, 0x01, 0x0A, 0xC8, 0x03, 0x0B, 0x43, 0x01,
0x0E, 0xD2, 0x08, 0x3F, 0x86, 0x02, 0x07, 0x43, 0x01, 0x09, 0xC6, 0x03, 0x05, 0xCF, 0x08, 0x08,
0x09, 0x05, 0x15, 0x13, 0x4A, 0x07, 0xC5, 0x1C, 0x40, 0x4F, 0x40, 0x01, 0x2A, 0x40, 0x06, 0x09,
0x6B, 0x02, 0x08, 0x09, 0x00, 0x80, 0x13, 0x04, 0x50, 0x06, 0x0A, 0x80, 0x02, 0x0D, 0x49, 0x06,
0x10, 0xC7, 0x03, 0x11, 0xDD, 0x0D, 0x06, 0x1D, 0x33, 0x3A, 0x43, 0x01, 0x08, 0x8C, 0x07, 0x81,
0x06, 0x06, 0x07, 0x43, 0x01, 0x80, 0x0C, 0x06, 0x85, 0x02, 0x0C, 0x86, 0x02, 0x12, 0x03, 0x05,
0x11, 0x85, 0x02, 0x32, 0xBB, 0x2B, 0x0E, 0x40, 0x01, 0x2B, 0x80, 0x07, 0x09, 0x2A, 0x01, 0x13,
0x40, 0x01, 0x07, 0x59, 0x01, 0x0E, 0x41, 0x01, 0x15, 0x43, 0x01, 0x0C, 0xA4, 0x11, 0x04, 0x4D,
0x06, 0x3A, 0xC8, 0x03, 0x08, 0xCC, 0x08, 0x82, 0x18, 0x0C, 0x20, 0x09, 0xCE, 0x08, 0x04, 0x85,
0x02, 0x18, 0xC0, 0x03, 0x08, 0xC2, 0x12, 0x40, 0x9A, 0x40, 0x01, 0x04, 0x0D, 0x00, 0x16, 0x43,
0x01, 0x81, 0x2F, 0x3B, 0x10, 0xDD, 0x0D, 0x0F, 0xC8, 0x03, 0x39, 0x95, 0x0C, 0x06, 0xE1, 0x12,
0x06, 0x4A, 0x06, 0x04, 0x11, 0x00, 0x81, 0x24, 0x1B, 0x05, 0xD9, 0x39, 0x15, 0x80, 0x02, 0x40,
0x81, 0x40, 0x01, 0x11, 0xBD, 0x08, 0x09, 0xD3, 0x08, 0x85, 0x2C, 0x13, 0x1A, 0x16, 0x16, 0x16,
0x14, 0x09, 0x05, 0x09, 0x43, 0x01, 0x11, 0x9A, 0x0C, 0x0A, 0x85, 0x02, 0x37, 0xC7, 0x03, 0x09,
0x82, 0x02, 0x04, 0x84, 0x02, 0x04, 0x40, 0x01, 0x04, 0x42, 0x01, 0x81, 0x60, 0x24, 0x0B, 0xE7,
0x17, 0x1B, 0x44, 0x0B, 0x40, 0x48, 0x40, 0x06, 0x0C, 0x43, 0x01, 0x36, 0x40, 0x01, 0x89, 0x2C,
0x2C, 0x2C, 0x1A, 0x2C, 0x13, 0x2C, 0x2A, 0x16, 0x16, 0x04, 0x0A, 0x00, 0x86, 0x1A, 0x1A, 0x2A,
0x2A, 0x2A, 0x2A, 0x2A, 0x1A, 0x85, 0x02, 0x06, 0x43, 0x01, 0x0F, 0xD2, 0x08, 0x36, 0x43, 0x01,
0x09, 0x90, 0x0C, 0x04, 0x84, 0x02, 0x06, 0x80, 0x02, 0x83, 0x0C, 0x0C, 0x0C, 0x57, 0x0A, 0xC6,
0x03, 0x11, 0x44, 0x01, 0x40, 0x7E, 0x40, 0x01, 0x0D, 0x3B, 0x01, 0x05, 0xBD, 0x03, 0x04, 0x40,
0x01, 0x05, 0x79, 0x02, 0x85, 0x2C, 0x2C, 0x16, 0x16, 0x16, 0x16, 0x04, 0x04, 0x00, 0x04, 0x04,
0x00, 0x11, 0x42, 0x01, 0x07, 0x43, 0x01, 0x0C, 0x42, 0x01, 0x06, 0x6C, 0x15, 0x09, 0xD2, 0x08,
0x08, 0xA4, 0x11, 0x2D, 0x45, 0x01, 0x08, 0x40, 0x01, 0x05, 0xCC, 0x34, 0x80, 0x18, 0x04, 0x8E,
0x07, 0x05, 0x84, 0x02, 0x05, 0x09, 0x05, 0x09, 0xC6, 0x03, 0x12, 0x4C, 0x15, 0x0C, 0x46, 0x0B,
0x3C, 0x45, 0x1F, 0x05, 0x3F, 0x01, 0x26, 0x7F, 0x25, 0x2E, 0x40, 0x01, 0x07, 0x44, 0x01, 0x20,
0xC8, 0x03, 0x0B, 0x14, 0x0A, 0x36, 0xDC, 0x0D, 0x08, 0x81, 0x02, 0x05, 0x44, 0x01, 0x05, 0x45,
0x01, 0x07, 0x12, 0x00, 0x81, 0x76, 0x03, 0x0B, 0x54, 0x0B, 0x40, 0x59, 0xC4, 0x03, 0x04, 0x41,
0x01, 0x80, 0x0D, 0x28, 0x80, 0x2A, 0x0F, 0xBD, 0x03, 0x21, 0x40, 0x01, 0x04, 0x04, 0x00, 0x1C,
0x90, 0x07, 0x16, 0x33, 0x19, 0x05, 0xCB, 0x03, 0x29, 0x49, 0x23, 0x09, 0x52, 0x10, 0x06, 0x86,
0x02, 0x09, 0x3F, 0x01, 0x08, 0x84, 0x02, 0x16, 0x0A, 0x05, 0x21, 0x84, 0x0C, 0x2C, 0xC5, 0x03,
0x29, 0x40, 0x01, 0x11, 0x71, 0x0C, 0x08, 0x3D, 0x06, 0x1B, 0x40, 0x01, 0x12, 0x86, 0x02, 0x06,
0x42, 0x01, 0x0D, 0xA4, 0x11, 0x0F, 0x85, 0x02, 0x06, 0x70, 0x4D, 0x28, 0xCC, 0x25, 0x0E, 0x34,
0x01, 0x07, 0x07, 0x00, 0x07, 0x0A, 0x05, 0x05, 0x42, 0x01, 0x1E, 0x84, 0x02, 0x25, 0xF4, 0x63,
0x1F, 0xC0, 0x03, 0x0E, 0xC0, 0x35, 0x40, 0x4F, 0x40, 0x01, 0x12, 0x85, 0x02, 0x12, 0x0B, 0x05,
0x0F, 0xA3, 0x11, 0x06, 0xB6, 0x3F, 0x27, 0x41, 0x01, 0x15, 0x40, 0x01, 0x09, 0x09, 0x00, 0x04,
0x8D, 0x07, 0x09, 0x85, 0x02, 0x17, 0xCC, 0x12, 0x35, 0x40, 0x01, 0x07, 0xD9, 0x73, 0x10, 0x40,
0x01, 0x1B, 0x41, 0x01, 0x1A, 0x40, 0x01, 0x06, 0x43, 0x01, 0x14, 0x7C, 0x02, 0x09, 0x09, 0x00,
0x1B, 0x15, 0x0A, 0x11, 0x76, 0x1A, 0x08, 0x37, 0x1F, 0x0A, 0xF0, 0x5E, 0x2C, 0x41, 0x01, 0x0F,
0x12, 0x00, 0x81, 0x60, 0x24, 0x05, 0x4B, 0x06, 0x06, 0x85, 0x02, 0x15, 0x41, 0x01, 0x3C, 0x80,
0x02, 0x82, 0x06, 0x06, 0x06, 0x09, 0x7D, 0x1B, 0x05, 0x41, 0x15, 0x25, 0x40, 0x01, 0x83, 0x61,
0x61, 0x61, 0x61, 0x06, 0xFA, 0x04, 0x19, 0x3A, 0x01, 0x13, 0xC6, 0x03, 0x14, 0x4D, 0x06, 0x0C,
0x57, 0x0B, 0x07, 0xB1, 0x52, 0x0D, 0x33, 0x64, 0x24, 0x4E, 0x06, 0x12, 0x40, 0x01, 0x0F, 0x13,
0x00, 0x80, 0x57, 0x06, 0x09, 0x05, 0x05, 0x43, 0x01, 0x16, 0xD6, 0x30, 0x15, 0xC3, 0x44, 0x26,
0x3F, 0x01, 0x80, 0x0F, 0x04, 0xFC, 0x4A, 0x2F, 0x80, 0x02, 0x06, 0x7A, 0x02, 0x0A, 0x40, 0x01,
0x1B, 0xBB, 0x03, 0x0E, 0x45, 0x01, 0x1F, 0x4C, 0x06, 0x0F, 0x3E, 0x1E, 0x07, 0x9C, 0x0C, 0x2A,
0x40, 0x01, 0x19, 0x57, 0x01, 0x04, 0x85, 0x02, 0x0A, 0xA0, 0x11, 0x23, 0x42, 0x01, 0x2B, 0x80,
0x02, 0x33, 0x40, 0x01, 0x80, 0x15, 0x09, 0x77, 0x0C, 0x06, 0x40, 0x01, 0x81, 0x2A, 0x2A, 0x09,
0xA9, 0x03, 0x20, 0x43, 0x01, 0x0F, 0x9D, 0x0C, 0x0B, 0x6B, 0x15, 0x07, 0x56, 0x0B, 0x0A, 0x47,
0x23, 0x07, 0xBD, 0x44, 0x21, 0x83, 0x02, 0x14, 0x3D, 0x01, 0x0C, 0x26, 0x14, 0x06, 0xCF, 0x08,
0x06, 0x42, 0x01, 0x07, 0x84, 0x02, 0x11, 0x43, 0x01, 0x0C, 0x47, 0x15, 0x2A, 0x02, 0x14, 0x04,
0xA2, 0x00, 0x08, 0x9D, 0x18, 0x09, 0x47, 0x01, 0x25, 0x00, 0x05, 0x21, 0xFA, 0x04, 0x27, 0x40,
0x01, 0x14, 0xD1, 0x08, 0x04, 0x8A, 0x24, 0x0C, 0x33, 0x19, 0x20, 0x42, 0x01, 0x1D, 0xC4, 0x11,
0x0E, 0xCF, 0x08, 0x12, 0x85, 0x02, 0x08, 0x16, 0x28, 0x0F, 0x81, 0x02, 0x2B, 0x44, 0x01, 0x10,
0x40, 0x01, 0x19, 0x44, 0x01, 0x00, 0x00, 0x00, 0x00, 0x00, 0x00, 0x00, 0x00, 0x00, 0x00, 0x00,
0x00, 0x00, 0x00, 0x00, 0x00, 0x00, 0x00, 0x00, 0x00, 0x00, 0x00, 0x00, 0x00, 0x00, 0x00, 0x00,
0x00, 0x00, 0x00, 0x00, 0x00, 0x00, 0x00, 0x00, 0x00, 0x00, 0x00, 0x00, 0x00, 0x00, 0x00, 0x00,
0x00, 0x00, 0x00, 0x00, 0x00, 0x00, 0x00, 0x00, 0x00, 0x00, 0x00, 0x00, 0x00, 0x00, 0x00, 0x00,
0x00, 0x00, 0x00, 0x00, 0x00, 0x00, 0x00, 0x00, 0x00, 0x00, 0x00, 0x00, 0x00, 0x00, 0x00, 0x00,
0x00, 0x00, 0x00, 0x00, 0x00, 0x00, 0x00, 0x00, 0x00, 0x00, 0x00, 0x00, 0x00, 0x00, 0x00, 0x00,
0x00, 0x00, 0x00, 0x00, 0x00, 0x00, 0x00, 0x00, 0x00, 0x00, 0x00, 0x00, 0x00, 0x00, 0x00, 0x00,
0x00, 0x00, 0x00, 0x00, 0x00, 0x00, 0x00, 0x00, 0x00, 0x00, 0x00, 0x00, 0x00, 0x00, 0x00, 0x00,
0x00, 0x00, 0x00, 0x00, 0x00, 0x00, 0x00, 0x00, 0x00, 0x00, 0x00, 0x00, 0x00, 0x00, 0x00, 0x00,
0x00, 0x00, 0x00, 0x00, 0x00, 0x00, 0x00, 0x00, 0x00, 0x00, 0x00, 0x00, 0x00, 0x00, 0x00, 0x00,
0x00, 0x00, 0x00, 0x00, 0x00, 0x00, 0x00, 0x00, 0x00, 0x00, 0x00, 0x00, 0x00, 0x00, 0x00, 0x00,
0x00, 0x00, 0x00, 0x00, 0x00, 0x00, 0x00, 0x00, 0x00, 0x00, 0x00, 0x00, 0x00, 0x00, 0x00, 0x00,
0x00, 0x00, 0x00, 0x00, 0x00, 0x00, 0x00, 0x00, 0x00, 0x00, 0x00, 0x00, 0x00, 0x00, 0x00, 0x00,
0x00, 0x00, 0x00, 0x00, 0x00, 0x00, 0x00, 0x00, 0x00, 0x00, 0x00, 0x00, 0x00, 0x00, 0x00, 0x00,
0x00, 0x00, 0x00, 0x00, 0x00, 0x00, 0x00, 0x00, 0x00, 0x00, 0x00, 0x00, 0x00, 0x00, 0x00, 0x00,
0x00, 0x00, 0x00, 0x00, 0x00, 0x00, 0x00, 0x00, 0x00, 0x00, 0x00, 0x00, 0x00, 0x00, 0x00, 0x00,
0x00, 0x00, 0x00, 0x00, 0x00, 0x00, 0x00, 0x00, 0x00, 0x00, 0x00, 0x00, 0x00, 0x00, 0x00, 0x00,
0x00, 0x00, 0x00, 0x00, 0x00, 0x00, 0x00, 0x00, 0x00, 0x00, 0x00, 0x00, 0x00, 0x00, 0x00, 0x00,
0x00, 0x00, 0x00, 0x00, 0x00, 0x00, 0x00, 0x00, 0x00, 0x00, 0x00, 0x00, 0x00, 0x00, 0x00, 0x00,
0x00, 0x00, 0x00, 0x00, 0x00, 0x00, 0x00, 0x00, 0x00, 0x00, 0x00, 0x00, 0x00, 0x00, 0x00, 0x00,
0x00, 0x00, 0x00, 0x00, 0x00, 0x00, 0x00, 0x00, 0x00, 0x00, 0x00, 0x00, 0x00, 0x00, 0x00, 0x00,
0x00, 0x00, 0x00, 0x00, 0x00, 0x00, 0x00, 0x00, 0x00, 0x00, 0x00, 0x00, 0x00, 0x00, 0x00, 0x00,
0x00, 0x00, 0x00, 0x00, 0x00, 0x00, 0x00, 0x00, 0x00, 0x00, 0x00, 0x00, 0x00, 0x00, 0x00, 0x00,
0x00, 0x00, 0x00, 0x00, 0x00, 0x00, 0x00, 0x00, 0x00, 0x00, 0x00, 0x00, 0x00, 0x00, 0x00, 0x00,
0x00, 0x00, 0x00, 0x00, 0x00, 0x00, 0x00, 0x00, 0x00, 0x00, 0x00, 0x00, 0x00, 0x00, 0x00, 0x00,
0x00, 0x00, 0x00, 0x00, 0x00, 0x00, 0x00, 0x00, 0x00, 0x00, 0x00, 0x00, 0x00, 0x00, 0x00, 0x00,
0x00, 0x00, 0x00, 0x00, 0x00, 0x00, 0x00, 0x00, 0x00, 0x00, 0x00, 0x00, 0x00, 0x00, 0x00, 0x00,
0x00, 0x00, 0x00, 0x00, 0x00, 0x00, 0x00, 0x00, 0x00, 0x00, 0x00, 0x00, 0x00, 0x00, 0x00, 0x00,
0x00, 0x00, 0x00, 0x00, 0x00, 0x00, 0x00, 0x00, 0x00, 0x00, 0x00, 0x00, 0x00, 0x00, 0x00, 0x00,
0x00, 0x00, 0x00, 0x00, 0x00, 0x00, 0x00, 0x00, 0x00, 0x00, 0x00, 0x00, 0x00, 0x00, 0x00, 0x00,
0x00, 0x00, 0x00, 0x00, 0x00, 0x00, 0x00, 0x00, 0x00, 0x00, 0x00, 0x00, 0x00, 0x00, 0x00, 0x00,
0x00, 0x00, 0x00, 0x00, 0x00, 0x00, 0x00, 0x00, 0x00, 0x00, 0x00, 0x00, 0x00, 0x00, 0x00, 0x00,
0x00, 0x00, 0x00, 0x00, 0x00, 0x00, 0x00, 0x00, 0x00, 0x00, 0x00, 0x00, 0x00, 0x00, 0x00, 0x00,
0x00, 0x00, 0x00, 0x00, 0x00, 0x00, 0x00, 0x00, 0x00, 0x00, 0x00, 0x00, 0x00, 0x00, 0x00, 0x00,
0x00, 0x00, 0x00, 0x00, 0x00, 0x00, 0x00, 0x00, 0x00, 0x00, 0x00, 0x00, 0x00, 0x00, 0x00, 0x00,
0x00, 0x00, 0x00, 0x00, 0x00, 0x00, 0x00, 0x00, 0x00, 0x00, 0x00, 0x00, 0x00, 0x00, 0x00, 0x00,
0x00, 0x00, 0x00, 0x00, 0x00, 0x00, 0x00, 0x00, 0x00, 0x00, 0x00, 0x00, 0x00, 0x00, 0x00, 0x00,
0x00, 0x00, 0x00, 0x00, 0x00, 0x00, 0x00, 0x00, 0x00, 0x00, 0x00, 0x00, 0x00, 0x00, 0x00, 0x00,
0x00, 0x00, 0x00, 0x00, 0x00, 0x00, 0x00, 0x00, 0x00, 0x00, 0x00, 0x00, 0x00, 0x00, 0x00, 0x00,
0x00, 0x00, 0x00, 0x00, 0x00, 0x00, 0x00, 0x00, 0x00, 0x00, 0x00, 0x00, 0x00, 0x00, 0x00, 0x00,
0x00, 0x00, 0x00, 0x00, 0x00, 0x00, 0x00, 0x00, 0x00, 0x00, 0x00, 0x00, 0x00, 0x00, 0x00, 0x00,
0x00, 0x00, 0x00, 0x00, 0x00, 0x00, 0x00, 0x00, 0x00, 0x00, 0x00, 0x00, 0x00, 0x00, 0x00, 0x00,
0x00, 0x00, 0x00, 0x00, 0x00, 0x00, 0x00, 0x00, 0x00, 0x00, 0x00, 0x00, 0x00, 0x00, 0x00, 0x00,
0x00, 0x00, 0x00, 0x00, 0x00, 0x00, 0x00, 0x00, 0x00, 0x00, 0x00, 0x00, 0x00, 0x00, 0x00, 0x00,
0x00, 0x00, 0x00, 0x00, 0x00, 0x00, 0x00, 0x00, 0x00, 0x00, 0x00, 0x00, 0x00, 0x00, 0x00, 0x00,
0x00, 0x00, 0x00, 0x00, 0x00, 0x00, 0x00, 0x00, 0x00, 0x00, 0x00, 0x00, 0x00, 0x00, 0x00, 0x00,
0x00, 0x00, 0x00, 0x00, 0x00, 0x00, 0x00, 0x00, 0x00, 0x00, 0x00, 0x00, 0x00, 0x00, 0x00, 0x00,
0x00, 0x00, 0x00, 0x00, 0x00, 0x00, 0x00, 0x00, 0x00, 0x00, 0x00, 0x00, 0x00, 0x00, 0x00, 0x00,
0x00, 0x00, 0x00, 0x00, 0x00, 0x00, 0x00, 0x00, 0x00, 0x00, 0x00, 0x00, 0x00, 0x00, 0x00, 0x00,
0x00, 0x00, 0x00, 0x00, 0x00, 0x00, 0x00, 0x00, 0x00, 0x00, 0x00, 0x00, 0x00, 0x00, 0x00, 0x00,
0x00, 0x00, 0x00, 0x00, 0x00, 0x00, 0x00, 0x00, 0x00, 0x00, 0x00, 0x00, 0x00, 0x00, 0x00, 0x00,
0x00, 0x00, 0x00, 0x00, 0x00, 0x00, 0x00, 0x00, 0x00, 0x00, 0x00, 0x00, 0x00, 0x00, 0x00, 0x00,
0x00, 0x00, 0x00, 0x00, 0x00, 0x00, 0x00, 0x00, 0x00, 0x00, 0x00, 0x00, 0x00, 0x00, 0x00, 0x00,
0x00, 0x00, 0x00, 0x00, 0x00, 0x00, 0x00, 0x00, 0x00, 0x00, 0x00, 0x00, 0x00, 0x00, 0x00, 0x00,
0x00, 0x00, 0x00, 0x00, 0x00, 0x00, 0x00, 0x00, 0x00, 0x00, 0x00, 0x00, 0x00, 0x00, 0x00, 0x00,
0x00, 0x00, 0x00, 0x00, 0x00, 0x00, 0x00, 0x00, 0x00, 0x00, 0x00, 0x00, 0x00, 0x00, 0x00, 0x00,
0x00, 0x00, 0x00, 0x00, 0x00, 0x00, 0x00, 0x00, 0x00, 0x00, 0x00, 0x00, 0x00, 0x00, 0x00, 0x00,
0x00, 0x00, 0x00, 0x00, 0x00, 0x00, 0x00, 0x00, 0x00, 0x00, 0x00, 0x00, 0x00, 0x00, 0x00, 0x00,
0x00, 0x00, 0x00, 0x00, 0x00, 0x00, 0x00, 0x00, 0x00, 0x00, 0x00, 0x00, 0x00, 0x00, 0x00, 0x00,
0x00, 0x00, 0x00, 0x00, 0x00, 0x00, 0x00, 0x00, 0x00, 0x00, 0x00, 0x00, 0x00, 0x00, 0x00, 0x00,
0x00, 0x00, 0x00, 0x00, 0x00, 0x00, 0x00, 0x00, 0x00, 0x00, 0x00, 0x00, 0x00, 0x00, 0x00, 0x00,
0x00, 0x00, 0x00, 0x00, 0x00, 0x00, 0x00, 0x00, 0x00, 0x00, 0x00, 0x00, 0x00, 0x00, 0x00, 0x00,
0x00, 0x00, 0x00, 0x00, 0x00, 0x00, 0x00, 0x00, 0x00, 0x00, 0x00, 0x00, 0x00, 0x00, 0x00, 0x00,
0x00, 0x00, 0x00, 0x00, 0x00, 0x00, 0x00, 0x00, 0x00, 0x00, 0x00, 0x00, 0x00, 0x00, 0x00, 0x00,
0x00, 0x00, 0x00, 0x00, 0x00, 0x00, 0x00, 0x00, 0x00, 0x00, 0x00, 0x00, 0x00, 0x00, 0x00, 0x00,
0x00, 0x00, 0x00, 0x00, 0x00, 0x00, 0x00, 0x00, 0x00, 0x00, 0x00, 0x00, 0x00, 0x00, 0x00, 0x00,
0x00, 0x00, 0x00, 0x00, 0x00, 0x00, 0x00, 0x00, 0x00, 0x00, 0x00, 0x00, 0x00, 0x00, 0x00, 0x00,
0x00, 0x00, 0x00, 0x00, 0x00, 0x00, 0x00, 0x00, 0x00, 0x00, 0x00, 0x00, 0x00, 0x00, 0x00, 0x00,
0x00, 0x00, 0x00, 0x00, 0x00, 0x00, 0x00, 0x00, 0x00, 0x00, 0x00, 0x00, 0x00, 0x00, 0x00, 0x00,
0x00, 0x00, 0x00, 0x00, 0x00, 0x00, 0x00, 0x00, 0x00, 0x00, 0x00, 0x00, 0x00, 0x00, 0x00, 0x00,
0x00, 0x00, 0x00, 0x00, 0x00, 0x00, 0x00, 0x00, 0x00, 0x00, 0x00, 0x00, 0x00, 0x00, 0x00, 0x00,
0x00, 0x00, 0x00, 0x00, 0x00, 0x00, 0x00, 0x00, 0x00, 0x00, 0x00, 0x00, 0x00, 0x00, 0x00, 0x00,
0x00, 0x00, 0x00, 0x00, 0x00, 0x00, 0x00, 0x00, 0x00, 0x00, 0x00, 0x00, 0x00, 0x00, 0x00, 0x00,
0x00, 0x00, 0x00, 0x00, 0x00, 0x00, 0x00, 0x00, 0x00, 0x00, 0x00, 0x00, 0x00, 0x00, 0x00, 0x00,
0x00, 0x00, 0x00, 0x00, 0x00, 0x00, 0x00, 0x00, 0x00, 0x00, 0x00, 0x00, 0x00, 0x00, 0x00, 0x00,
0x00, 0x00, 0x00, 0x00, 0x00, 0x00, 0x00, 0x00, 0x00, 0x00, 0x00, 0x00, 0x00, 0x00, 0x00, 0x00,
0x00, 0x00, 0x00, 0x00, 0x00, 0x00, 0x00, 0x00, 0x00, 0x00, 0x00, 0x00, 0x00, 0x00, 0x00, 0x00,
0x00, 0x00, 0x00, 0x00, 0x00, 0x00, 0x00, 0x00, 0x00, 0x00, 0x00, 0x00, 0x00, 0x00, 0x00, 0x00,
0x00, 0x00, 0x00, 0x00, 0x00, 0x00, 0x00, 0x00, 0x00, 0x00, 0x00, 0x00, 0x00, 0x00, 0x00, 0x00,
0x00, 0x00, 0x00, 0x00, 0x00, 0x00, 0x00, 0x00, 0x00, 0x00, 0x00, 0x00, 0x00, 0x00, 0x00, 0x00,
0x00, 0x00, 0x00, 0x00, 0x00, 0x00, 0x00, 0x00, 0x00, 0x00, 0x00, 0x00, 0x00, 0x00, 0x00, 0x00,
0x00, 0x00, 0x00, 0x00, 0x00, 0x00, 0x00, 0x00, 0x00, 0x00, 0x00, 0x00, 0x00, 0x00, 0x00, 0x00,
0x00, 0x00, 0x00, 0x00, 0x00, 0x00, 0x00, 0x00, 0x00, 0x00, 0x00, 0x00, 0x00, 0x00, 0x00, 0x00,
0x00, 0x00, 0x00, 0x00, 0x00, 0x00, 0x00, 0x00, 0x00, 0x00, 0x00, 0x00, 0x00, 0x00, 0x00, 0x00,
0x00, 0x00, 0x00, 0x00, 0x00, 0x00, 0x00, 0x00, 0x00, 0x00, 0x00, 0x00, 0x00, 0x00, 0x00, 0x00,
0x00, 0x00, 0x00, 0x00, 0x00, 0x00, 0x00, 0x00, 0x00, 0x00, 0x00, 0x00, 0x00, 0x00, 0x00, 0x00,
0x00, 0x00, 0x00, 0x00, 0x00, 0x00, 0x00, 0x00, 0x00, 0x00, 0x00, 0x00, 0x00, 0x00, 0x00, 0x00,
0x00, 0x00, 0x00, 0x00, 0x00, 0x00, 0x00, 0x00, 0x00, 0x00, 0x00, 0x00, 0x00, 0x00, 0x00, 0x00,
0x00, 0x00, 0x00, 0x00, 0x00, 0x00, 0x00, 0x00, 0x00, 0x00, 0x00, 0x00, 0x00, 0x00, 0x00, 0x00,
0x00, 0x00, 0x00, 0x00, 0x00, 0x00, 0x00, 0x00, 0x00, 0x00, 0x00, 0x00, 0x00, 0x00, 0x00, 0x00,
0x00, 0x00, 0x00, 0x00, 0x00, 0x00, 0x00, 0x00, 0x00, 0x00, 0x00, 0x00, 0x00, 0x00, 0x00, 0x00,
0x00, 0x00, 0x00, 0x00, 0x00, 0x00, 0x00, 0x00, 0x00, 0x00, 0x00, 0x00, 0x00, 0x00, 0x00, 0x00,
0x00, 0x00, 0x00, 0x00, 0x00, 0x00, 0x00, 0x00, 0x00, 0x00, 0x00, 0x00, 0x00, 0x00, 0x00, 0x00,
0x00, 0x00, 0x00, 0x00, 0x00, 0x00, 0x00, 0x00, 0x00, 0x00, 0x00, 0x00, 0x00, 0x00, 0x00, 0x00,
0x00, 0x00, 0x00, 0x00, 0x00, 0x00, 0x00, 0x00, 0x00, 0x00, 0x00, 0x00, 0x00, 0x00, 0x00, 0x00,
0x00, 0x00, 0x00, 0x00, 0x00, 0x00, 0x00, 0x00, 0x00, 0x00, 0x00, 0x00, 0x00, 0x00, 0x00, 0x00,
0x00, 0x00, 0x00, 0x00, 0x00, 0x00, 0x00, 0x00, 0x00, 0x00, 0x00, 0x00, 0x00, 0x00, 0x00, 0x00,
0x00, 0x00, 0x00, 0x00, 0x00, 0x00, 0x00, 0x00, 0x00, 0x00, 0x00, 0x00, 0x00, 0x00, 0x00, 0x00,
0x00, 0x00, 0x00, 0x00, 0x00, 0x00, 0x00, 0x00, 0x00, 0x00, 0x00, 0x00, 0x00, 0x00, 0x00, 0x00,
0x00, 0x00, 0x00, 0x00, 0x00, 0x00, 0x00, 0x00, 0x00, 0x00, 0x00, 0x00, 0x00, 0x00, 0x00, 0x00,
0x00, 0x00, 0x00, 0x00, 0x00, 0x00, 0x00, 0x00, 0x00, 0x00, 0x00, 0x00, 0x00, 0x00, 0x00, 0x00,
0x00, 0x00, 0x00, 0x00, 0x00, 0x00, 0x00, 0x00, 0x00, 0x00, 0x00, 0x00, 0x00, 0x00, 0x00, 0x00,
0x00, 0x00, 0x00, 0x00, 0x00, 0x00, 0x00, 0x00, 0x00, 0x00, 0x00, 0x00, 0x00, 0x00, 0x00, 0x00,
0x00, 0x00, 0x00, 0x00, 0x00, 0x00, 0x00, 0x00, 0x00, 0x00, 0x00, 0x00, 0x00, 0x00, 0x00, 0x00,
0x00, 0x00, 0x00, 0x00, 0x00, 0x00, 0x00, 0x00, 0x00, 0x00, 0x00, 0x00, 0x00, 0x00, 0x00, 0x00,
0x00, 0x00, 0x00, 0x00, 0x00, 0x00, 0x00, 0x00, 0x00, 0x00, 0x00, 0x00, 0x00, 0x00, 0x00, 0x00,
0x00, 0x00, 0x00, 0x00, 0x00, 0x00, 0x00, 0x00, 0x00, 0x00, 0x00, 0x00, 0x00, 0x00, 0x00, 0x00,
0x00, 0x00, 0x00, 0x00, 0x00, 0x00, 0x00, 0x00, 0x00, 0x00, 0x00, 0x00, 0x00, 0x00, 0x00, 0x00,
0x00, 0x00, 0x00, 0x00, 0x00, 0x00, 0x00, 0x00, 0x00, 0x00, 0x00, 0x00, 0x00, 0x00, 0x00, 0x00,
0x00, 0x00, 0x00, 0x00, 0x00, 0x00, 0x00, 0x00, 0x00, 0x00, 0x00, 0x00, 0x00, 0x00, 0x00, 0x00,
0x00, 0x00, 0x00, 0x00, 0x00, 0x00, 0x00, 0x00, 0x00, 0x00, 0x00, 0x00, 0x00, 0x00, 0x00, 0x00,
0x00, 0x00, 0x00, 0x00, 0x00, 0x00, 0x00, 0x00, 0x00, 0x00, 0x00, 0x00, 0x00, 0x00, 0x00, 0x00,
0x00, 0x00, 0x00, 0x00, 0x00, 0x00, 0x00, 0x00, 0x00, 0x00, 0x00, 0x00, 0x00, 0x00, 0x00, 0x00,
0x00, 0x00, 0x00, 0x00, 0x00, 0x00, 0x00, 0x00, 0x00, 0x00, 0x00, 0x00, 0x00, 0x00, 0x00, 0x00,
0x00, 0x00, 0x00, 0x00, 0x00, 0x00, 0x00, 0x00, 0x00, 0x00, 0x00, 0x00, 0x00, 0x00, 0x00, 0x00,
0x00, 0x00, 0x00, 0x00, 0x00, 0x00, 0x00, 0x00, 0x00, 0x00, 0x00, 0x00, 0x00, 0x00, 0x00, 0x00,
0x00, 0x00, 0x00, 0x00, 0x00, 0x00, 0x00, 0x00, 0x00, 0x00, 0x00, 0x00, 0x00, 0x00, 0x00, 0x00,
0x00, 0x00, 0x00, 0x00, 0x00, 0x00, 0x00, 0x00, 0x00, 0x00, 0x00, 0x00, 0x00, 0x00, 0x00, 0x00,
0x00, 0x00, 0x00, 0x00, 0x00, 0x00, 0x00, 0x00, 0x00, 0x00, 0x00, 0x00, 0x00, 0x00, 0x00, 0x00,
0x00, 0x00, 0x00, 0x00, 0x00, 0x00, 0x00, 0x00, 0x00, 0x00, 0x00, 0x00, 0x00, 0x00, 0x00, 0x00,
0x00, 0x00, 0x00, 0x00, 0x00, 0x00, 0x00, 0x00, 0x00, 0x00, 0x00, 0x00, 0x00, 0x00, 0x00, 0x00,
0x00, 0x00, 0x00, 0x00, 0x00, 0x00, 0x00, 0x00, 0x00, 0x00, 0x00, 0x00, 0x00, 0x00, 0x00, 0x00,
0x00, 0x00, 0x00, 0x00, 0x00, 0x00, 0x00, 0x00, 0x00, 0x00, 0x00, 0x00, 0x00, 0x00, 0x00, 0x00,
0x00, 0x00, 0x00, 0x00, 0x00, 0x00, 0x00, 0x00, 0x00, 0x00, 0x00, 0x00, 0x00, 0x00, 0x00, 0x00,
0x00, 0x00, 0x00, 0x00, 0x00, 0x00, 0x00, 0x00, 0x00, 0x00, 0x00, 0x00, 0x00, 0x00, 0x00, 0x00,
0x00, 0x00, 0x00, 0x00, 0x00, 0x00, 0x00, 0x00, 0x00, 0x00, 0x00, 0x00, 0x00, 0x00, 0x00, 0x00,
0x00, 0x00, 0x00, 0x00, 0x00, 0x00, 0x00, 0x00, 0x00, 0x00, 0x00, 0x00, 0x00, 0x00, 0x00, 0x00,
0x00, 0x00, 0x00, 0x00, 0x00, 0x00, 0x00, 0x00, 0x00, 0x00, 0x00, 0x00, 0x00, 0x00, 0x00, 0x00,
0x00, 0x00, 0x00, 0x00, 0x00, 0x00, 0x00, 0x00, 0x00, 0x00, 0x00, 0x00, 0x00, 0x00, 0x00, 0x00,
0x00, 0x00, 0x00, 0x00, 0x00, 0x00, 0x00, 0x00, 0x00, 0x00, 0x00, 0x00, 0x00, 0x00, 0x00, 0x00,
0x00, 0x00, 0x00, 0x00, 0x00, 0x00, 0x00, 0x00, 0x00, 0x00, 0x00, 0x00, 0x00, 0x00, 0x00, 0x00,
0x00, 0x00, 0x00, 0x00, 0x00, 0x00, 0x00, 0x00, 0x00, 0x00, 0x00, 0x00, 0x00, 0x00, 0x00, 0x00,
0x00, 0x00, 0x00, 0x00, 0x00, 0x00, 0x00, 0x00, 0x00, 0x00, 0x00, 0x00, 0x00, 0x00, 0x00, 0x00,
0x00, 0x00, 0x00, 0x00, 0x00, 0x00, 0x00, 0x00, 0x00, 0x00, 0x00, 0x00, 0x00, 0x00, 0x00, 0x00,
0x00, 0x00, 0x00, 0x00, 0x00, 0x00, 0x00, 0x00, 0x00, 0x00, 0x00, 0x00, 0x00, 0x00, 0x00, 0x00,
0x00, 0x00, 0x00, 0x00, 0x00, 0x00, 0x00, 0x00, 0x00, 0x00, 0x00, 0x00, 0x00, 0x00, 0x00, 0x00,
0x00, 0x00, 0x00, 0x00, 0x00, 0x00, 0x00, 0x00, 0x00, 0x00, 0x00, 0x00, 0x00, 0x00, 0x00, 0x00,
0x00, 0x00, 0x00, 0x00, 0x00, 0x00, 0x00, 0x00, 0x00, 0x00, 0x00, 0x00, 0x00, 0x00, 0x00, 0x00,
0x00, 0x00, 0x00, 0x00, 0x00, 0x00, 0x00, 0x00, 0x00, 0x00, 0x00, 0x00, 0x00, 0x00, 0x00, 0x00,
0x00, 0x00, 0x00, 0x00, 0x00, 0x00, 0x00, 0x00, 0x00, 0x00, 0x00, 0x00, 0x00, 0x00, 0x00, 0x00,
0x00, 0x00, 0x00, 0x00, 0x00, 0x00, 0x00, 0x00, 0x00, 0x00, 0x00, 0x00, 0x00, 0x00, 0x00, 0x00,
0x00, 0x00, 0x00, 0x00, 0x00, 0x00, 0x00, 0x00, 0x00, 0x00, 0x00, 0x00, 0x00, 0x00, 0x00, 0x00,
0x00, 0x00, 0x00, 0x00, 0x00, 0x00, 0x00, 0x00, 0x00, 0x00, 0x00, 0x00, 0x00, 0x00, 0x00, 0x00,
0x00, 0x00, 0x00, 0x00, 0x00, 0x00, 0x00, 0x00, 0x00, 0x00, 0x00, 0x00, 0x00, 0x00, 0x00, 0x00,
0x00, 0x00, 0x00, 0x00, 0x00, 0x00, 0x00, 0x00, 0x00, 0x00, 0x00, 0x00, 0x00, 0x00, 0x00, 0x00,
0x00, 0x00, 0x00, 0x00, 0x00, 0x00, 0x00, 0x00, 0x00, 0x00, 0x00, 0x00, 0x00, 0x00, 0x00, 0x00,
0x00, 0x00, 0x00, 0x00, 0x00, 0x00, 0x00, 0x00, 0x00, 0x00, 0x00, 0x00, 0x00, 0x00, 0x00, 0x00,
0x00, 0x00, 0x00, 0x00, 0x00, 0x00, 0x00, 0x00, 0x00, 0x00, 0x00, 0x00, 0x00, 0x00, 0x00, 0x00,
0x00, 0x00, 0x00, 0x00, 0x00, 0x00, 0x00, 0x00, 0x00, 0x00, 0x00, 0x00, 0x00, 0x00, 0x00, 0x00,
0x00, 0x00, 0x00, 0x00, 0x00, 0x00, 0x00, 0x00, 0x00, 0x00, 0x00, 0x00, 0x00, 0x00, 0x00, 0x00,
0x00, 0x00, 0x00, 0x00, 0x00, 0x00, 0x00, 0x00, 0x00, 0x00, 0x00, 0x00, 0x00, 0x00, 0x00, 0x00,
0x00, 0x00, 0x00, 0x00, 0x00, 0x00, 0x00, 0x00, 0x00, 0x00, 0x00, 0x00, 0x00, 0x00, 0x00, 0x00,
0x00, 0x00, 0x00, 0x00, 0x00, 0x00, 0x00, 0x00, 0x00, 0x00, 0x00, 0x00, 0x00, 0x00, 0x00, 0x00,
0x00, 0x00, 0x00, 0x00, 0x00, 0x00, 0x00, 0x00, 0x00, 0x00, 0x00, 0x00, 0x00, 0x00, 0x00, 0x00,
0x00, 0x00, 0x00, 0x00, 0x00, 0x00, 0x00, 0x00, 0x00, 0x00, 0x00, 0x00, 0x00, 0x00, 0x00, 0x00,
0x00, 0x00, 0x00, 0x00, 0x00, 0x00, 0x00, 0x00, 0x00, 0x00, 0x00, 0x00, 0x00, 0x00, 0x00, 0x00,
0x00, 0x00, 0x00, 0x00, 0x00, 0x00, 0x00, 0x00, 0x00, 0x00, 0x00, 0x00, 0x00, 0x00, 0x00, 0x00,
0x00, 0x00, 0x00, 0x00, 0x00, 0x00, 0x00, 0x00, 0x00, 0x00, 0x00, 0x00, 0x00, 0x00, 0x00, 0x00,
0x00, 0x00, 0x00, 0x00, 0x00, 0x00, 0x00, 0x00, 0x00, 0x00, 0x00, 0x00, 0x00, 0x00, 0x00, 0x00,
0x00, 0x00, 0x00, 0x00, 0x00, 0x00, 0x00, 0x00, 0x00, 0x00, 0x00, 0x00, 0x00, 0x00, 0x00, 0x00,
0x00, 0x00, 0x00, 0x00, 0x00, 0x00, 0x00, 0x00, 0x00, 0x00, 0x00, 0x00, 0x00, 0x00, 0x00, 0x00,
0x00, 0x00, 0x00, 0x00, 0x00, 0x00, 0x00, 0x00, 0x00, 0x00, 0x00, 0x00, 0x00, 0x00, 0x00, 0x00,
0x00, 0x00, 0x00, 0x00, 0x00, 0x00, 0x00, 0x00, 0x00, 0x00, 0x00, 0x00, 0x00, 0x00, 0x00, 0x00,
0x00, 0x00, 0x00, 0x00, 0x00, 0x00, 0x00, 0x00, 0x00, 0x00, 0x00, 0x00, 0x00, 0x00, 0x00, 0x00,
0x00, 0x00, 0x00, 0x00, 0x00, 0x00, 0x00, 0x00, 0x00, 0x00, 0x00, 0x00, 0x00, 0x00, 0x00, 0x00,
0x00, 0x00, 0x00, 0x00, 0x00, 0x00, 0x00, 0x00, 0x00, 0x00, 0x00, 0x00, 0x00, 0x00, 0x00, 0x00,
0x00, 0x00, 0x00, 0x00, 0x00, 0x00, 0x00, 0x00, 0x00, 0x00, 0x00, 0x00, 0x00, 0x00, 0x00, 0x00,
0x00, 0x00, 0x00, 0x00, 0x00, 0x00, 0x00, 0x00, 0x00, 0x00, 0x00, 0x00, 0x00, 0x00, 0x00, 0x00,
0x00, 0x00, 0x00, 0x00, 0x00, 0x00, 0x00, 0x00, 0x00, 0x00, 0x00, 0x00, 0x00, 0x00, 0x00, 0x00,
0x00, 0x00, 0x00, 0x00, 0x00, 0x00, 0x00, 0x00, 0x00, 0x00, 0x00, 0x00, 0x00, 0x00, 0x00, 0x00,
0x00, 0x00, 0x00, 0x00, 0x00, 0x00, 0x00, 0x00, 0x00, 0x00, 0x00, 0x00, 0x00, 0x00, 0x00, 0x00,
0x00, 0x00, 0x00, 0x00, 0x00, 0x00, 0x00, 0x00, 0x00, 0x00, 0x00, 0x00, 0x00, 0x00, 0x00, 0x00,
0x00, 0x00, 0x00, 0x00, 0x00, 0x00, 0x00, 0x00, 0x00, 0x00, 0x00, 0x00, 0x00, 0x00, 0x00, 0x00,
0x00, 0x00, 0x00, 0x00, 0x00, 0x00, 0x00, 0x00, 0x00, 0x00, 0x00, 0x00, 0x00, 0x00, 0x00, 0x00,
0x00, 0x00, 0x00, 0x00, 0x00, 0x00, 0x00, 0x00, 0x00, 0x00, 0x00, 0x00, 0x00, 0x00, 0x00, 0x00,
0x00, 0x00, 0x00, 0x00, 0x00, 0x00, 0x00, 0x00, 0x00, 0x00, 0x00, 0x00, 0x00, 0x00, 0x00, 0x00,
0x00, 0x00, 0x00, 0x00, 0x00, 0x00, 0x00, 0x00, 0x00, 0x00, 0x00, 0x00, 0x00, 0x00, 0x00, 0x00,
0x00, 0x00, 0x00, 0x00, 0x00, 0x00, 0x00, 0x00, 0x00, 0x00, 0x00, 0x00, 0x00, 0x00, 0x00, 0x00,
0x00, 0x00, 0x00, 0x00, 0x00, 0x00, 0x00, 0x00, 0x00, 0x00, 0x00, 0x00, 0x00, 0x00, 0x00, 0x00,
0x00, 0x00, 0x00, 0x00, 0x00, 0x00, 0x00, 0x00, 0x00, 0x00, 0x00, 0x00, 0x00, 0x00, 0x00, 0x00,
0x00, 0x00, 0x00, 0x00, 0x00, 0x00, 0x00, 0x00, 0x00, 0x00, 0x00, 0x00, 0x00, 0x00, 0x00, 0x00,
0x00, 0x00, 0x00, 0x00, 0x00, 0x00, 0x00, 0x00, 0x00, 0x00, 0x00, 0x00, 0x00, 0x00, 0x00, 0x00,
0x00, 0x00, 0x00, 0x00, 0x00, 0x00, 0x00, 0x00, 0x00, 0x00, 0x00, 0x00, 0x00, 0x00, 0x00, 0x00,
0x00, 0x00, 0x00, 0x00, 0x00, 0x00, 0x00, 0x00, 0x00, 0x00, 0x00, 0x00, 0x00, 0x00, 0x00, 0x00,
0x00, 0x00, 0x00, 0x00, 0x00, 0x00, 0x00, 0x00, 0x00, 0x00, 0x00, 0x00, 0x00, 0x00, 0x00, 0x00,
0x00, 0x00, 0x00, 0x00, 0x00, 0x00, 0x00, 0x00, 0x00, 0x00, 0x00, 0x00, 0x00, 0x00, 0x00, 0x00,
0x00, 0x00, 0x00, 0x00, 0x00, 0x00, 0x00, 0x00, 0x00, 0x00, 0x00, 0x00, 0x00, 0x00, 0x00, 0x00,
0x00, 0x00, 0x00, 0x00, 0x00, 0x00, 0x00, 0x00, 0x00, 0x00, 0x00, 0x00, 0x00, 0x00, 0x00, 0x00,
0x00, 0x00, 0x00, 0x00, 0x00, 0x00, 0x00, 0x00, 0x00, 0x00, 0x00, 0x00, 0x00, 0x00, 0x00, 0x00,
0x00, 0x00, 0x00, 0x00, 0x00, 0x00, 0x00, 0x00, 0x00, 0x00, 0x00, 0x00, 0x00, 0x00, 0x00, 0x00,
0x00, 0x00, 0x00, 0x00, 0x00, 0x00, 0x00, 0x00, 0x00, 0x00, 0x00, 0x00, 0x00, 0x00, 0x00, 0x00,
0x00, 0x00, 0x00, 0x00, 0x00, 0x00, 0x00, 0x00, 0x00, 0x00, 0x00, 0x00, 0x00, 0x00, 0x00, 0x00,
0x00, 0x00, 0x00, 0x00, 0x00, 0x00, 0x00, 0x00, 0x00, 0x00, 0x00, 0x00, 0x00, 0x00, 0x00, 0x00,
0x00, 0x00, 0x00, 0x00, 0x00, 0x00, 0x00, 0x00, 0x00, 0x00, 0x00, 0x00, 0x00, 0x00, 0x00, 0x00,
0x00, 0x00, 0x00, 0x00, 0x00, 0x00, 0x00, 0x00, 0x00, 0x00, 0x00, 0x00, 0x00, 0x00, 0x00, 0x00,
0x00, 0x00, 0x00, 0x00, 0x00, 0x00, 0x00, 0x00, 0x00, 0x00, 0x00, 0x00, 0x00, 0x00, 0x00, 0x00,
0x00, 0x00, 0x00, 0x00, 0x00, 0x00, 0x00, 0x00, 0x00, 0x00, 0x00, 0x00, 0x00, 0x00, 0x00, 0x00,
0x00, 0x00, 0x00, 0x00, 0x00, 0x00, 0x00, 0x00, 0x00, 0x00, 0x00, 0x00, 0x00, 0x00, 0x00, 0x00,
0x00, 0x00, 0x00, 0x00, 0x00, 0x00, 0x00, 0x00, 0x00, 0x00, 0x00, 0x00, 0x00, 0x00, 0x00, 0x00,
0x00, 0x00, 0x00, 0x00, 0x00, 0x00, 0x00, 0x00, 0x00, 0x00, 0x00, 0x00, 0x00, 0x00, 0x00, 0x00,
0x00, 0x00, 0x00, 0x00, 0x00, 0x00, 0x00, 0x00, 0x00, 0x00, 0x00, 0x00, 0x00, 0x00, 0x00, 0x00,
0x00, 0x00, 0x00, 0x00, 0x00, 0x00, 0x00, 0x00, 0x00, 0x00, 0x00, 0x00, 0x00, 0x00, 0x00, 0x00,
0x00, 0x00, 0x00, 0x00, 0x00, 0x00, 0x00, 0x00, 0x00, 0x00, 0x00, 0x00, 0x00, 0x00, 0x00, 0x00,
0x00, 0x00, 0x00, 0x00, 0x00, 0x00, 0x00, 0x00, 0x00, 0x00, 0x00, 0x00, 0x00, 0x00, 0x00, 0x00,
0x00, 0x00, 0x00, 0x00, 0x00, 0x00, 0x00, 0x00, 0x00, 0x00, 0x00, 0x00, 0x00, 0x00, 0x00, 0x00,
0x00, 0x00, 0x00, 0x00, 0x00, 0x00, 0x00, 0x00, 0x00, 0x00, 0x00, 0x00, 0x00, 0x00, 0x00, 0x00,
0x00, 0x00, 0x00, 0x00, 0x00, 0x00, 0x00, 0x00, 0x00, 0x00, 0x00, 0x00, 0x00, 0x00, 0x00, 0x00,
0x00, 0x00, 0x00, 0x00, 0x00, 0x00, 0x00, 0x00, 0x00, 0x00, 0x00, 0x00, 0x00, 0x00, 0x00, 0x00,
0x00, 0x00, 0x00, 0x00, 0x00, 0x00, 0x00, 0x00, 0x00, 0x00, 0x00, 0x00, 0x00, 0x00, 0x00, 0x00,
0x00, 0x00, 0x00, 0x00, 0x00, 0x00, 0x00, 0x00, 0x00, 0x00, 0x00, 0x00, 0x00, 0x00, 0x00, 0x00,
0x00, 0x00, 0x00, 0x00, 0x00, 0x00, 0x00, 0x00, 0x00, 0x00, 0x00, 0x00, 0x00, 0x00, 0x00, 0x00,
0x00, 0x00, 0x00, 0x00, 0x00, 0x00, 0x00, 0x00, 0x00, 0x00, 0x00, 0x00, 0x00, 0x00, 0x00, 0x00,
0x00, 0x00, 0x00, 0x00, 0x00, 0x00, 0x00, 0x00, 0x00, 0x00, 0x00, 0x00, 0x00, 0x00, 0x00, 0x00,
0x00, 0x00, 0x00, 0x00, 0x00, 0x00, 0x00, 0x00, 0x00, 0x00, 0x00, 0x00, 0x00, 0x00, 0x00, 0x00,
0x00, 0x00, 0x00, 0x00, 0x00, 0x00, 0x00, 0x00, 0x00, 0x00, 0x00, 0x00, 0x00, 0x00, 0x00, 0x00,
0x00, 0x00, 0x00, 0x00, 0x00, 0x00, 0x00, 0x00, 0x00, 0x00, 0x00, 0x00, 0x00, 0x00, 0x00, 0x00,
0x00, 0x00, 0x00, 0x00, 0x00, 0x00, 0x00, 0x00, 0x00, 0x00, 0x00, 0x00, 0x00, 0x00, 0x00, 0x00,
0x00, 0x00, 0x00, 0x00, 0x00, 0x00, 0x00, 0x00, 0x00, 0x00, 0x00, 0x00, 0x00, 0x00, 0x00, 0x00,
0x00, 0x00, 0x00, 0x00, 0x00, 0x00, 0x00, 0x00, 0x00, 0x00, 0x00, 0x00, 0x00, 0x00, 0x00, 0x00,
0x00, 0x00, 0x00, 0x00, 0x00, 0x00, 0x00, 0x00, 0x00, 0x00, 0x00, 0x00, 0x00, 0x00, 0x00, 0x00,
0x00, 0x00, 0x00, 0x00, 0x00, 0x00, 0x00, 0x00, 0x00, 0x00, 0x00, 0x00, 0x00, 0x00, 0x00, 0x00,
0x00, 0x00, 0x00, 0x00, 0x00, 0x00, 0x00, 0x00, 0x00, 0x00, 0x00, 0x00, 0x00, 0x00, 0x00, 0x00,
0x00, 0x00, 0x00, 0x00, 0x00, 0x00, 0x00, 0x00, 0x00, 0x00, 0x00, 0x00, 0x00, 0x00, 0x00, 0x00,
0x00, 0x00, 0x00, 0x00, 0x00, 0x00, 0x00, 0x00, 0x00, 0x00, 0x00, 0x00, 0x00, 0x00, 0x00, 0x00,
0x00, 0x00, 0x00, 0x00, 0x00, 0x00, 0x00, 0x00, 0x00, 0x00, 0x00, 0x00, 0x00, 0x00, 0x00, 0x00,
0x00, 0x00, 0x00, 0x00, 0x00, 0x00, 0x00, 0x00, 0x00, 0x00, 0x00, 0x00, 0x00, 0x00, 0x00, 0x00,
0x00, 0x00, 0x00, 0x00, 0x00, 0x00, 0x00, 0x00, 0x00, 0x00, 0x00, 0x00, 0x00, 0x00, 0x00, 0x00,
0x00, 0x00, 0x00, 0x00, 0x00, 0x00, 0x00, 0x00, 0x00, 0x00, 0x00, 0x00, 0x00, 0x00, 0x00, 0x00,
0x00, 0x00, 0x00, 0x00, 0x00, 0x00, 0x00, 0x00, 0x00, 0x00, 0x00, 0x00, 0x00, 0x00, 0x00, 0x00,
0x00, 0x00, 0x00, 0x00, 0x00, 0x00, 0x00, 0x00, 0x00, 0x00, 0x00, 0x00, 0x00, 0x00, 0x00, 0x00,
0x00, 0x00, 0x00, 0x00, 0x00, 0x00, 0x00, 0x00, 0x00, 0x00, 0x00, 0x00, 0x00, 0x00, 0x00, 0x00,
0x00, 0x00, 0x00, 0x00, 0x00, 0x00, 0x00, 0x00, 0x00, 0x00, 0x00, 0x00, 0x00, 0x00, 0x00, 0x00,
0x00, 0x00, 0x00, 0x00, 0x00, 0x00, 0x00, 0x00, 0x00, 0x00, 0x00, 0x00, 0x00, 0x00, 0x00, 0x00,
0x00, 0x00, 0x00, 0x00, 0x00, 0x00, 0x00, 0x00, 0x00, 0x00, 0x00, 0x00, 0x00, 0x00, 0x00, 0x00,
0x00, 0x00, 0x00, 0x00, 0x00, 0x00, 0x00, 0x00, 0x00, 0x00, 0x00, 0x00, 0x00, 0x00, 0x00, 0x00,
0x00, 0x00, 0x00, 0x00, 0x00, 0x00, 0x00, 0x00, 0x00, 0x00, 0x00, 0x00, 0x00, 0x00, 0x00, 0x00,
0x00, 0x00, 0x00, 0x00, 0x00, 0x00, 0x00, 0x00, 0x00, 0x00, 0x00, 0x00, 0x00, 0x00, 0x00, 0x00,
0x00, 0x00, 0x00, 0x00, 0x00, 0x00, 0x00, 0x00, 0x00, 0x00, 0x00, 0x00, 0x00, 0x00, 0x00, 0x00,
0x00, 0x00, 0x00, 0x00, 0x00, 0x00, 0x00, 0x00, 0x00, 0x00, 0x00, 0x00, 0x00, 0x00, 0x00, 0x00,
0x00, 0x00, 0x00, 0x00, 0x00, 0x00, 0x00, 0x00, 0x00, 0x00, 0x00, 0x00, 0x00, 0x00, 0x00, 0x00,
0x00, 0x00, 0x00, 0x00, 0x00, 0x00, 0x00, 0x00, 0x00, 0x00, 0x00, 0x00, 0x00, 0x00, 0x00, 0x00,
0x00, 0x00, 0x00, 0x00, 0x00, 0x00, 0x00, 0x00, 0x00, 0x00, 0x00, 0x00, 0x00, 0x00, 0x00, 0x00,
0x00, 0x00, 0x00, 0x00, 0x00, 0x00, 0x00, 0x00, 0x00, 0x00, 0x00, 0x00, 0x00, 0x00, 0x00, 0x00,
0x00, 0x00, 0x00, 0x00, 0x00, 0x00, 0x00, 0x00, 0x00, 0x00, 0x00, 0x00, 0x00, 0x00, 0x00, 0x00,
0x00, 0x00, 0x00, 0x00, 0x00, 0x00, 0x00, 0x00, 0x00, 0x00, 0x00, 0x00, 0x00, 0x00, 0x00, 0x00,
0x00, 0x00, 0x00, 0x00, 0x00, 0x00, 0x00, 0x00, 0x00, 0x00, 0x00, 0x00, 0x00, 0x00, 0x00, 0x00,
0x00, 0x00, 0x00, 0x00, 0x00, 0x00, 0x00, 0x00, 0x00, 0x00, 0x00, 0x00, 0x00, 0x00, 0x00, 0x00,
0x00, 0x00, 0x00, 0x00, 0x00, 0x00, 0x00, 0x00, 0x00, 0x00, 0x00, 0x00, 0x00, 0x00, 0x00, 0x00,
0x00, 0x00, 0x00, 0x00, 0x00, 0x00, 0x00, 0x00, 0x00, 0x00, 0x00, 0x00, 0x00, 0x00, 0x00, 0x00,
0x00, 0x00, 0x00, 0x00, 0x00, 0x00, 0x00, 0x00, 0x00, 0x00, 0x00, 0x00, 0x00, 0x00, 0x00, 0x00,
0x00, 0x00, 0x00, 0x00, 0x00, 0x00, 0x00, 0x00, 0x00, 0x00, 0x00, 0x00, 0x00, 0x00, 0x00, 0x00,
0x00, 0x00, 0x00, 0x00, 0x00, 0x00, 0x00, 0x00, 0x00, 0x00, 0x00, 0x00, 0x00, 0x00, 0x00, 0x00,
0x00, 0x00, 0x00, 0x00, 0x00, 0x00, 0x00, 0x00, 0x00, 0x00, 0x00, 0x00, 0x00, 0x00, 0x00, 0x00,
0x00, 0x00, 0x00, 0x00, 0x00, 0x00, 0x00, 0x00, 0x00, 0x00, 0x00, 0x00, 0x00, 0x00, 0x00, 0x00,
0x00, 0x00, 0x00, 0x00, 0x00, 0x00, 0x00, 0x00, 0x00, 0x00, 0x00, 0x00, 0x00, 0x00, 0x00, 0x00,
0x00, 0x00, 0x00, 0x00, 0x00, 0x00, 0x00, 0x00, 0x00, 0x00, 0x00, 0x00, 0x00, 0x00, 0x00, 0x00,
0x00, 0x00, 0x00, 0x00, 0x00, 0x00, 0x00, 0x00, 0x00, 0x00, 0x00, 0x00, 0x00, 0x00, 0x00, 0x00,
0x00, 0x00, 0x00, 0x00, 0x00, 0x00, 0x00, 0x00, 0x00, 0x00, 0x00, 0x00, 0x00, 0x00, 0x00, 0x00,
0x00, 0x00, 0x00, 0x00, 0x00, 0x00, 0x00, 0x00, 0x00, 0x00, 0x00, 0x00, 0x00, 0x00, 0x00, 0x00,
0x00, 0x00, 0x00, 0x00, 0x00, 0x00, 0x00, 0x00, 0x00, 0x00, 0x00, 0x00, 0x00, 0x00, 0x00, 0x00,
0x00, 0x00, 0x00, 0x00, 0x00, 0x00, 0x00, 0x00, 0x00, 0x00, 0x00, 0x00, 0x00, 0x00, 0x00, 0x00,
0x00, 0x00, 0x00, 0x00, 0x00, 0x00, 0x00, 0x00, 0x00, 0x00, 0x00, 0x00, 0x00, 0x00, 0x00, 0x00,
0x00, 0x00, 0x00, 0x00, 0x00, 0x00, 0x00, 0x00, 0x00, 0x00, 0x00, 0x00, 0x00, 0x00, 0x00, 0x00,
0x00, 0x00, 0x00, 0x00, 0x00, 0x00, 0x00, 0x00, 0x00, 0x00, 0x00, 0x00, 0x00, 0x00, 0x00, 0x00,
0x00, 0x00, 0x00, 0x00, 0x00, 0x00, 0x00, 0x00, 0x00, 0x00, 0x00, 0x00, 0x00, 0x00, 0x00, 0x00,
0x00, 0x00, 0x00, 0x00, 0x00, 0x00, 0x00, 0x00, 0x00, 0x00, 0x00, 0x00, 0x00, 0x00, 0x00, 0x00,
0x00, 0x00, 0x00, 0x00, 0x00, 0x00, 0x00, 0x00, 0x00, 0x00, 0x00, 0x00, 0x00, 0x00, 0x00, 0x00,
0x00, 0x00, 0x00, 0x00, 0x00, 0x00, 0x00, 0x00, 0x00, 0x00, 0x00, 0x00, 0x00, 0x00, 0x00, 0x00,
0x00, 0x00, 0x00, 0x00, 0x00, 0x00, 0x00, 0x00, 0x00, 0x00, 0x00, 0x00, 0x00, 0x00, 0x00, 0x00,
0x00, 0x00, 0x00, 0x00, 0x00, 0x00, 0x00, 0x00, 0x00, 0x00, 0x00, 0x00, 0x00, 0x00, 0x00, 0x00,
0x00, 0x00, 0x00, 0x00, 0x00, 0x00, 0x00, 0x00, 0x00, 0x00, 0x00, 0x00, 0x00, 0x00, 0x00, 0x00,
0x00, 0x00, 0x00, 0x00, 0x00, 0x00, 0x00, 0x00, 0x00, 0x00, 0x00, 0x00, 0x00, 0x00, 0x00, 0x00,
0x00, 0x00, 0x00, 0x00, 0x00, 0x00, 0x00, 0x00, 0x00, 0x00, 0x00, 0x00, 0x00, 0x00, 0x00, 0x00,
0x00, 0x00, 0x00, 0x00, 0x00, 0x00, 0x00, 0x00, 0x00, 0x00, 0x00, 0x00, 0x00, 0x00, 0x00, 0x00,
0x00, 0x00, 0x00, 0x00, 0x00, 0x00, 0x00, 0x00, 0x00, 0x00, 0x00, 0x00, 0x00, 0x00, 0x00, 0x00,
0x00, 0x00, 0x00, 0x00, 0x00, 0x00, 0x00, 0x00, 0x00, 0x00, 0x00, 0x00, 0x00, 0x00, 0x00, 0x00,
0x00, 0x00, 0x00, 0x00, 0x00, 0x00, 0x00, 0x00, 0x00, 0x00, 0x00, 0x00, 0x00, 0x00, 0x00, 0x00,
0x00, 0x00, 0x00, 0x00, 0x00, 0x00, 0x00, 0x00, 0x00, 0x00, 0x00, 0x00, 0x00, 0x00, 0x00, 0x00,
0x00, 0x00, 0x00, 0x00, 0x00, 0x00, 0x00, 0x00, 0x00, 0x00, 0x00, 0x00, 0x00, 0x00, 0x00, 0x00,
0x00, 0x00, 0x00, 0x00, 0x00, 0x00, 0x00, 0x00, 0x00, 0x00, 0x00, 0x00, 0x00, 0x00, 0x00, 0x00,
0x00, 0x00, 0x00, 0x00, 0x00, 0x00, 0x00, 0x00, 0x00, 0x00, 0x00, 0x00, 0x00, 0x00, 0x00, 0x00,
0x00, 0x00, 0x00, 0x00, 0x00, 0x00, 0x00, 0x00, 0x00, 0x00, 0x00, 0x00, 0x00, 0x00, 0x00, 0x00,
0x00, 0x00, 0x00, 0x00, 0x00, 0x00, 0x00, 0x00, 0x00, 0x00, 0x00, 0x00, 0x00, 0x00, 0x00, 0x00,
0x00, 0x00, 0x00, 0x00, 0x00, 0x00, 0x00, 0x00, 0x00, 0x00, 0x00, 0x00, 0x00, 0x00, 0x00, 0x00,
0x00, 0x00, 0x00, 0x00, 0x00, 0x00, 0x00, 0x00, 0x00, 0x00, 0x00, 0x00, 0x00, 0x00, 0x00, 0x00,
0x00, 0x00, 0x00, 0x00, 0x00, 0x00, 0x00, 0x00, 0x00, 0x00, 0x00, 0x00, 0x00, 0x00, 0x00, 0x00,
0x00, 0x00, 0x00, 0x00, 0x00, 0x00, 0x00, 0x00, 0x00, 0x00, 0x00, 0x00, 0x00, 0x00, 0x00, 0x00,
0x00, 0x00, 0x00, 0x00, 0x00, 0x00, 0x00, 0x00, 0x00, 0x00, 0x00, 0x00, 0x00, 0x00, 0x00, 0x00,
0x00, 0x00, 0x00, 0x00, 0x00, 0x00, 0x00, 0x00, 0x00, 0x00, 0x00, 0x00, 0x00, 0x00, 0x00, 0x00,
0x00, 0x00, 0x00, 0x00, 0x00, 0x00, 0x00, 0x00, 0x00, 0x00, 0x00, 0x00, 0x00, 0x00, 0x00, 0x00,
0x00, 0x00, 0x00, 0x00, 0x00, 0x00, 0x00, 0x00, 0x00, 0x00, 0x00, 0x00, 0x00, 0x00, 0x00, 0x00,
0x00, 0x00, 0x00, 0x00, 0x00, 0x00, 0x00, 0x00, 0x00, 0x00, 0x00, 0x00, 0x00, 0x00, 0x00, 0x00,
0x00, 0x00, 0x00, 0x00, 0x00, 0x00, 0x00, 0x00, 0x00, 0x00, 0x00, 0x00, 0x00, 0x00, 0x00, 0x00,
0x00, 0x00, 0x00, 0x00, 0x00, 0x00, 0x00, 0x00, 0x00, 0x00, 0x00, 0x00, 0x00, 0x00, 0x00, 0x00,
0x00, 0x00, 0x00, 0x00, 0x00, 0x00, 0x00, 0x00, 0x00, 0x00, 0x00, 0x00, 0x00, 0x00, 0x00, 0x00,
0x00, 0x00, 0x00, 0x00, 0x00, 0x00, 0x00, 0x00, 0x00, 0x00, 0x00, 0x00, 0x00, 0x00, 0x00, 0x00,
0x00, 0x00, 0x00, 0x00, 0x00, 0x00, 0x00, 0x00, 0x00, 0x00, 0x00, 0x00, 0x00, 0x00, 0x00, 0x00,
0x00, 0x00, 0x00, 0x00, 0x00, 0x00, 0x00, 0x00, 0x00, 0x00, 0x00, 0x00, 0x00, 0x00, 0x00, 0x00,
0x00, 0x00, 0x00, 0x00, 0x00, 0x00, 0x00, 0x00, 0x00, 0x00, 0x00, 0x00, 0x00, 0x00, 0x00, 0x00,
0x00, 0x00, 0x00, 0x00, 0x00, 0x00, 0x00, 0x00, 0x00, 0x00, 0x00, 0x00, 0x00, 0x00, 0x00, 0x00,
0x00, 0x00, 0x00, 0x00, 0x00, 0x00, 0x00, 0x00, 0x00, 0x00, 0x00, 0x00, 0x00, 0x00, 0x00, 0x00,
0x00, 0x00, 0x00, 0x00, 0x00, 0x00, 0x00, 0x00, 0x00, 0x00, 0x00, 0x00, 0x00, 0x00, 0x00, 0x00,
0x00, 0x00, 0x00, 0x00, 0x00, 0x00, 0x00, 0x00, 0x00, 0x00, 0x00, 0x00, 0x00, 0x00, 0x00, 0x00,
0x00, 0x00, 0x00, 0x00, 0x00, 0x00, 0x00, 0x00, 0x00, 0x00, 0x00, 0x00, 0x00, 0x00, 0x00, 0x00,
0x00, 0x00, 0x00, 0x00, 0x00, 0x00, 0x00, 0x00, 0x00, 0x00, 0x00, 0x00, 0x00, 0x00, 0x00, 0x00,
0x00, 0x00, 0x00, 0x00, 0x00, 0x00, 0x00, 0x00, 0x00, 0x00, 0x00, 0x00, 0x00, 0x00, 0x00, 0x00,
0x00, 0x00, 0x00, 0x00, 0x00, 0x00, 0x00, 0x00, 0x00, 0x00, 0x00, 0x00, 0x00, 0x00, 0x00, 0x00,
0x00, 0x00, 0x00, 0x00, 0x00, 0x00, 0x00, 0x00, 0x00, 0x00, 0x00, 0x00, 0x00, 0x00, 0x00, 0x00,
0x00, 0x00, 0x00, 0x00, 0x00, 0x00, 0x00, 0x00, 0x00, 0x00, 0x00, 0x00, 0x00, 0x00, 0x00, 0x00,
0x00, 0x00, 0x00, 0x00, 0x00, 0x00, 0x00, 0x00, 0x00, 0x00, 0x00, 0x00, 0x00, 0x00, 0x00, 0x00,
0x00, 0x00, 0x00, 0x00, 0x00, 0x00, 0x00, 0x00, 0x00, 0x00, 0x00, 0x00, 0x00, 0x00, 0x00, 0x00,
0x00, 0x00, 0x00, 0x00, 0x00, 0x00, 0x00, 0x00, 0x00, 0x00, 0x00, 0x00, 0x00, 0x00, 0x00, 0x00,
0x00, 0x00, 0x00, 0x00, 0x00, 0x00, 0x00, 0x00, 0x00, 0x00, 0x00, 0x00, 0x00, 0x00, 0x00, 0x00,
0x00, 0x00, 0x00, 0x00, 0x00, 0x00, 0x00, 0x00, 0x00, 0x00, 0x00, 0x00, 0x00, 0x00, 0x00, 0x00,
0x00, 0x00, 0x00, 0x00, 0x00, 0x00, 0x00, 0x00, 0x00, 0x00, 0x00, 0x00, 0x00, 0x00, 0x00, 0x00,
0x00, 0x00, 0x00, 0x00, 0x00, 0x00, 0x00, 0x00, 0x00, 0x00, 0x00, 0x00, 0x00, 0x00, 0x00, 0x00,
0x00, 0x00, 0x00, 0x00, 0x00, 0x00, 0x00, 0x00, 0x00, 0x00, 0x00, 0x00, 0x00, 0x00, 0x00, 0x00,
0x00, 0x00, 0x00, 0x00, 0x00, 0x00, 0x00, 0x00, 0x00, 0x00, 0x00, 0x00, 0x00, 0x00, 0x00, 0x00,
0x00, 0x00, 0x00, 0x00, 0x00, 0x00, 0x00, 0x00, 0x00, 0x00, 0x00, 0x00, 0x00, 0x00, 0x00, 0x00,
0x00, 0x00, 0x00, 0x00, 0x00, 0x00, 0x00, 0x00, 0x00, 0x00, 0x00, 0x00, 0x00, 0x00, 0x00, 0x00,
0x00, 0x00, 0x00, 0x00, 0x00, 0x00, 0x00, 0x00, 0x00, 0x00, 0x00, 0x00, 0x00, 0x00, 0x00, 0x00,
0x00, 0x00, 0x00, 0x00, 0x00, 0x00, 0x00, 0x00, 0x00, 0x00, 0x00, 0x00, 0x00, 0x00, 0x00, 0x00,
0x00, 0x00, 0x00, 0x00, 0x00, 0x00, 0x00, 0x00, 0x00, 0x00, 0x00, 0x00, 0x00, 0x00, 0x00, 0x00,
0x00, 0x00, 0x00, 0x00, 0x00, 0x00, 0x00, 0x00, 0x00, 0x00, 0x00, 0x00, 0x00, 0x00, 0x00, 0x00,
0x00, 0x00, 0x00, 0x00, 0x00, 0x00, 0x00, 0x00, 0x00, 0x00, 0x00, 0x00, 0x00, 0x00, 0x00, 0x00,
0x00, 0x00, 0x00, 0x00, 0x00, 0x00, 0x00, 0x00, 0x00, 0x00, 0x00, 0x00, 0x00, 0x00, 0x00, 0x00,
0x00, 0x00, 0x00, 0x00, 0x00, 0x00, 0x00, 0x00, 0x00, 0x00, 0x00, 0x00, 0x00, 0x00, 0x00, 0x00,
0x00, 0x00, 0x00, 0x00, 0x00, 0x00, 0x00, 0x00, 0x00, 0x00, 0x00, 0x00, 0x00, 0x00, 0x00, 0x00,
0x00, 0x00, 0x00, 0x00, 0x00, 0x00, 0x00, 0x00, 0x00, 0x00, 0x00, 0x00, 0x00, 0x00, 0x00, 0x00,
0x00, 0x00, 0x00, 0x00, 0x00, 0x00, 0x00, 0x00, 0x00, 0x00, 0x00, 0x00, 0x00, 0x00, 0x00, 0x00,
0x00, 0x00, 0x00, 0x00, 0x00, 0x00, 0x00, 0x00, 0x00, 0x00, 0x00, 0x00, 0x00, 0x00, 0x00, 0x00,
0x00, 0x00, 0x00, 0x00, 0x00, 0x00, 0x00, 0x00, 0x00, 0x00, 0x00, 0x00, 0x00, 0x00, 0x00, 0x00,
0x00, 0x00, 0x00, 0x00, 0x00, 0x00, 0x00, 0x00, 0x00, 0x00, 0x00, 0x00, 0x00, 0x00, 0x00, 0x00,
0x00, 0x00, 0x00, 0x00, 0x00, 0x00, 0x00, 0x00, 0x00, 0x00, 0x00, 0x00, 0x00, 0x00, 0x00, 0x00,
0x00, 0x00, 0x00, 0x00, 0x00, 0x00, 0x00, 0x00, 0x00, 0x00, 0x00, 0x00, 0x00, 0x00, 0x00, 0x00,
0x00, 0x00, 0x00, 0x00, 0x00, 0x00, 0x00, 0x00, 0x00, 0x00, 0x00, 0x00, 0x00, 0x00, 0x00, 0x00,
0x00, 0x00, 0x00, 0x00, 0x00, 0x00, 0x00, 0x00, 0x00, 0x00, 0x00, 0x00, 0x00, 0x00, 0x00, 0x00,
0x00, 0x00, 0x00, 0x00, 0x00, 0x00, 0x00, 0x00, 0x00, 0x00, 0x00, 0x00, 0x00, 0x00, 0x00, 0x00,
0x00, 0x00, 0x00, 0x00, 0x00, 0x00, 0x00, 0x00, 0x00, 0x00, 0x00, 0x00, 0x00, 0x00, 0x00, 0x00,
0x00, 0x00, 0x00, 0x00, 0x00, 0x00, 0x00, 0x00, 0x00, 0x00, 0x00, 0x00, 0x00, 0x00, 0x00, 0x00,
0x00, 0x00, 0x00, 0x00, 0x00, 0x00, 0x00, 0x00, 0x00, 0x00, 0x00, 0x00, 0x00, 0x00, 0x00, 0x00,
0x00, 0x00, 0x00, 0x00, 0x00, 0x00, 0x00, 0x00, 0x00, 0x00, 0x00, 0x00, 0x00, 0x00, 0x00, 0x00,
0x00, 0x00, 0x00, 0x00, 0x00, 0x00, 0x00, 0x00, 0x00, 0x00, 0x00, 0x00, 0x00, 0x00, 0x00, 0x00,
0x00, 0x00, 0x00, 0x00, 0x00, 0x00, 0x00, 0x00, 0x00, 0x00, 0x00, 0x00, 0x00, 0x00, 0x00, 0x00,
0x00, 0x00, 0x00, 0x00, 0x00, 0x00, 0x00, 0x00, 0x00, 0x00, 0x00, 0x00, 0x00, 0x00, 0x00, 0x00,
0x00, 0x00, 0x00, 0x00, 0x00, 0x00, 0x00, 0x00, 0x00, 0x00, 0x00, 0x00, 0x00, 0x00, 0x00, 0x00,
0x00, 0x00, 0x00, 0x00, 0x00, 0x00, 0x00, 0x00, 0x00, 0x00, 0x00, 0x00, 0x00, 0x00, 0x00, 0x00,
0x00, 0x00, 0x00, 0x00, 0x00, 0x00, 0x00, 0x00, 0x00, 0x00, 0x00, 0x00, 0x00, 0x00, 0x00, 0x00,
0x00, 0x00, 0x00, 0x00, 0x00, 0x00, 0x00, 0x00, 0x00, 0x00, 0x00, 0x00, 0x00, 0x00, 0x00, 0x00,
0x00, 0x00, 0x00, 0x00, 0x00, 0x00, 0x00, 0x00, 0x00, 0x00, 0x00, 0x00, 0x00, 0x00, 0x00, 0x00,
0x00, 0x00, 0x00, 0x00, 0x00, 0x00, 0x00, 0x00, 0x00, 0x00, 0x00, 0x00, 0x00, 0x00, 0x00, 0x00,
0x00, 0x00, 0x00, 0x00, 0x00, 0x00, 0x00, 0x00, 0x00, 0x00, 0x00, 0x00, 0x00, 0x00, 0x00, 0x00,
0x00, 0x00, 0x00, 0x00, 0x00, 0x00, 0x00, 0x00, 0x00, 0x00, 0x00, 0x00, 0x00, 0x00, 0x00, 0x00,
0x00, 0x00, 0x00, 0x00, 0x00, 0x00, 0x00, 0x00, 0x00, 0x00, 0x00, 0x00, 0x00, 0x00, 0x00, 0x00,
0x00, 0x00, 0x00, 0x00, 0x00, 0x00, 0x00, 0x00, 0x00, 0x00, 0x00, 0x00, 0x00, 0x00, 0x00, 0x00,
0x00, 0x00, 0x00, 0x00, 0x00, 0x00, 0x00, 0x00, 0x00, 0x00, 0x00, 0x00, 0x00, 0x00, 0x00, 0x00,
0x00, 0x00, 0x00, 0x00, 0x00, 0x00, 0x00, 0x00, 0x00, 0x00, 0x00, 0x00, 0x00, 0x00, 0x00, 0x00,
0x00, 0x00, 0x00, 0x00, 0x00, 0x00, 0x00, 0x00, 0x00, 0x00, 0x00, 0x00, 0x00, 0x00, 0x00, 0x00,
0x00, 0x00, 0x00, 0x00, 0x00, 0x00, 0x00, 0x00, 0x00, 0x00, 0x00, 0x00, 0x00, 0x00, 0x00, 0x00,
0x00, 0x00, 0x00, 0x00, 0x00, 0x00, 0x00, 0x00, 0x00, 0x00, 0x00, 0x00, 0x00, 0x00, 0x00, 0x00,
0x00, 0x00, 0x00, 0x00, 0x00, 0x00, 0x00, 0x00, 0x00, 0x00, 0x00, 0x00, 0x00, 0x00, 0x00, 0x00,
0x00, 0x00, 0x00, 0x00, 0x00, 0x00, 0x00, 0x00, 0x00, 0x00, 0x00, 0x00, 0x00, 0x00, 0x00, 0x00,
0x00, 0x00, 0x00, 0x00, 0x00, 0x00, 0x00, 0x00, 0x00, 0x00, 0x00, 0x00, 0x00, 0x00, 0x00, 0x00,
0x00, 0x00, 0x00, 0x00, 0x00, 0x00, 0x00, 0x00, 0x00, 0x00, 0x00, 0x00, 0x00, 0x00, 0x00, 0x00,
0x00, 0x00, 0x00, 0x00, 0x00, 0x00, 0x00, 0x00, 0x00, 0x00, 0x00, 0x00, 0x00, 0x00, 0x00, 0x00,
0x00, 0x00, 0x00, 0x00, 0x00, 0x00, 0x00, 0x00, 0x00, 0x00, 0x00, 0x00, 0x00, 0x00, 0x00, 0x00,
0x00, 0x00, 0x00, 0x00, 0x00, 0x00, 0x00, 0x00, 0x00, 0x00, 0x00, 0x00, 0x00, 0x00, 0x00, 0x00,
0x00, 0x00, 0x00, 0x00, 0x00, 0x00, 0x00, 0x00, 0x00, 0x00, 0x00, 0x00, 0x00, 0x00, 0x00, 0x00,
0x00, 0x00, 0x00, 0x00, 0x00, 0x00, 0x00, 0x00, 0x00, 0x00, 0x00, 0x00, 0x00, 0x00, 0x00, 0x00,
0x00, 0x00, 0x00, 0x00, 0x00, 0x00, 0x00, 0x00, 0x00, 0x00, 0x00, 0x00, 0x00, 0x00, 0x00, 0x00,
0x00, 0x00, 0x00, 0x00, 0x00, 0x00, 0x00, 0x00, 0x00, 0x00, 0x00, 0x00, 0x00, 0x00, 0x00, 0x00,
0x00, 0x00, 0x00, 0x00, 0x00, 0x00, 0x00, 0x00, 0x00, 0x00, 0x00, 0x00, 0x00, 0x00, 0x00, 0x00,
0x00, 0x00, 0x00, 0x00, 0x00, 0x00, 0x00, 0x00, 0x00, 0x00, 0x00, 0x00, 0x00, 0x00, 0x00, 0x00,
0x00, 0x00, 0x00, 0x00, 0x00, 0x00, 0x00, 0x00, 0x00, 0x00, 0x00, 0x00, 0x00, 0x00, 0x00, 0x00,
0x00, 0x00, 0x00, 0x00, 0x00, 0x00, 0x00, 0x00, 0x00, 0x00, 0x00, 0x00, 0x00, 0x00, 0x00, 0x00,
0x00, 0x00, 0x00, 0x00, 0x00, 0x00, 0x00, 0x00, 0x00, 0x00, 0x00, 0x00, 0x00, 0x00, 0x00, 0x00,
0x00, 0x00, 0x00, 0x00, 0x00, 0x00, 0x00, 0x00, 0x00, 0x00, 0x00, 0x00, 0x00, 0x00, 0x00, 0x00,
0x00, 0x00, 0x00, 0x00, 0x00, 0x00, 0x00, 0x00, 0x00, 0x00, 0x00, 0x00, 0x00, 0x00, 0x00, 0x00,
0x00, 0x00, 0x00, 0x00, 0x00, 0x00, 0x00, 0x00, 0x00, 0x00, 0x00, 0x00, 0x00, 0x00, 0x00, 0x00,
0x00, 0x00, 0x00, 0x00, 0x00, 0x00, 0x00, 0x00, 0x00, 0x00, 0x00, 0x00, 0x00, 0x00, 0x00, 0x00,
0x00, 0x00, 0x00, 0x00, 0x00, 0x00, 0x00, 0x00, 0x00, 0x00, 0x00, 0x00, 0x00, 0x00, 0x00, 0x00,
0x00, 0x00, 0x00, 0x00, 0x00, 0x00, 0x00, 0x00, 0x00, 0x00, 0x00, 0x00, 0x00, 0x00, 0x00, 0x00,
0x00, 0x00, 0x00, 0x00, 0x00, 0x00, 0x00, 0x00, 0x00, 0x00, 0x00, 0x00, 0x00, 0x00, 0x00, 0x00,
0x00, 0x00, 0x00, 0x00, 0x00, 0x00, 0x00, 0x00, 0x00, 0x00, 0x00, 0x00, 0x00, 0x00, 0x00, 0x00,
0x00, 0x00, 0x00, 0x00, 0x00, 0x00, 0x00, 0x00, 0x00, 0x00, 0x00, 0x00, 0x00, 0x00, 0x00, 0x00,
0x00, 0x00, 0x00, 0x00, 0x00, 0x00, 0x00, 0x00, 0x00, 0x00, 0x00, 0x00, 0x00, 0x00, 0x00, 0x00,
0x00, 0x00, 0x00, 0x00, 0x00, 0x00, 0x00, 0x00, 0x00, 0x00, 0x00, 0x00, 0x00, 0x00, 0x00, 0x00,
0x00, 0x00, 0x00, 0x00, 0x00, 0x00, 0x00, 0x00, 0x00, 0x00, 0x00, 0x00, 0x00, 0x00, 0x00, 0x00,
0x00, 0x00, 0x00, 0x00, 0x00, 0x00, 0x00, 0x00, 0x00, 0x00, 0x00, 0x00, 0x00, 0x00, 0x00, 0x00,
0x00, 0x00, 0x00, 0x00, 0x00, 0x00, 0x00, 0x00, 0x00, 0x00, 0x00, 0x00, 0x00, 0x00, 0x00, 0x00,
0x00, 0x00, 0x00, 0x00, 0x00, 0x00, 0x00, 0x00, 0x00, 0x00, 0x00, 0x00, 0x00, 0x00, 0x00, 0x00,
0x00, 0x00, 0x00, 0x00, 0x00, 0x00, 0x00, 0x00, 0x00, 0x00, 0x00, 0x00, 0x00, 0x00, 0x00, 0x00,
0x00, 0x00, 0x00, 0x00, 0x00, 0x00, 0x00, 0x00, 0x00, 0x00, 0x00, 0x00, 0x00, 0x00, 0x00, 0x00,
0x00, 0x00, 0x00, 0x00, 0x00, 0x00, 0x00, 0x00, 0x00, 0x00, 0x00, 0x00, 0x00, 0x00, 0x00, 0x00,
0x00, 0x00, 0x00, 0x00, 0x00, 0x00, 0x00, 0x00, 0x00, 0x00, 0x00, 0x00, 0x00, 0x00, 0x00, 0x00,
0x00, 0x00, 0x00, 0x00, 0x00, 0x00, 0x00, 0x00, 0x00, 0x00, 0x00, 0x00, 0x00, 0x00, 0x00, 0x00,
0x00, 0x00, 0x00, 0x00, 0x00, 0x00, 0x00, 0x00, 0x00, 0x00, 0x00, 0x00, 0x00, 0x00, 0x00, 0x00,
0x00, 0x00, 0x00, 0x00, 0x00, 0x00, 0x00, 0x00, 0x00, 0x00, 0x00, 0x00, 0x00, 0x00, 0x00, 0x00,
0x00, 0x00, 0x00, 0x00, 0x00, 0x00, 0x00, 0x00, 0x00, 0x00, 0x00, 0x00, 0x00, 0x00, 0x00, 0x00,
0x00, 0x00, 0x00, 0x00, 0x00, 0x00, 0x00, 0x00, 0x00, 0x00, 0x00, 0x00, 0x00, 0x00, 0x00, 0x00,
0x00, 0x00, 0x00, 0x00, 0x00, 0x00, 0x00, 0x00, 0x00, 0x00, 0x00, 0x00, 0x00, 0x00, 0x00, 0x00,
0x00, 0x00, 0x00, 0x00, 0x00, 0x00, 0x00, 0x00, 0x00, 0x00, 0x00, 0x00, 0x00, 0x00, 0x00, 0x00,
0x00, 0x00, 0x00, 0x00, 0x00, 0x00, 0x00, 0x00, 0x00, 0x00, 0x00, 0x00, 0x00, 0x00, 0x00, 0x00,
0x00, 0x00, 0x00, 0x00, 0x00, 0x00, 0x00, 0x00, 0x00, 0x00, 0x00, 0x00, 0x00, 0x00, 0x00, 0x00,
0x00, 0x00, 0x00, 0x00, 0x00, 0x00, 0x00, 0x00, 0x00, 0x00, 0x00, 0x00, 0x00, 0x00, 0x00, 0x00,
0x00, 0x00, 0x00, 0x00, 0x00, 0x00, 0x00, 0x00, 0x00, 0x00, 0x00, 0x00, 0x00, 0x00, 0x00, 0x00,
0x00, 0x00, 0x00, 0x00, 0x00, 0x00, 0x00, 0x00, 0x00, 0x00, 0x00, 0x00, 0x00, 0x00, 0x00, 0x00,
0x00, 0x00, 0x00, 0x00, 0x00, 0x00, 0x00, 0x00, 0x00, 0x00, 0x00, 0x00, 0x00, 0x00, 0x00, 0x00,
0x00, 0x00, 0x00, 0x00, 0x00, 0x00, 0x00, 0x00, 0x00, 0x00, 0x00, 0x00, 0x00, 0x00, 0x00, 0x00,
0x00, 0x00, 0x00, 0x00, 0x00, 0x00, 0x00, 0x00, 0x00, 0x00, 0x00, 0x00, 0x00, 0x00, 0x00, 0x00,
0x00, 0x00, 0x00, 0x00, 0x00, 0x00, 0x00, 0x00, 0x00, 0x00, 0x00, 0x00, 0x00, 0x00, 0x00, 0x00,
0x00, 0x00, 0x00, 0x00, 0x00, 0x00, 0x00, 0x00, 0x00, 0x00, 0x00, 0x00, 0x00, 0x00, 0x00, 0x00,
0x00, 0x00, 0x00, 0x00, 0x00, 0x00, 0x00, 0x00, 0x00, 0x00, 0x00, 0x00, 0x00, 0x00, 0x00, 0x00,
0x00, 0x00, 0x00, 0x00, 0x00, 0x00, 0x00, 0x00, 0x00, 0x00, 0x00, 0x00, 0x00, 0x00, 0x00, 0x00,
0x00, 0x00, 0x00, 0x00, 0x00, 0x00, 0x00, 0x00, 0x00, 0x00, 0x00, 0x00, 0x00, 0x00, 0x00, 0x00,
0x00, 0x00, 0x00, 0x00, 0x00, 0x00, 0x00, 0x00, 0x00, 0x00, 0x00, 0x00, 0x00, 0x00, 0x00, 0x00,
0x00, 0x00, 0x00, 0x00, 0x00, 0x00, 0x00, 0x00, 0x00, 0x00, 0x00, 0x00, 0x00, 0x00, 0x00, 0x00,
0x00, 0x00, 0x00, 0x00, 0x00, 0x00, 0x00, 0x00, 0x00, 0x00, 0x00, 0x00, 0x00, 0x00, 0x00, 0x00,
0x00, 0x00, 0x00, 0x00, 0x00, 0x00, 0x00, 0x00, 0x00, 0x00, 0x00, 0x00, 0x00, 0x00, 0x00, 0x00,
0x00, 0x00, 0x00, 0x00, 0x00, 0x00, 0x00, 0x00, 0x00, 0x00, 0x00, 0x00, 0x00, 0x00, 0x00, 0x00,
0x00, 0x00, 0x00, 0x00, 0x00, 0x00, 0x00, 0x00, 0x00, 0x00, 0x00, 0x00, 0x00, 0x00, 0x00, 0x00,
0x00, 0x00, 0x00, 0x00, 0x00, 0x00, 0x00, 0x00, 0x00, 0x00, 0x00, 0x00, 0x00, 0x00, 0x00, 0x00,
0x00, 0x00, 0x00, 0x00, 0x00, 0x00, 0x00, 0x00, 0x00, 0x00, 0x00, 0x00, 0x00, 0x00, 0x00, 0x00,
0x00, 0x00, 0x00, 0x00, 0x00, 0x00, 0x00, 0x00, 0x00, 0x00, 0x00, 0x00, 0x00, 0x00, 0x00, 0x00,
0x00, 0x00, 0x00, 0x00, 0x00, 0x00, 0x00, 0x00, 0x00, 0x00, 0x00, 0x00, 0x00, 0x00, 0x00, 0x00,
0x00, 0x00, 0x00, 0x00, 0x00, 0x00, 0x00, 0x00, 0x00, 0x00, 0x00, 0x00, 0x00, 0x00, 0x00, 0x00,
0x00, 0x00, 0x00, 0x00, 0x00, 0x00, 0x00, 0x00, 0x00, 0x00, 0x00, 0x00, 0x00, 0x00, 0x00, 0x00,
0x00, 0x00, 0x00, 0x00, 0x00, 0x00, 0x00, 0x00, 0x00, 0x00, 0x00, 0x00, 0x00, 0x00, 0x00, 0x00,
0x00, 0x00, 0x00, 0x00, 0x00, 0x00, 0x00, 0x00, 0x00, 0x00, 0x00, 0x00, 0x00, 0x00, 0x00, 0x00,
0x00, 0x00, 0x00, 0x00, 0x00, 0x00, 0x00, 0x00, 0x00, 0x00, 0x00, 0x00, 0x00, 0x00, 0x00, 0x00,
0x00, 0x00, 0x00, 0x00, 0x00, 0x00, 0x00, 0x00, 0x00, 0x00, 0x00, 0x00, 0x00, 0x00, 0x00, 0x00,
0x00, 0x00, 0x00, 0x00, 0x00, 0x00, 0x00, 0x00, 0x00, 0x00, 0x00, 0x00, 0x00, 0x00, 0x00, 0x00,
0x00, 0x00, 0x00, 0x00, 0x00, 0x00, 0x00, 0x00, 0x00, 0x00, 0x00, 0x00, 0x00, 0x00, 0x00, 0x00,
0x00, 0x00, 0x00, 0x00, 0x00, 0x00, 0x00, 0x00, 0x00, 0x00, 0x00, 0x00, 0x00, 0x00, 0x00, 0x00,
0x00, 0x00, 0x00, 0x00, 0x00, 0x00, 0x00, 0x00, 0x00, 0x00, 0x00, 0x00, 0x00, 0x00, 0x00, 0x00,
0x00, 0x00, 0x00, 0x00, 0x00, 0x00, 0x00, 0x00, 0x00, 0x00, 0x00, 0x00, 0x00, 0x00, 0x00, 0x00,
0x00, 0x00, 0x00, 0x00, 0x00, 0x00, 0x00, 0x00, 0x00, 0x00, 0x00, 0x00, 0x00, 0x00, 0x00, 0x00,
0x00, 0x00, 0x00, 0x00, 0x00, 0x00, 0x00, 0x00, 0x00, 0x00, 0x00, 0x00, 0x00, 0x00, 0x00, 0x00,
0x00, 0x00, 0x00, 0x00, 0x00, 0x00, 0x00, 0x00, 0x00, 0x00, 0x00, 0x00, 0x00, 0x00, 0x00, 0x00,
0x00, 0x00, 0x00, 0x00, 0x00, 0x00, 0x00, 0x00, 0x00, 0x00, 0x00, 0x00, 0x00, 0x00, 0x00, 0x00,
0x00, 0x00, 0x00, 0x00, 0x00, 0x00, 0x00, 0x00, 0x00, 0x00, 0x00, 0x00, 0x00, 0x00, 0x00, 0x00,
0x00, 0x00, 0x00, 0x00, 0x00, 0x00, 0x00, 0x00, 0x00, 0x00, 0x00, 0x00, 0x00, 0x00, 0x00, 0x00,
0x00, 0x00, 0x00, 0x00, 0x00, 0x00, 0x00, 0x00, 0x00, 0x00, 0x00, 0x00, 0x00, 0x00, 0x00, 0x00,
0x00, 0x00, 0x00, 0x00, 0x00, 0x00, 0x00, 0x00, 0x00, 0x00, 0x00, 0x00, 0x00, 0x00, 0x00, 0x00,
0x00, 0x00, 0x00, 0x00, 0x00, 0x00, 0x00, 0x00, 0x00, 0x00, 0x00, 0x00, 0x00, 0x00, 0x00, 0x00,
0x00, 0x00, 0x00, 0x00, 0x00, 0x00, 0x00, 0x00, 0x00, 0x00, 0x00, 0x00, 0x00, 0x00, 0x00, 0x00,
0x00, 0x00, 0x00, 0x00, 0x00, 0x00, 0x00, 0x00, 0x00, 0x00, 0x00, 0x00, 0x00, 0x00, 0x00, 0x00,
0x00, 0x00, 0x00, 0x00, 0x00, 0x00, 0x00, 0x00, 0x00, 0x00, 0x00, 0x00, 0x00, 0x00, 0x00, 0x00,
0x00, 0x00, 0x00, 0x00, 0x00, 0x00, 0x00, 0x00, 0x00, 0x00, 0x00, 0x00, 0x00, 0x00, 0x00, 0x00,
0x00, 0x00, 0x00, 0x00, 0x00, 0x00, 0x00, 0x00, 0x00, 0x00, 0x00, 0x00, 0x00, 0x00, 0x00, 0x00,
0x00, 0x00, 0x00, 0x00, 0x00, 0x00, 0x00, 0x00, 0x00, 0x00, 0x00, 0x00, 0x00, 0x00, 0x00, 0x00,
0x00, 0x00, 0x00, 0x00, 0x00, 0x00, 0x00, 0x00, 0x00, 0x00, 0x00, 0x00, 0x00, 0x00, 0x00, 0x00,
0x00, 0x00, 0x00, 0x00, 0x00, 0x00, 0x00, 0x00, 0x00, 0x00, 0x00, 0x00, 0x00, 0x00, 0x00, 0x00,
0x00, 0x00, 0x00, 0x00, 0x00, 0x00, 0x00, 0x00, 0x00, 0x00, 0x00, 0x00, 0x00, 0x00, 0x00, 0x00,
0x00, 0x00, 0x00, 0x00, 0x00, 0x00, 0x00, 0x00, 0x00, 0x00, 0x00, 0x00, 0x00, 0x00, 0x00, 0x00,
0x00, 0x00, 0x00, 0x00, 0x00, 0x00, 0x00, 0x00, 0x00, 0x00, 0x00, 0x00, 0x00, 0x00, 0x00, 0x00,
0x00, 0x00, 0x00, 0x00, 0x00, 0x00, 0x00, 0x00, 0x00, 0x00, 0x00, 0x00, 0x00, 0x00, 0x00, 0x00,
0x00, 0x00, 0x00, 0x00, 0x00, 0x00, 0x00, 0x00, 0x00, 0x00, 0x00, 0x00, 0x00, 0x00, 0x00, 0x00,
0x00, 0x00, 0x00, 0x00, 0x00, 0x00, 0x00, 0x00, 0x00, 0x00, 0x00, 0x00, 0x00, 0x00, 0x00, 0x00,
0x00, 0x00, 0x00, 0x00, 0x00, 0x00, 0x00, 0x00, 0x00, 0x00, 0x00, 0x00, 0x00, 0x00, 0x00, 0x00,
0x00, 0x00, 0x00, 0x00, 0x00, 0x00, 0x00, 0x00, 0x00, 0x00, 0x00, 0x00, 0x00, 0x00, 0x00, 0x00,
0x00, 0x00, 0x00, 0x00, 0x00, 0x00, 0x00, 0x00, 0x00, 0x00, 0x00, 0x00, 0x00, 0x00, 0x00, 0x00,
0x00, 0x00, 0x00, 0x00, 0x00, 0x00, 0x00, 0x00, 0x00, 0x00, 0x00, 0x00, 0x00, 0x00, 0x00, 0x00,
0x00, 0x00, 0x00, 0x00, 0x00, 0x00, 0x00, 0x00, 0x00, 0x00, 0x00, 0x00, 0x00, 0x00, 0x00, 0x00,
0x00, 0x00, 0x00, 0x00, 0x00, 0x00, 0x00, 0x00, 0x00, 0x00, 0x00, 0x00, 0x00, 0x00, 0x00, 0x00,
0x00, 0x00, 0x00, 0x00, 0x00, 0x00, 0x00, 0x00, 0x00, 0x00, 0x00, 0x00, 0x00, 0x00, 0x00, 0x00,
0x00, 0x00, 0x00, 0x00, 0x00, 0x00, 0x00, 0x00, 0x00, 0x00, 0x00, 0x00, 0x00, 0x00, 0x00, 0x00,
0x00, 0x00, 0x00, 0x00, 0x00, 0x00, 0x00, 0x00, 0x00, 0x00, 0x00, 0x00, 0x00, 0x00, 0x00, 0x00,
0x00, 0x00, 0x00, 0x00, 0x00, 0x00, 0x00, 0x00, 0x00, 0x00, 0x00, 0x00, 0x00, 0x00, 0x00, 0x00,
0x00, 0x00, 0x00, 0x00, 0x00, 0x00, 0x00, 0x00, 0x00, 0x00, 0x00, 0x00, 0x00, 0x00, 0x00, 0x00,
0x00, 0x00, 0x00, 0x00, 0x00, 0x00, 0x00, 0x00, 0x00, 0x00, 0x00, 0x00, 0x00, 0x00, 0x00, 0x00,
0x00, 0x00, 0x00, 0x00, 0x00, 0x00, 0x00, 0x00, 0x00, 0x00, 0x00, 0x00, 0x00, 0x00, 0x00, 0x00,
0x00, 0x00, 0x00, 0x00, 0x00, 0x00, 0x00, 0x00, 0x00, 0x00, 0x00, 0x00, 0x00, 0x00, 0x00, 0x00,
0x00, 0x00, 0x00, 0x00, 0x00, 0x00, 0x00, 0x00, 0x00, 0x00, 0x00, 0x00, 0x00, 0x00, 0x00, 0x00,
0x00, 0x00, 0x00, 0x00, 0x00, 0x00, 0x00, 0x00, 0x00, 0x00, 0x00, 0x00, 0x00, 0x00, 0x00, 0x00,
0x00, 0x00, 0x00, 0x00, 0x00, 0x00, 0x00, 0x00, 0x00, 0x00, 0x00, 0x00, 0x00, 0x00, 0x00, 0x00,
0x00, 0x00, 0x00, 0x00, 0x00, 0x00, 0x00, 0x00, 0x00, 0x00, 0x00, 0x00, 0x00, 0x00, 0x00, 0x00,
0x00, 0x00, 0x00, 0x00, 0x00, 0x00, 0x00, 0x00, 0x00, 0x00, 0x00, 0x00, 0x00, 0x00, 0x00, 0x00,
0x00, 0x00, 0x00, 0x00, 0x00, 0x00, 0x00, 0x00, 0x00, 0x00, 0x00, 0x00, 0x00, 0x00, 0x00, 0x00,
0x00, 0x00, 0x00, 0x00, 0x00, 0x00, 0x00, 0x00, 0x00, 0x00, 0x00, 0x00, 0x00, 0x00, 0x00, 0x00,
0x00, 0x00, 0x00, 0x00, 0x00, 0x00, 0x00, 0x00, 0x00, 0x00, 0x00, 0x00, 0x00, 0x00, 0x00, 0x00,
0x00, 0x00, 0x00, 0x00, 0x00, 0x00, 0x00, 0x00, 0x00, 0x00, 0x00, 0x00, 0x00, 0x00, 0x00, 0x00,
0x00, 0x00, 0x00, 0x00, 0x00, 0x00, 0x00, 0x00, 0x00, 0x00, 0x00, 0x00, 0x00, 0x00, 0x00, 0x00,
0x00, 0x00, 0x00, 0x00, 0x00, 0x00, 0x00, 0x00, 0x00, 0x00, 0x00, 0x00, 0x00, 0x00, 0x00, 0x00,
0x00, 0x00, 0x00, 0x00, 0x00, 0x00, 0x00, 0x00, 0x00, 0x00, 0x00, 0x00, 0x00, 0x00, 0x00, 0x00,
0x00, 0x00, 0x00, 0x00, 0x00, 0x00, 0x00, 0x00, 0x00, 0x00, 0x00, 0x00, 0x00, 0x00, 0x00, 0x00,
0x00, 0x00, 0x00, 0x00, 0x00, 0x00, 0x00, 0x00, 0x00, 0x00, 0x00, 0x00, 0x00, 0x00, 0x00, 0x00,
0x00, 0x00, 0x00, 0x00, 0x00, 0x00, 0x00, 0x00, 0x00, 0x00, 0x00, 0x00, 0x00, 0x00, 0x00, 0x00,
0x00, 0x00, 0x00, 0x00, 0x00, 0x00, 0x00, 0x00, 0x00, 0x00, 0x00, 0x00, 0x00, 0x00, 0x00, 0x00,
0x00, 0x00, 0x00, 0x00, 0x00, 0x00, 0x00, 0x00, 0x00, 0x00, 0x00, 0x00, 0x00, 0x00, 0x00, 0x00,
0x00, 0x00, 0x00, 0x00, 0x00, 0x00, 0x00, 0x00, 0x00, 0x00, 0x00, 0x00, 0x00, 0x00, 0x00, 0x00,
0x00, 0x00, 0x00, 0x00, 0x00, 0x00, 0x00, 0x00, 0x00, 0x00, 0x00, 0x00, 0x00, 0x00, 0x00, 0x00,
0x00, 0x00, 0x00, 0x00, 0x00, 0x00, 0x00, 0x00, 0x00, 0x00, 0x00, 0x00, 0x00, 0x00, 0x00, 0x00,
0x00, 0x00, 0x00, 0x00, 0x00, 0x00, 0x00, 0x00, 0x00, 0x00, 0x00, 0x00, 0x00, 0x00, 0x00, 0x00,
0x00, 0x00, 0x00, 0x00, 0x00, 0x00, 0x00, 0x00, 0x00, 0x00, 0x00, 0x00, 0x00, 0x00, 0x00, 0x00,
0x00, 0x00, 0x00, 0x00, 0x00, 0x00, 0x00, 0x00, 0x00, 0x00, 0x00, 0x00, 0x00, 0x00, 0x00, 0x00,
0x00, 0x00, 0x00, 0x00, 0x00, 0x00, 0x00, 0x00, 0x00, 0x00, 0x00, 0x00, 0x00, 0x00, 0x00, 0x00,
0x00, 0x00, 0x00, 0x00, 0x00, 0x00, 0x00, 0x00, 0x00, 0x00, 0x00, 0x00, 0x00, 0x00, 0x00, 0x00,
0x00, 0x00, 0x00, 0x00, 0x00, 0x00, 0x00, 0x00, 0x00, 0x00, 0x00, 0x00, 0x00, 0x00, 0x00, 0x00,
0x00, 0x00, 0x00, 0x00, 0x00, 0x00, 0x00, 0x00, 0x00, 0x00, 0x00, 0x00, 0x00, 0x00, 0x00, 0x00,
0x00, 0x00, 0x00, 0x00, 0x00, 0x00, 0x00, 0x00, 0x00, 0x00, 0x00, 0x00, 0x00, 0x00, 0x00, 0x00,
0x00, 0x00, 0x00, 0x00, 0x00, 0x00, 0x00, 0x00, 0x00, 0x00, 0x00, 0x00, 0x00, 0x00, 0x00, 0x00,
0x00, 0x00, 0x00, 0x00, 0x00, 0x00, 0x00, 0x00, 0x00, 0x00, 0x00, 0x00, 0x00, 0x00, 0x00, 0x00,
0x00, 0x00, 0x00, 0x00, 0x00, 0x00, 0x00, 0x00, 0x00, 0x00, 0x00, 0x00, 0x00, 0x00, 0x00, 0x00,
0x00, 0x00, 0x00, 0x00, 0x00, 0x00, 0x00, 0x00, 0x00, 0x00, 0x00, 0x00, 0x00, 0x00, 0x00, 0x00,
0x00, 0x00, 0x00, 0x00, 0x00, 0x00, 0x00, 0x00, 0x00, 0x00, 0x00, 0x00, 0x00, 0x00, 0x00, 0x00,
0x00, 0x00, 0x00, 0x00, 0x00, 0x00, 0x00, 0x00, 0x00, 0x00, 0x00, 0x00, 0x00, 0x00, 0x00, 0x00,
0x00, 0x00, 0x00, 0x00, 0x00, 0x00, 0x00, 0x00, 0x00, 0x00, 0x00, 0x00, 0x00, 0x00, 0x00, 0x00,
0x00, 0x00, 0x00, 0x00, 0x00, 0x00, 0x00, 0x00, 0x00, 0x00, 0x00, 0x00, 0x00, 0x00, 0x00, 0x00,
0x00, 0x00, 0x00, 0x00, 0x00, 0x00, 0x00, 0x00, 0x00, 0x00, 0x00, 0x00, 0x00, 0x00, 0x00, 0x00,
0x00, 0x00, 0x00, 0x00, 0x00, 0x00, 0x00, 0x00, 0x00, 0x00, 0x00, 0x00, 0x00, 0x00, 0x00, 0x00,
0x00, 0x00, 0x00, 0x00, 0x00, 0x00, 0x00, 0x00, 0x00, 0x00, 0x00, 0x00, 0x00, 0x00, 0x00, 0x00,
0x00, 0x00, 0x00, 0x00, 0x00, 0x00, 0x00, 0x00, 0x00, 0x00, 0x00, 0x00, 0x00, 0x00, 0x00, 0x00,
0x00, 0x00, 0x00, 0x00, 0x00, 0x00, 0x00, 0x00, 0x00, 0x00, 0x00, 0x00, 0x00, 0x00, 0x00, 0x00,
0x00, 0x00, 0x00, 0x00, 0x00, 0x00, 0x00, 0x00, 0x00, 0x00, 0x00, 0x00, 0x00, 0x00, 0x00, 0x00,
0x00, 0x00, 0x00, 0x00, 0x00, 0x00, 0x00, 0x00, 0x00, 0x00, 0x00, 0x00, 0x00, 0x00, 0x00, 0x00,
0x00, 0x00, 0x00, 0x00, 0x00, 0x00, 0x00, 0x00, 0x00, 0x00, 0x00, 0x00, 0x00, 0x00, 0x00, 0x00,
0x00, 0x00, 0x00, 0x00, 0x00, 0x00, 0x00, 0x00, 0x00, 0x00, 0x00, 0x00, 0x00, 0x00, 0x00, 0x00,
0x00, 0x00, 0x00, 0x00, 0x00, 0x00, 0x00, 0x00, 0x00, 0x00, 0x00, 0x00, 0x00, 0x00, 0x00, 0x00,
0x00, 0x00, 0x00, 0x00, 0x00, 0x00, 0x00, 0x00, 0x00, 0x00, 0x00, 0x00, 0x00, 0x00, 0x00, 0x00,
0x00, 0x00, 0x00, 0x00, 0x00, 0x00, 0x00, 0x00, 0x00, 0x00, 0x00, 0x00, 0x00, 0x00, 0x00, 0x00,
0x00, 0x00, 0x00, 0x00, 0x00, 0x00, 0x00, 0x00, 0x00, 0x00, 0x00, 0x00, 0x00, 0x00, 0x00, 0x00,
0x00, 0x00, 0x00, 0x00, 0x00, 0x00, 0x00, 0x00, 0x00, 0x00, 0x00, 0x00, 0x00, 0x00, 0x00, 0x00,
0x00, 0x00, 0x00, 0x00, 0x00, 0x00, 0x00, 0x00, 0x00, 0x00, 0x00, 0x00, 0x00, 0x00, 0x00, 0x00,
0x00, 0x00, 0x00, 0x00, 0x00, 0x00, 0x00, 0x00, 0x00, 0x00, 0x00, 0x00, 0x00, 0x00, 0x00, 0x00,
0x00, 0x00, 0x00, 0x00, 0x00, 0x00, 0x00, 0x00, 0x00, 0x00, 0x00, 0x00, 0x00, 0x00, 0x00, 0x00,
0x00, 0x00, 0x00, 0x00, 0x00, 0x00, 0x00, 0x00, 0x00, 0x00, 0x00, 0x00, 0x00, 0x00, 0x00, 0x00,
0x00, 0x00, 0x00, 0x00, 0x00, 0x00, 0x00, 0x00, 0x00, 0x00, 0x00, 0x00, 0x00, 0x00, 0x00, 0x00,
0x00, 0x00, 0x00, 0x00, 0x00, 0x00, 0x00, 0x00, 0x00, 0x00, 0x00, 0x00, 0x00, 0x00, 0x00, 0x00,
0x00, 0x00, 0x00, 0x00, 0x00, 0x00, 0x00, 0x00, 0x00, 0x00, 0x00, 0x00, 0x00, 0x00, 0x00, 0x00,
0x00, 0x00, 0x00, 0x00, 0x00, 0x00, 0x00, 0x00, 0x00, 0x00, 0x00, 0x00, 0x00, 0x00, 0x00, 0x00,
0x00, 0x00, 0x00, 0x00, 0x00, 0x00, 0x00, 0x00, 0x00, 0x00, 0x00, 0x00, 0x00, 0x00, 0x00, 0x00,
0x00, 0x00, 0x00, 0x00, 0x00, 0x00, 0x00, 0x00, 0x00, 0x00, 0x00, 0x00, 0x00, 0x00, 0x00, 0x00,
0x00, 0x00, 0x00, 0x00, 0x00, 0x00, 0x00, 0x00, 0x00, 0x00, 0x00, 0x00, 0x00, 0x00, 0x00, 0x00,
0x00, 0x00, 0x00, 0x00, 0x00, 0x00, 0x00, 0x00, 0x00, 0x00, 0x00, 0x00, 0x00, 0x00, 0x00, 0x00,
0x00, 0x00, 0x00, 0x00, 0x00, 0x00, 0x00, 0x00, 0x00, 0x00, 0x00, 0x00, 0x00, 0x00, 0x00, 0x00,
0x00, 0x00, 0x00, 0x00, 0x00, 0x00, 0x00, 0x00, 0x00, 0x00, 0x00, 0x00, 0x00, 0x00, 0x00, 0x00,
0x00, 0x00, 0x00, 0x00, 0x00, 0x00, 0x00, 0x00, 0x00, 0x00, 0x00, 0x00, 0x00, 0x00, 0x00, 0x00,
0x00, 0x00, 0x00, 0x00, 0x00, 0x00, 0x00, 0x00, 0x00, 0x00, 0x00, 0x00, 0x00, 0x00, 0x00, 0x00,
0x00, 0x00, 0x00, 0x00, 0x00, 0x00, 0x00, 0x00, 0x00, 0x00, 0x00, 0x00, 0x00, 0x00, 0x00, 0x00,
0x00, 0x00, 0x00, 0x00, 0x00, 0x00, 0x00, 0x00, 0x00, 0x00, 0x00, 0x00, 0x00, 0x00, 0x00, 0x00,
0x00, 0x00, 0x00, 0x00, 0x00, 0x00, 0x00, 0x00, 0x00, 0x00, 0x00, 0x00, 0x00, 0x00, 0x00, 0x00,
0x00, 0x00, 0x00, 0x00, 0x00, 0x00, 0x00, 0x00, 0x00, 0x00, 0x00, 0x00, 0x00, 0x00, 0x00, 0x00,
0x00, 0x00, 0x00, 0x00, 0x00, 0x00, 0x00, 0x00, 0x00, 0x00, 0x00, 0x00, 0x00, 0x00, 0x00, 0x00,
0x00, 0x00, 0x00, 0x00, 0x00, 0x00, 0x00, 0x00, 0x00, 0x00, 0x00, 0x00, 0x00, 0x00, 0x00, 0x00,
0x00, 0x00, 0x00, 0x00, 0x00, 0x00, 0x00, 0x00, 0x00, 0x00, 0x00, 0x00, 0x00, 0x00, 0x00, 0x00,
0x00, 0x00, 0x00, 0x00, 0x00, 0x00, 0x00, 0x00, 0x00, 0x00, 0x00, 0x00, 0x00, 0x00, 0x00, 0x00,
0x00, 0x00, 0x00, 0x00, 0x00, 0x00, 0x00, 0x00, 0x00, 0x00, 0x00, 0x00, 0x00, 0x00, 0x00, 0x00,
0x00, 0x00, 0x00, 0x00, 0x00, 0x00, 0x00, 0x00, 0x00, 0x00, 0x00, 0x00, 0x00, 0x00, 0x00, 0x00,
0x00, 0x00, 0x00, 0x00, 0x00, 0x00, 0x00, 0x00, 0x00, 0x00, 0x00, 0x00, 0x00, 0x00, 0x00, 0x00,
0x00, 0x00, 0x00, 0x00, 0x00, 0x00, 0x00, 0x00, 0x00, 0x00, 0x00, 0x00, 0x00, 0x00, 0x00, 0x00,
0x00, 0x00, 0x00, 0x00, 0x00, 0x00, 0x00, 0x00, 0x00, 0x00, 0x00, 0x00, 0x00, 0x00, 0x00, 0x00,
0x00, 0x00, 0x00, 0x00, 0x00, 0x00, 0x00, 0x00, 0x00, 0x00, 0x00, 0x00, 0x00, 0x00, 0x00, 0x00,
0x00, 0x00, 0x00, 0x00, 0x00, 0x00, 0x00, 0x00, 0x00, 0x00, 0x00, 0x00, 0x00, 0x00, 0x00, 0x00,
0x00, 0x00, 0x00, 0x00, 0x00, 0x00, 0x00, 0x00, 0x00, 0x00, 0x00, 0x00, 0x00, 0x00, 0x00, 0x00,
0x00, 0x00, 0x00, 0x00, 0x00, 0x00, 0x00, 0x00, 0x00, 0x00, 0x00, 0x00, 0x00, 0x00, 0x00, 0x00,
0x00, 0x00, 0x00, 0x00, 0x00, 0x00, 0x00, 0x00, 0x00, 0x00, 0x00, 0x00, 0x00, 0x00, 0x00, 0x00,
0x00, 0x00, 0x00, 0x00, 0x00, 0x00, 0x00, 0x00, 0x00, 0x00, 0x00, 0x00, 0x00, 0x00, 0x00, 0x00,
0x00, 0x00, 0x00, 0x00, 0x00, 0x00, 0x00, 0x00, 0x00, 0x00, 0x00, 0x00, 0x00, 0x00, 0x00, 0x00,
0x00, 0x00, 0x00, 0x00, 0x00, 0x00, 0x00, 0x00, 0x00, 0x00, 0x00, 0x00, 0x00, 0x00, 0x00, 0x00,
0x00, 0x00, 0x00, 0x00, 0x00, 0x00, 0x00, 0x00, 0x00, 0x00, 0x00, 0x00, 0x00, 0x00, 0x00, 0x00,
0x00, 0x00, 0x00, 0x00, 0x00, 0x00, 0x00, 0x00, 0x00, 0x00, 0x00, 0x00, 0x00, 0x00, 0x00, 0x00,
0x00, 0x00, 0x00, 0x00, 0x00, 0x00, 0x00, 0x00, 0x00, 0x00, 0x00, 0x00, 0x00, 0x00, 0x00, 0x00,
0x00, 0x00, 0x00, 0x00, 0x00, 0x00, 0x00, 0x00, 0x00, 0x00, 0x00, 0x00, 0x00, 0x00, 0x00, 0x00,
0x00, 0x00, 0x00, 0x00, 0x00, 0x00, 0x00, 0x00, 0x00, 0x00, 0x00, 0x00, 0x00, 0x00, 0x00, 0x00,
0x00, 0x00, 0x00, 0x00, 0x00, 0x00, 0x00, 0x00, 0x00, 0x00, 0x00, 0x00, 0x00, 0x00, 0x00, 0x00,
0x00, 0x00, 0x00, 0x00, 0x00, 0x00, 0x00, 0x00, 0x00, 0x00, 0x00, 0x00, 0x00, 0x00, 0x00, 0x00,
0x00, 0x00, 0x00, 0x00, 0x00, 0x00, 0x00, 0x00, 0x00, 0x00, 0x00, 0x00, 0x00, 0x00, 0x00, 0x00,
0x00, 0x00, 0x00, 0x00, 0x00, 0x00, 0x00, 0x00, 0x00, 0x00, 0x00, 0x00, 0x00, 0x00, 0x00, 0x00,
0x00, 0x00, 0x00, 0x00, 0x00, 0x00, 0x00, 0x00, 0x00, 0x00, 0x00, 0x00, 0x00, 0x00, 0x00, 0x00,
0x00, 0x00, 0x00, 0x00, 0x00, 0x00, 0x00, 0x00, 0x00, 0x00, 0x00, 0x00, 0x00, 0x00, 0x00, 0x00,
0x00, 0x00, 0x00, 0x00, 0x00, 0x00, 0x00, 0x00, 0x00, 0x00, 0x00, 0x00, 0x00, 0x00, 0x00, 0x00,
0x00, 0x00, 0x00, 0x00, 0x00, 0x00, 0x00, 0x00, 0x00, 0x00, 0x00, 0x00, 0x00, 0x00, 0x00, 0x00,
0x00, 0x00, 0x00, 0x00, 0x00, 0x00, 0x00, 0x00, 0x00, 0x00, 0x00, 0x00, 0x00, 0x00, 0x00, 0x00,
0x00, 0x00, 0x00, 0x00, 0x00, 0x00, 0x00, 0x00, 0x00, 0x00, 0x00, 0x00, 0x00, 0x00, 0x00, 0x00,
0x00, 0x00, 0x00, 0x00, 0x00, 0x00, 0x00, 0x00, 0x00, 0x00, 0x00, 0x00, 0x00, 0x00, 0x00, 0x00,
0x00, 0x00, 0x00, 0x00, 0x00, 0x00, 0x00, 0x00, 0x00, 0x00, 0x00, 0x00, 0x00, 0x00, 0x00, 0x00,
0x00, 0x00, 0x00, 0x00, 0x00, 0x00, 0x00, 0x00, 0x00, 0x00, 0x00, 0x00, 0x00, 0x00, 0x00, 0x00,
0x00, 0x00, 0x00, 0x00, 0x00, 0x00, 0x00, 0x00, 0x00, 0x00, 0x00, 0x00, 0x00, 0x00, 0x00, 0x00,
0x00, 0x00, 0x00, 0x00, 0x00, 0x00, 0x00, 0x00, 0x00, 0x00, 0x00, 0x00, 0x00, 0x00, 0x00, 0x00,
0x00, 0x00, 0x00, 0x00, 0x00, 0x00, 0x00, 0x00, 0x00, 0x00, 0x00, 0x00, 0x00, 0x00, 0x00, 0x00,
0x00, 0x00, 0x00, 0x00, 0x00, 0x00, 0x00, 0x00, 0x00, 0x00, 0x00, 0x00, 0x00, 0x00, 0x00, 0x00,
0x00, 0x00, 0x00, 0x00, 0x00, 0x00, 0x00, 0x00, 0x00, 0x00, 0x00, 0x00, 0x00, 0x00, 0x00, 0x00,
0x00, 0x00, 0x00, 0x00, 0x00, 0x00, 0x00, 0x00, 0x00, 0x00, 0x00, 0x00, 0x00, 0x00, 0x00, 0x00,
0x00, 0x00, 0x00, 0x00, 0x00, 0x00, 0x00, 0x00, 0x00, 0x00, 0x00, 0x00, 0x00, 0x00, 0x00, 0x00,
0x00, 0x00, 0x00, 0x00, 0x00, 0x00, 0x00, 0x00, 0x00, 0x00, 0x00, 0x00, 0x00, 0x00, 0x00, 0x00,
0x00, 0x00, 0x00, 0x00, 0x00, 0x00, 0x00, 0x00, 0x00, 0x00, 0x00, 0x00, 0x00, 0x00, 0x00, 0x00,
0x00, 0x00, 0x00, 0x00, 0x00, 0x00, 0x00, 0x00, 0x00, 0x00, 0x00, 0x00, 0x00, 0x00, 0x00, 0x00,
0x00, 0x00, 0x00, 0x00, 0x00, 0x00, 0x00, 0x00, 0x00, 0x00, 0x00, 0x00, 0x00, 0x00, 0x00, 0x00,
0x00, 0x00, 0x00, 0x00, 0x00, 0x00, 0x00, 0x00, 0x00, 0x00, 0x00, 0x00, 0x00, 0x00, 0x00, 0x00,
0x00, 0x00, 0x00, 0x00, 0x00, 0x00, 0x00, 0x00, 0x00, 0x00, 0x00, 0x00, 0x00, 0x00, 0x00, 0x00,
0x00, 0x00, 0x00, 0x00, 0x00, 0x00, 0x00, 0x00, 0x00, 0x00, 0x00, 0x00, 0x00, 0x00, 0x00, 0x00,
0x00, 0x00, 0x00, 0x00, 0x00, 0x00, 0x00, 0x00, 0x00, 0x00, 0x00, 0x00, 0x00, 0x00, 0x00, 0x00,
0x00, 0x00, 0x00, 0x00, 0x00, 0x00, 0x00, 0x00, 0x00, 0x00, 0x00, 0x00, 0x00, 0x00, 0x00, 0x00,
0x00, 0x00, 0x00, 0x00, 0x00, 0x00, 0x00, 0x00, 0x00, 0x00, 0x00, 0x00, 0x00, 0x00, 0x00, 0x00,
0x00, 0x00, 0x00, 0x00, 0x00, 0x00, 0x00, 0x00, 0x00, 0x00, 0x00, 0x00, 0x00, 0x00, 0x00, 0x00,
0x00, 0x00, 0x00, 0x00, 0x00, 0x00, 0x00, 0x00, 0x00, 0x00, 0x00, 0x00, 0x00, 0x00, 0x00, 0x00,
0x00, 0x00, 0x00, 0x00, 0x00, 0x00, 0x00, 0x00, 0x00, 0x00, 0x00, 0x00, 0x00, 0x00, 0x00, 0x00,
0x00, 0x00, 0x00, 0x00, 0x00, 0x00, 0x00, 0x00, 0x00, 0x00, 0x00, 0x00, 0x00, 0x00, 0x00, 0x00,
0x00, 0x00, 0x00, 0x00, 0x00, 0x00, 0x00, 0x00, 0x00, 0x00, 0x00, 0x00, 0x00, 0x00, 0x00, 0x00,
0x00, 0x00, 0x00, 0x00, 0x00, 0x00, 0x00, 0x00, 0x00, 0x00, 0x00, 0x00, 0x00, 0x00, 0x00, 0x00,
0x00, 0x00, 0x00, 0x00, 0x00, 0x00, 0x00, 0x00, 0x00, 0x00, 0x00, 0x00, 0x00, 0x00, 0x00, 0x00,
0x00, 0x00, 0x00, 0x00, 0x00, 0x00, 0x00, 0x00, 0x00, 0x00, 0x00, 0x00, 0x00, 0x00, 0x00, 0x00,
0x00, 0x00, 0x00, 0x00, 0x00, 0x00, 0x00, 0x00, 0x00, 0x00, 0x00, 0x00, 0x00, 0x00, 0x00, 0x00,
0x00, 0x00, 0x00, 0x00, 0x00, 0x00, 0x00, 0x00, 0x00, 0x00, 0x00, 0x00, 0x00, 0x00, 0x00, 0x00,
0x00, 0x00, 0x00, 0x00, 0x00, 0x00, 0x00, 0x00, 0x00, 0x00, 0x00, 0x00, 0x00, 0x00, 0x00, 0x00,
0x00, 0x00, 0x00, 0x00, 0x00, 0x00, 0x00, 0x00, 0x00, 0x00, 0x00, 0x00, 0x00, 0x00, 0x00, 0x00,
0x00, 0x00, 0x00, 0x00, 0x00, 0x00, 0x00, 0x00, 0x00, 0x00, 0x00, 0x00, 0x00, 0x00, 0x00, 0x00,
0x00, 0x00, 0x00, 0x00, 0x00, 0x00, 0x00, 0x00, 0x00, 0x00, 0x00, 0x00, 0x00, 0x00, 0x00, 0x00,
0x00, 0x00, 0x00, 0x00, 0x00, 0x00, 0x00, 0x00, 0x00, 0x00, 0x00, 0x00, 0x00, 0x00, 0x00, 0x00,
0x00, 0x00, 0x00, 0x00, 0x00, 0x00, 0x00, 0x00, 0x00, 0x00, 0x00, 0x00, 0x00, 0x00, 0x00, 0x00,
0x00, 0x00, 0x00, 0x00, 0x00, 0x00, 0x00, 0x00, 0x00, 0x00, 0x00, 0x00, 0x00, 0x00, 0x00, 0x00,
0x00, 0x00, 0x00, 0x00, 0x00, 0x00, 0x00, 0x00, 0x00, 0x00, 0x00, 0x00, 0x00, 0x00, 0x00, 0x00,
0x00, 0x00, 0x00, 0x00, 0x00, 0x00, 0x00, 0x00, 0x00, 0x00, 0x00, 0x00, 0x00, 0x00, 0x00, 0x00,
0x00, 0x00, 0x00, 0x00, 0x00, 0x00, 0x00, 0x00, 0x00, 0x00, 0x00, 0x00, 0x00, 0x00, 0x00, 0x00,
0x00, 0x00, 0x00, 0x00, 0x00, 0x00, 0x00, 0x00, 0x00, 0x00, 0x00, 0x00, 0x00, 0x00, 0x00, 0x00,
0x00, 0x00, 0x00, 0x00, 0x00, 0x00, 0x00, 0x00, 0x00, 0x00, 0x00, 0x00, 0x00, 0x00, 0x00, 0x00,
0x00, 0x00, 0x00, 0x00, 0x00, 0x00, 0x00, 0x00, 0x00, 0x00, 0x00, 0x00, 0x00, 0x00, 0x00, 0x00,
0x00, 0x00, 0x00, 0x00, 0x00, 0x00, 0x00, 0x00, 0x00, 0x00, 0x00, 0x00, 0x00, 0x00, 0x00, 0x00,
0x00, 0x00, 0x00, 0x00, 0x00, 0x00, 0x00, 0x00, 0x00, 0x00, 0x00, 0x00, 0x00, 0x00, 0x00, 0x00,
0x00, 0x00, 0x00, 0x00, 0x00, 0x00, 0x00, 0x00, 0x00, 0x00, 0x00, 0x00, 0x00, 0x00, 0x00, 0x00,
0x00, 0x00, 0x00, 0x00, 0x00, 0x00, 0x00, 0x00, 0x00, 0x00, 0x00, 0x00, 0x00, 0x00, 0x00, 0x00,
0x00, 0x00, 0x00, 0x00, 0x00, 0x00, 0x00, 0x00, 0x00, 0x00, 0x00, 0x00, 0x00, 0x00, 0x00, 0x00,
0x00, 0x00, 0x00, 0x00, 0x00, 0x00, 0x00, 0x00, 0x00, 0x00, 0x00, 0x00, 0x00, 0x00, 0x00, 0x00,
0x00, 0x00, 0x00, 0x00, 0x00, 0x00, 0x00, 0x00, 0x00, 0x00, 0x00, 0x00, 0x00, 0x00, 0x00, 0x00,
0x00, 0x00, 0x00, 0x00, 0x00, 0x00, 0x00, 0x00, 0x00, 0x00, 0x00, 0x00, 0x00, 0x00, 0x00, 0x00,
0x00, 0x00, 0x00, 0x00, 0x00, 0x00, 0x00, 0x00, 0x00, 0x00, 0x00, 0x00, 0x00, 0x00, 0x00, 0x00,
0x00, 0x00, 0x00, 0x00, 0x00, 0x00, 0x00, 0x00, 0x00, 0x00, 0x00, 0x00, 0x00, 0x00, 0x00, 0x00,
0x00, 0x00, 0x00, 0x00, 0x00, 0x00, 0x00, 0x00, 0x00, 0x00, 0x00, 0x00, 0x00, 0x00, 0x00, 0x00,
0x00, 0x00, 0x00, 0x00, 0x00, 0x00, 0x00, 0x00, 0x00, 0x00, 0x00, 0x00, 0x00, 0x00, 0x00, 0x00,
0x00, 0x00, 0x00, 0x00, 0x00, 0x00, 0x00, 0x00, 0x00, 0x00, 0x00, 0x00, 0x00, 0x00, 0x00, 0x00,
0x00, 0x00, 0x00, 0x00, 0x00, 0x00, 0x00, 0x00, 0x00, 0x00, 0x00, 0x00, 0x00, 0x00, 0x00, 0x00,
0x00, 0x00, 0x00, 0x00, 0x00, 0x00, 0x00, 0x00, 0x00, 0x00, 0x00, 0x00, 0x00, 0x00, 0x00, 0x00,
0x00, 0x00, 0x00, 0x00, 0x00, 0x00, 0x00, 0x00, 0x00, 0x00, 0x00, 0x00, 0x00, 0x00, 0x00, 0x00,
0x00, 0x00, 0x00, 0x00, 0x00, 0x00, 0x00, 0x00, 0x00, 0x00, 0x00, 0x00, 0x00, 0x00, 0x00, 0x00,
0x00, 0x00, 0x00, 0x00, 0x00, 0x00, 0x00, 0x00, 0x00, 0x00, 0x00, 0x00, 0x00, 0x00, 0x00, 0x00,
0x00, 0x00, 0x00, 0x00, 0x00, 0x00, 0x00, 0x00, 0x00, 0x00, 0x00, 0x00, 0x00, 0x00, 0x00, 0x00,
0x00, 0x00, 0x00, 0x00, 0x00, 0x00, 0x00, 0x00, 0x00, 0x00, 0x00, 0x00, 0x00, 0x00, 0x00, 0x00,
0x00, 0x00, 0x00, 0x00, 0x00, 0x00, 0x00, 0x00, 0x00, 0x00, 0x00, 0x00, 0x00, 0x00, 0x00, 0x00,
0x00, 0x00, 0x00, 0x00, 0x00, 0x00, 0x00, 0x00, 0x00, 0x00, 0x00, 0x00, 0x00, 0x00, 0x00, 0x00,
0x00, 0x00, 0x00, 0x00, 0x00, 0x00, 0x00, 0x00, 0x00, 0x00, 0x00, 0x00, 0x00, 0x00, 0x00, 0x00,
0x00, 0x00, 0x00, 0x00, 0x00, 0x00, 0x00, 0x00, 0x00, 0x00, 0x00, 0x00, 0x00, 0x00, 0x00, 0x00,
0x00, 0x00, 0x00, 0x00, 0x00, 0x00, 0x00, 0x00, 0x00, 0x00, 0x00, 0x00, 0x00, 0x00, 0x00, 0x00,
0x00, 0x00, 0x00, 0x00, 0x00, 0x00, 0x00, 0x00, 0x00, 0x00, 0x00, 0x00, 0x00, 0x00, 0x00, 0x00,
0x00, 0x00, 0x00, 0x00, 0x00, 0x00, 0x00, 0x00, 0x00, 0x00, 0x00, 0x00, 0x00, 0x00, 0x00, 0x00,
0x00, 0x00, 0x00, 0x00, 0x00, 0x00, 0x00, 0x00, 0x00, 0x00, 0x00, 0x00, 0x00, 0x00, 0x00, 0x00,
0x00, 0x00, 0x00, 0x00, 0x00, 0x00, 0x00, 0x00, 0x00, 0x00, 0x00, 0x00, 0x00, 0x00, 0x00, 0x00,
0x00, 0x00, 0x00, 0x00, 0x00, 0x00, 0x00, 0x00, 0x00, 0x00, 0x00, 0x00, 0x00, 0x00, 0x00, 0x00,
0x00, 0x00, 0x00, 0x00, 0x00, 0x00, 0x00, 0x00, 0x00, 0x00, 0x00, 0x00, 0x00, 0x00, 0x00, 0x00,
0x00, 0x00, 0x00, 0x00, 0x00, 0x00, 0x00, 0x00, 0x00, 0x00, 0x00, 0x00, 0x00, 0x00, 0x00, 0x00,
0x00, 0x00, 0x00, 0x00, 0x00, 0x00, 0x00, 0x00, 0x00, 0x00, 0x00, 0x00, 0x00, 0x00, 0x00, 0x00,
0x00, 0x00, 0x00, 0x00, 0x00, 0x00, 0x00, 0x00, 0x00, 0x00, 0x00, 0x00, 0x00, 0x00, 0x00, 0x00,
0x00, 0x00, 0x00, 0x00, 0x00, 0x00, 0x00, 0x00, 0x00, 0x00, 0x00, 0x00, 0x00, 0x00, 0x00, 0x00,
0x00, 0x00, 0x00, 0x00, 0x00, 0x00, 0x00, 0x00, 0x00, 0x00, 0x00, 0x00, 0x00, 0x00, 0x00, 0x00,
0x00, 0x00, 0x00, 0x00, 0x00, 0x00, 0x00, 0x00, 0x00, 0x00, 0x00, 0x00, 0x00, 0x00, 0x00, 0x00,
0x00, 0x00, 0x00, 0x00, 0x00, 0x00, 0x00, 0x00, 0x00, 0x00, 0x00, 0x00, 0x00, 0x00, 0x00, 0x00,
0x00, 0x00, 0x00, 0x00, 0x00, 0x00, 0x00, 0x00, 0x00, 0x00, 0x00, 0x00, 0x00, 0x00, 0x00, 0x00,
0x00, 0x00, 0x00, 0x00, 0x00, 0x00, 0x00, 0x00, 0x00, 0x00, 0x00, 0x00, 0x00, 0x00, 0x00, 0x00,
0x00, 0x00, 0x00, 0x00, 0x00, 0x00, 0x00, 0x00, 0x00, 0x00, 0x00, 0x00, 0x00, 0x00, 0x00, 0x00,
0x00, 0x00, 0x00, 0x00, 0x00, 0x00, 0x00, 0x00, 0x00, 0x00, 0x00, 0x00, 0x00, 0x00, 0x00, 0x00,
0x00, 0x00, 0x00, 0x00, 0x00, 0x00, 0x00, 0x00, 0x00, 0x00, 0x00, 0x00, 0x00, 0x00, 0x00, 0x00,
0x00, 0x00, 0x00, 0x00, 0x00, 0x00, 0x00, 0x00, 0x00, 0x00, 0x00, 0x00, 0x00, 0x00, 0x00, 0x00,
0x00, 0x00, 0x00, 0x00, 0x00, 0x00, 0x00, 0x00, 0x00, 0x00, 0x00, 0x00, 0x00, 0x00, 0x00, 0x00,
0x00, 0x00, 0x00, 0x00, 0x00, 0x00, 0x00, 0x00, 0x00, 0x00, 0x00, 0x00, 0x00, 0x00, 0x00, 0x00,
0x00, 0x00, 0x00, 0x00, 0x00, 0x00, 0x00, 0x00, 0x00, 0x00, 0x00, 0x00, 0x00, 0x00, 0x00, 0x00,
0x00, 0x00, 0x00, 0x00, 0x00, 0x00, 0x00, 0x00, 0x00, 0x00, 0x00, 0x00, 0x00, 0x00, 0x00, 0x00,
0x00, 0x00, 0x00, 0x00, 0x00, 0x00, 0x00, 0x00, 0x00, 0x00, 0x00, 0x00, 0x00, 0x00, 0x00, 0x00,
0x00, 0x00, 0x00, 0x00, 0x00, 0x00, 0x00, 0x00, 0x00, 0x00, 0x00, 0x00, 0x00, 0x00, 0x00, 0x00,
0x00, 0x00, 0x00, 0x00, 0x00, 0x00, 0x00, 0x00, 0x00, 0x00, 0x00, 0x00, 0x00, 0x00, 0x00, 0x00,
0x00, 0x00, 0x00, 0x00, 0x00, 0x00, 0x00, 0x00, 0x00, 0x00, 0x00, 0x00, 0x00, 0x00, 0x00, 0x00,
0x00, 0x00, 0x00, 0x00, 0x00, 0x00, 0x00, 0x00, 0x00, 0x00, 0x00, 0x00, 0x00, 0x00, 0x00, 0x00,
0x00, 0x00, 0x00, 0x00, 0x00, 0x00, 0x00, 0x00, 0x00, 0x00, 0x00, 0x00, 0x00, 0x00, 0x00, 0x00,
0x00, 0x00, 0x00, 0x00, 0x00, 0x00, 0x00, 0x00, 0x00, 0x00, 0x00, 0x00, 0x00, 0x00, 0x00, 0x00,
0x00, 0x00, 0x00, 0x00, 0x00, 0x00, 0x00, 0x00, 0x00, 0x00, 0x00, 0x00, 0x00, 0x00, 0x00, 0x00,
0x00, 0x00, 0x00, 0x00, 0x00, 0x00, 0x00, 0x00, 0x00, 0x00, 0x00, 0x00, 0x00, 0x00, 0x00, 0x00,
0x00, 0x00, 0x00, 0x00, 0x00, 0x00, 0x00, 0x00, 0x00, 0x00, 0x00, 0x00, 0x00, 0x00, 0x00, 0x00,
0x00, 0x00, 0x00, 0x00, 0x00, 0x00, 0x00, 0x00, 0x00, 0x00, 0x00, 0x00, 0x00, 0x00, 0x00, 0x00,
0x00, 0x00, 0x00, 0x00, 0x00, 0x00, 0x00, 0x00, 0x00, 0x00, 0x00, 0x00, 0x00, 0x00, 0x00, 0x00,
0x00, 0x00, 0x00, 0x00, 0x00, 0x00, 0x00, 0x00, 0x00, 0x00, 0x00, 0x00, 0x00, 0x00, 0x00, 0x00,
0x00, 0x00, 0x00, 0x00, 0x00, 0x00, 0x00, 0x00, 0x00, 0x00, 0x00, 0x00, 0x00, 0x00, 0x00, 0x00,
0x00, 0x00, 0x00, 0x00, 0x00, 0x00, 0x00, 0x00, 0x00, 0x00, 0x00, 0x00, 0x00, 0x00, 0x00, 0x00,
0x00, 0x00, 0x00, 0x00, 0x00, 0x00, 0x00, 0x00, 0x00, 0x00, 0x00, 0x00, 0x00, 0x00, 0x00, 0x00,
0x00, 0x00, 0x00, 0x00, 0x00, 0x00, 0x00, 0x00, 0x00, 0x00, 0x00, 0x00, 0x00, 0x00, 0x00, 0x00,
0x00, 0x00, 0x00, 0x00, 0x00, 0x00, 0x00, 0x00, 0x00, 0x00, 0x00, 0x00, 0x00, 0x00, 0x00, 0x00,
0x00, 0x00, 0x00, 0x00, 0x00, 0x00, 0x00, 0x00, 0x00, 0x00, 0x00, 0x00, 0x00, 0x00, 0x00, 0x00,
0x00, 0x00, 0x00, 0x00, 0x00, 0x00, 0x00, 0x00, 0x00, 0x00, 0x00, 0x00, 0x00, 0x00, 0x00, 0x00,
0x00, 0x00, 0x00, 0x00, 0x00, 0x00, 0x00, 0x00, 0x00, 0x00, 0x00, 0x00, 0x00, 0x00, 0x00, 0x00,
0x00, 0x00, 0x00, 0x00, 0x00, 0x00, 0x00, 0x00, 0x00, 0x00, 0x00, 0x00, 0x00, 0x00, 0x00, 0x00,
0x00, 0x00, 0x00, 0x00, 0x00, 0x00, 0x00, 0x00, 0x00, 0x00, 0x00, 0x00, 0x00, 0x00, 0x00, 0x00,
0x00, 0x00, 0x00, 0x00, 0x00, 0x00, 0x00, 0x00, 0x00, 0x00, 0x00, 0x00, 0x00, 0x00, 0x00, 0x00,
0x00, 0x00, 0x00, 0x00, 0x00, 0x00, 0x00, 0x00, 0x00, 0x00, 0x00, 0x00, 0x00, 0x00, 0x00, 0x00,
0x00, 0x00, 0x00, 0x00, 0x00, 0x00, 0x00, 0x00, 0x00, 0x00, 0x00, 0x00, 0x00, 0x00, 0x00, 0x00,
0x00, 0x00, 0x00, 0x00, 0x00, 0x00, 0x00, 0x00, 0x00, 0x00, 0x00, 0x00, 0x00, 0x00, 0x00, 0x00,
0x00, 0x00, 0x00, 0x00, 0x00, 0x00, 0x00, 0x00, 0x00, 0x00, 0x00, 0x00, 0x00, 0x00, 0x00, 0x00,
0x00, 0x00, 0x00, 0x00, 0x00, 0x00, 0x00, 0x00, 0x00, 0x00, 0x00, 0x00, 0x00, 0x00, 0x00, 0x00,
0x00, 0x00, 0x00, 0x00, 0x00, 0x00, 0x00, 0x00, 0x00, 0x00, 0x00, 0x00, 0x00, 0x00, 0x00, 0x00,
0x00, 0x00, 0x00, 0x00, 0x00, 0x00, 0x00, 0x00, 0x00, 0x00, 0x00, 0x00, 0x00, 0x00, 0x00, 0x00,
0x00, 0x00, 0x00, 0x00, 0x00, 0x00, 0x00, 0x00, 0x00, 0x00, 0x00, 0x00, 0x00, 0x00, 0x00, 0x00,
0x00, 0x00, 0x00, 0x00, 0x00, 0x00, 0x00, 0x00, 0x00, 0x00, 0x00, 0x00, 0x00, 0x00, 0x00, 0x00,
0x00, 0x00, 0x00, 0x00, 0x00, 0x00, 0x00, 0x00, 0x00, 0x00, 0x00, 0x00, 0x00, 0x00, 0x00, 0x00,
0x00, 0x00, 0x00, 0x00, 0x00, 0x00, 0x00, 0x00, 0x00, 0x00, 0x00, 0x00, 0x00, 0x00, 0x00, 0x00,
0x00, 0x00, 0x00, 0x00, 0x00, 0x00, 0x00, 0x00, 0x00, 0x00, 0x00, 0x00, 0x00, 0x00, 0x00, 0x00,
0x00, 0x00, 0x00, 0x00, 0x00, 0x00, 0x00, 0x00, 0x00, 0x00, 0x00, 0x00, 0x00, 0x00, 0x00, 0x00,
0x00, 0x00, 0x00, 0x00, 0x00, 0x00, 0x00, 0x00, 0x00, 0x00, 0x00, 0x00, 0x00, 0x00, 0x00, 0x00,
0x00, 0x00, 0x00, 0x00, 0x00, 0x00, 0x00, 0x00, 0x00, 0x00, 0x00, 0x00, 0x00, 0x00, 0x00, 0x00,
0x00, 0x00, 0x00, 0x00, 0x00, 0x00, 0x00, 0x00, 0x00, 0x00, 0x00, 0x00, 0x00, 0x00, 0x00, 0x00,
0x00, 0x00, 0x00, 0x00, 0x00, 0x00, 0x00, 0x00, 0x00, 0x00, 0x00, 0x00, 0x00, 0x00, 0x00, 0x00,
0x00, 0x00, 0x00, 0x00, 0x00, 0x00, 0x00, 0x00, 0x00, 0x00, 0x00, 0x00, 0x00, 0x00, 0x00, 0x00,
0x00, 0x00, 0x00, 0x00, 0x00, 0x00, 0x00, 0x00, 0x00, 0x00, 0x00, 0x00, 0x00, 0x00, 0x00, 0x00,
0x00, 0x00, 0x00, 0x00, 0x00, 0x00, 0x00, 0x00, 0x00, 0x00, 0x00, 0x00, 0x00, 0x00, 0x00, 0x00,
0x00, 0x00, 0x00, 0x00, 0x00, 0x00, 0x00, 0x00, 0x00, 0x00, 0x00, 0x00, 0x00, 0x00, 0x00, 0x00,
0x00, 0x00, 0x00, 0x00, 0x00, 0x00, 0x00, 0x00, 0x00, 0x00, 0x00, 0x00, 0x00, 0x00, 0x00, 0x00,
0x00, 0x00, 0x00, 0x00, 0x00, 0x00, 0x00, 0x00, 0x00, 0x00, 0x00, 0x00, 0x00, 0x00, 0x00, 0x00,
0x00, 0x00, 0x00, 0x00, 0x00, 0x00, 0x00, 0x00, 0x00, 0x00, 0x00, 0x00, 0x00, 0x00, 0x00, 0x00,
0x00, 0x00, 0x00, 0x00, 0x00, 0x00, 0x00, 0x00, 0x00, 0x00, 0x00, 0x00, 0x00, 0x00, 0x00, 0x00,
0x00, 0x00, 0x00, 0x00, 0x00, 0x00, 0x00, 0x00, 0x00, 0x00, 0x00, 0x00, 0x00, 0x00, 0x00, 0x00,
0x00, 0x00, 0x00, 0x00, 0x00, 0x00, 0x00, 0x00, 0x00, 0x00, 0x00, 0x00, 0x00, 0x00, 0x00, 0x00,
0x00, 0x00, 0x00, 0x00, 0x00, 0x00, 0x00, 0x00, 0x00, 0x00, 0x00, 0x00, 0x00, 0x00, 0x00, 0x00,
0x00, 0x00, 0x00, 0x00, 0x00, 0x00, 0x00, 0x00, 0x00, 0x00, 0x00, 0x00, 0x00, 0x00, 0x00, 0x00,
0x00, 0x00, 0x00, 0x00, 0x00, 0x00, 0x00, 0x00, 0x00, 0x00, 0x00, 0x00, 0x00, 0x00, 0x00, 0x00,
0x00, 0x00, 0x00, 0x00, 0x00, 0x00, 0x00, 0x00, 0x00, 0x00, 0x00, 0x00, 0x00, 0x00, 0x00, 0x00,
0x00, 0x00, 0x00, 0x00, 0x00, 0x00, 0x00, 0x00, 0x00, 0x00, 0x00, 0x00, 0x00, 0x00, 0x00, 0x00,
0x00, 0x00, 0x00, 0x00, 0x00, 0x00, 0x00, 0x00, 0x00, 0x00, 0x00, 0x00, 0x00, 0x00, 0x00, 0x00,
0x00, 0x00, 0x00, 0x00, 0x00, 0x00, 0x00, 0x00, 0x00, 0x00, 0x00, 0x00, 0x00, 0x00, 0x00, 0x00,
0x00, 0x00, 0x00, 0x00, 0x00, 0x00, 0x00, 0x00, 0x00, 0x00, 0x00, 0x00, 0x00, 0x00, 0x00, 0x00,
0x00, 0x00, 0x00, 0x00, 0x00, 0x00, 0x00, 0x00, 0x00, 0x00, 0x00, 0x00, 0x00, 0x00, 0x00, 0x00,
0x00, 0x00, 0x00, 0x00, 0x00, 0x00, 0x00, 0x00, 0x00, 0x00, 0x00, 0x00, 0x00, 0x00, 0x00, 0x00,
0x00, 0x00, 0x00, 0x00, 0x00, 0x00, 0x00, 0x00, 0x00, 0x00, 0x00, 0x00, 0x00, 0x00, 0x00, 0x00,
0x00, 0x00, 0x00, 0x00, 0x00, 0x00, 0x00, 0x00, 0x00, 0x00, 0x00, 0x00, 0x00, 0x00, 0x00, 0x00,
0x00, 0x00, 0x00, 0x00, 0x00, 0x00, 0x00, 0x00, 0x00, 0x00, 0x00, 0x00, 0x00, 0x00, 0x00, 0x00,
0x00, 0x00, 0x00, 0x00, 0x00, 0x00, 0x00, 0x00, 0x00, 0x00, 0x00, 0x00, 0x00, 0x00, 0x00, 0x00,
0x00, 0x00, 0x00, 0x00, 0x00, 0x00, 0x00, 0x00, 0x00, 0x00, 0x00, 0x00, 0x00, 0x00, 0x00, 0x00,
0x00, 0x00, 0x00, 0x00, 0x00, 0x00, 0x00, 0x00, 0x00, 0x00, 0x00, 0x00, 0x00, 0x00, 0x00, 0x00,
0x00, 0x00, 0x00, 0x00, 0x00, 0x00, 0x00, 0x00, 0x00, 0x00, 0x00, 0x00, 0x00, 0x00, 0x00, 0x00,
0x00, 0x00, 0x00, 0x00, 0x00, 0x00, 0x00, 0x00, 0x00, 0x00, 0x00, 0x00, 0x00, 0x00, 0x00, 0x00,
0x00, 0x00, 0x00, 0x00, 0x00, 0x00, 0x00, 0x00, 0x00, 0x00, 0x00, 0x00, 0x00, 0x00, 0x00, 0x00,
0x00, 0x00, 0x00, 0x00, 0x00, 0x00, 0x00, 0x00, 0x00, 0x00, 0x00, 0x00, 0x00, 0x00, 0x00, 0x00,
0x00, 0x00, 0x00, 0x00, 0x00, 0x00, 0x00, 0x00, 0x00, 0x00, 0x00, 0x00, 0x00, 0x00, 0x00, 0x00,
0x00, 0x00, 0x00, 0x00, 0x00, 0x00, 0x00, 0x00, 0x00, 0x00, 0x00, 0x00, 0x00, 0x00, 0x00, 0x00,
0x00, 0x00, 0x00, 0x00, 0x00, 0x00, 0x00, 0x00, 0x00, 0x00, 0x00, 0x00, 0x00, 0x00, 0x00, 0x00,
0x00, 0x00, 0x00, 0x00, 0x00, 0x00, 0x00, 0x00, 0x00, 0x00, 0x00, 0x00, 0x00, 0x00, 0x00, 0x00,
0x00, 0x00, 0x00, 0x00, 0x00, 0x00, 0x00, 0x00, 0x00, 0x00, 0x00, 0x00, 0x00, 0x00, 0x00, 0x00,
0x00, 0x00, 0x00, 0x00, 0x00, 0x00, 0x00, 0x00, 0x00, 0x00, 0x00, 0x00, 0x00, 0x00, 0x00, 0x00,
0x00, 0x00, 0x00, 0x00, 0x00, 0x00, 0x00, 0x00, 0x00, 0x00, 0x00, 0x00, 0x00, 0x00, 0x00, 0x00,
0x00, 0x00, 0x00, 0x00, 0x00, 0x00, 0x00, 0x00, 0x00, 0x00, 0x00, 0x00, 0x00, 0x00, 0x00, 0x00,
0x00, 0x00, 0x00, 0x00, 0x00, 0x00, 0x00, 0x00, 0x00, 0x00, 0x00, 0x00, 0x00, 0x00, 0x00, 0x00,
0x00, 0x00, 0x00, 0x00, 0x00, 0x00, 0x00, 0x00, 0x00, 0x00, 0x00, 0x00, 0x00, 0x00, 0x00, 0x00,
0x00, 0x00, 0x00, 0x00, 0x00, 0x00, 0x00, 0x00, 0x00, 0x00, 0x00, 0x00, 0x00, 0x00, 0x00, 0x00,
0x00, 0x00, 0x00, 0x00, 0x00, 0x00, 0x00, 0x00, 0x00, 0x00, 0x00, 0x00, 0x00, 0x00, 0x00, 0x00,
0x00, 0x00, 0x00, 0x00, 0x00, 0x00, 0x00, 0x00, 0x00, 0x00, 0x00, 0x00, 0x00, 0x00, 0x00, 0x00,
0x00, 0x00, 0x00, 0x00, 0x00, 0x00, 0x00, 0x00, 0x00, 0x00, 0x00, 0x00, 0x00, 0x00, 0x00, 0x00,
0x00, 0x00, 0x00, 0x00, 0x00, 0x00, 0x00, 0x00, 0x00, 0x00, 0x00, 0x00, 0x00, 0x00, 0x00, 0x00,
0x00, 0x00, 0x00, 0x00, 0x00, 0x00, 0x00, 0x00, 0x00, 0x00, 0x00, 0x00, 0x00, 0x00, 0x00, 0x00,
0x00, 0x00, 0x00, 0x00, 0x00, 0x00, 0x00, 0x00, 0x00, 0x00, 0x00, 0x00, 0x00, 0x00, 0x00, 0x00,
0x00, 0x00, 0x00, 0x00, 0x00, 0x00, 0x00, 0x00, 0x00, 0x00, 0x00, 0x00, 0x00, 0x00, 0x00, 0x00,
0x00, 0x00, 0x00, 0x00, 0x00, 0x00, 0x00, 0x00, 0x00, 0x00, 0x00, 0x00, 0x00, 0x00, 0x00, 0x00,
0x00, 0x00, 0x00, 0x00, 0x00, 0x00, 0x00, 0x00, 0x00, 0x00, 0x00, 0x00, 0x00, 0x00, 0x00, 0x00,
0x00, 0x00, 0x00, 0x00, 0x00, 0x00, 0x00, 0x00, 0x00, 0x00, 0x00, 0x00, 0x00, 0x00, 0x00, 0x00,
0x00, 0x00, 0x00, 0x00, 0x00, 0x00, 0x00, 0x00, 0x00, 0x00, 0x00, 0x00, 0x00, 0x00, 0x00, 0x00,
0x00, 0x00, 0x00, 0x00, 0x00, 0x00, 0x00, 0x00, 0x00, 0x00, 0x00, 0x00, 0x00, 0x00, 0x00, 0x00,
0x00, 0x00, 0x00, 0x00, 0x00, 0x00, 0x00, 0x00, 0x00, 0x00, 0x00, 0x00, 0x00, 0x00, 0x00, 0x00,
0x00, 0x00, 0x00, 0x00, 0x00, 0x00, 0x00, 0x00, 0x00, 0x00, 0x00, 0x00, 0x00, 0x00, 0x00, 0x00,
0x00, 0x00, 0x00, 0x00, 0x00, 0x00, 0x00, 0x00, 0x00, 0x00, 0x00, 0x00, 0x00, 0x00, 0x00, 0x00,
0x00, 0x00, 0x00, 0x00, 0x00, 0x00, 0x00, 0x00, 0x00, 0x00, 0x00, 0x00, 0x00, 0x00, 0x00, 0x00,
0x00, 0x00, 0x00, 0x00, 0x00, 0x00, 0x00, 0x00, 0x00, 0x00, 0x00, 0x00, 0x00, 0x00, 0x00, 0x00,
0x00, 0x00, 0x00, 0x00, 0x00, 0x00, 0x00, 0x00, 0x00, 0x00, 0x00, 0x00, 0x00, 0x00, 0x00, 0x00,
0x00, 0x00, 0x00, 0x00, 0x00, 0x00, 0x00, 0x00, 0x00, 0x00, 0x00, 0x00, 0x00, 0x00, 0x00, 0x00,
0x00, 0x00, 0x00, 0x00, 0x00, 0x00, 0x00, 0x00, 0x00, 0x00, 0x00, 0x00, 0x00, 0x00, 0x00, 0x00,
0x00, 0x00, 0x00, 0x00, 0x00, 0x00, 0x00, 0x00, 0x00, 0x00, 0x00, 0x00, 0x00, 0x00, 0x00, 0x00,
0x00, 0x00, 0x00, 0x00, 0x00, 0x00, 0x00, 0x00, 0x00, 0x00, 0x00, 0x00, 0x00, 0x00, 0x00, 0x00,
0x00, 0x00, 0x00, 0x00, 0x00, 0x00, 0x00, 0x00, 0x00, 0x00, 0x00, 0x00, 0x00, 0x00, 0x00, 0x00,
0x00, 0x00, 0x00, 0x00, 0x00, 0x00, 0x00, 0x00, 0x00, 0x00, 0x00, 0x00, 0x00, 0x00, 0x00, 0x00,
0x00, 0x00, 0x00, 0x00, 0x00, 0x00, 0x00, 0x00, 0x00, 0x00, 0x00, 0x00, 0x00, 0x00, 0x00, 0x00,
0x00, 0x00, 0x00, 0x00, 0x00, 0x00, 0x00, 0x00, 0x00, 0x00, 0x00, 0x00, 0x00, 0x00, 0x00, 0x00,
0x00, 0x00, 0x00, 0x00, 0x00, 0x00, 0x00, 0x00, 0x00, 0x00, 0x00, 0x00, 0x00, 0x00, 0x00, 0x00,
0x00, 0x00, 0x00, 0x00, 0x00, 0x00, 0x00, 0x00, 0x00, 0x00, 0x00, 0x00, 0x00, 0x00, 0x00, 0x00,
0x00, 0x00, 0x00, 0x00, 0x00, 0x00, 0x00, 0x00, 0x00, 0x00, 0x00, 0x00, 0x00, 0x00, 0x00, 0x00,
0x00, 0x00, 0x00, 0x00, 0x00, 0x00, 0x00, 0x00, 0x00, 0x00, 0x00, 0x00, 0x00, 0x00, 0x00, 0x00,
0x00, 0x00, 0x00, 0x00, 0x00, 0x00, 0x00, 0x00, 0x00, 0x00, 0x00, 0x00, 0x00, 0x00, 0x00, 0x00,
0x00, 0x00, 0x00, 0x00, 0x00, 0x00, 0x00, 0x00, 0x00, 0x00, 0x00, 0x00, 0x00, 0x00, 0x00, 0x00,
0x00, 0x00, 0x00, 0x00, 0x00, 0x00, 0x00, 0x00, 0x00, 0x00, 0x00, 0x00, 0x00, 0x00, 0x00, 0x00,
0x00, 0x00, 0x00, 0x00, 0x00, 0x00, 0x00, 0x00, 0x00, 0x00, 0x00, 0x00, 0x00, 0x00, 0x00, 0x00,
0x00, 0x00, 0x00, 0x00, 0x00, 0x00, 0x00, 0x00, 0x00, 0x00, 0x00, 0x00, 0x00, 0x00, 0x00, 0x00,
0x00, 0x00, 0x00, 0x00, 0x00, 0x00, 0x00, 0x00, 0x00, 0x00, 0x00, 0x00, 0x00, 0x00, 0x00, 0x00,
0x00, 0x00, 0x00, 0x00, 0x00, 0x00, 0x00, 0x00, 0x00, 0x00, 0x00, 0x00, 0x00, 0x00, 0x00, 0x00,
0x00, 0x00, 0x00, 0x00, 0x00, 0x00, 0x00, 0x00, 0x00, 0x00, 0x00, 0x00, 0x00, 0x00, 0x00, 0x00,
0x00, 0x00, 0x00, 0x00, 0x00, 0x00, 0x00, 0x00, 0x00, 0x00, 0x00, 0x00, 0x00, 0x00, 0x00, 0x00,
0x00, 0x00, 0x00, 0x00, 0x00, 0x00, 0x00, 0x00, 0x00, 0x00, 0x00, 0x00, 0x00, 0x00, 0x00, 0x00,
0x00, 0x00, 0x00, 0x00, 0x00, 0x00, 0x00, 0x00, 0x00, 0x00, 0x00, 0x00, 0x00, 0x00, 0x00, 0x00,
0x00, 0x00, 0x00, 0x00, 0x00, 0x00, 0x00, 0x00, 0x00, 0x00, 0x00, 0x00, 0x00, 0x00, 0x00, 0x00,
0x00, 0x00, 0x00, 0x00, 0x00, 0x00, 0x00, 0x00, 0x00, 0x00, 0x00, 0x00, 0x00, 0x00, 0x00, 0x00,
0x00, 0x00, 0x00, 0x00, 0x00, 0x00, 0x00, 0x00, 0x00, 0x00, 0x00, 0x00, 0x00, 0x00, 0x00, 0x00,
0x00, 0x00, 0x00, 0x00, 0x00, 0x00, 0x00, 0x00, 0x00, 0x00, 0x00, 0x00, 0x00, 0x00, 0x00, 0x00,
0x00, 0x00, 0x00, 0x00, 0x00, 0x00, 0x00, 0x00, 0x00, 0x00, 0x00, 0x00, 0x00, 0x00, 0x00, 0x00,
0x00, 0x00, 0x00, 0x00, 0x00, 0x00, 0x00, 0x00, 0x00, 0x00, 0x00, 0x00, 0x00, 0x00, 0x00, 0x00,
0x00, 0x00, 0x00, 0x00, 0x00, 0x00, 0x00, 0x00, 0x00, 0x00, 0x00, 0x00, 0x00, 0x00, 0x00, 0x00,
0x00, 0x00, 0x00, 0x00, 0x00, 0x00, 0x00, 0x00, 0x00, 0x00, 0x00, 0x00, 0x00, 0x00, 0x00, 0x00,
0x00, 0x00, 0x00, 0x00, 0x00, 0x00, 0x00, 0x00, 0x00, 0x00, 0x00, 0x00, 0x00, 0x00, 0x00, 0x00,
0x00, 0x00, 0x00, 0x00, 0x00, 0x00, 0x00, 0x00, 0x00, 0x00, 0x00, 0x00, 0x00, 0x00, 0x00, 0x00,
0x00, 0x00, 0x00, 0x00, 0x00, 0x00, 0x00, 0x00, 0x00, 0x00, 0x00, 0x00, 0x00, 0x00, 0x00, 0x00,
0x00, 0x00, 0x00, 0x00, 0x00, 0x00, 0x00, 0x00, 0x00, 0x00, 0x00, 0x00, 0x00, 0x00, 0x00, 0x00,
0x00, 0x00, 0x00, 0x00, 0x00, 0x00, 0x00, 0x00, 0x00, 0x00, 0x00, 0x00, 0x00, 0x00, 0x00, 0x00,
0x00, 0x00, 0x00, 0x00, 0x00, 0x00, 0x00, 0x00, 0x00, 0x00, 0x00, 0x00, 0x00, 0x00, 0x00, 0x00,
0x00, 0x00, 0x00, 0x00, 0x00, 0x00, 0x00, 0x00, 0x00, 0x00, 0x00, 0x00, 0x00, 0x00, 0x00, 0x00,
0x00, 0x00, 0x00, 0x00, 0x00, 0x00, 0x00, 0x00, 0x00, 0x00, 0x00, 0x00, 0x00, 0x00, 0x00, 0x00,
0x00, 0x00, 0x00, 0x00, 0x00, 0x00, 0x00, 0x00, 0x00, 0x00, 0x00, 0x00, 0x00, 0x00, 0x00, 0x00,
0x00, 0x00, 0x00, 0x00, 0x00, 0x00, 0x00, 0x00, 0x00, 0x00, 0x00, 0x00, 0x00, 0x00, 0x00, 0x00,
0x00, 0x00, 0x00, 0x00, 0x00, 0x00, 0x00, 0x00, 0x00, 0x00, 0x00, 0x00, 0x00, 0x00, 0x00, 0x00,
0x00, 0x00, 0x00, 0x00, 0x00, 0x00, 0x00, 0x00, 0x00, 0x00, 0x00, 0x00, 0x00, 0x00, 0x00, 0x00,
0x00, 0x00, 0x00, 0x00, 0x00, 0x00, 0x00, 0x00, 0x00, 0x00, 0x00, 0x00, 0x00, 0x00, 0x00, 0x00,
0x00, 0x00, 0x00, 0x00, 0x00, 0x00, 0x00, 0x00, 0x00, 0x00, 0x00, 0x00, 0x00, 0x00, 0x00, 0x00,
0x00, 0x00, 0x00, 0x00, 0x00, 0x00, 0x00, 0x00, 0x00, 0x00, 0x00, 0x00, 0x00, 0x00, 0x00, 0x00,
0x00, 0x00, 0x00, 0x00, 0x00, 0x00, 0x00, 0x00, 0x00, 0x00, 0x00, 0x00, 0x00, 0x00, 0x00, 0x00,
0x00, 0x00, 0x00, 0x00, 0x00, 0x00, 0x00, 0x00, 0x00, 0x00, 0x00, 0x00, 0x00, 0x00, 0x00, 0x00,
0x00, 0x00, 0x00, 0x00, 0x00, 0x00, 0x00, 0x00, 0x00, 0x00, 0x00, 0x00, 0x00, 0x00, 0x00, 0x00,
0x00, 0x00, 0x00, 0x00, 0x00, 0x00, 0x00, 0x00, 0x00, 0x00, 0x00, 0x00, 0x00, 0x00, 0x00, 0x00,
0x00, 0x00, 0x00, 0x00, 0x00, 0x00, 0x00, 0x00, 0x00, 0x00, 0x00, 0x00, 0x00, 0x00, 0x00, 0x00,
0x00, 0x00, 0x00, 0x00, 0x00, 0x00, 0x00, 0x00, 0x00, 0x00, 0x00, 0x00, 0x00, 0x00, 0x00, 0x00,
0x00, 0x00, 0x00, 0x00, 0x00, 0x00, 0x00, 0x00, 0x00, 0x00, 0x00, 0x00, 0x00, 0x00, 0x00, 0x00,
0x00, 0x00, 0x00, 0x00, 0x00, 0x00, 0x00, 0x00, 0x00, 0x00, 0x00, 0x00, 0x00, 0x00, 0x00, 0x00,
0x00, 0x00, 0x00, 0x00, 0x00, 0x00, 0x00, 0x00, 0x00, 0x00, 0x00, 0x00, 0x00, 0x00, 0x00, 0x00,
0x00, 0x00, 0x00, 0x00, 0x00, 0x00, 0x00, 0x00, 0x00, 0x00, 0x00, 0x00, 0x00, 0x00, 0x00, 0x00,
0x00, 0x00, 0x00, 0x00, 0x00, 0x00, 0x00, 0x00, 0x00, 0x00, 0x00, 0x00, 0x00, 0x00, 0x00, 0x00,
0x00, 0x00, 0x00, 0x00, 0x00, 0x00, 0x00, 0x00, 0x00, 0x00, 0x00, 0x00, 0x00, 0x00, 0x00, 0x00,
0x00, 0x00, 0x00, 0x00, 0x00, 0x00, 0x00, 0x00, 0x00, 0x00, 0x00, 0x00, 0x00, 0x00, 0x00, 0x00,
0x00, 0x00, 0x00, 0x00, 0x00, 0x00, 0x00, 0x00, 0x00, 0x00, 0x00, 0x00, 0x00, 0x00, 0x00, 0x00,
0x00, 0x00, 0x00, 0x00, 0x00, 0x00, 0x00, 0x00, 0x00, 0x00, 0x00, 0x00, 0x00, 0x00, 0x00, 0x00,
0x00, 0x00, 0x00, 0x00, 0x00, 0x00, 0x00, 0x00, 0x00, 0x00, 0x00, 0x00, 0x00, 0x00, 0x00, 0x00,
0x00, 0x00, 0x00, 0x00, 0x00, 0x00, 0x00, 0x00, 0x00, 0x00, 0x00, 0x00, 0x00, 0x00, 0x00, 0x00,
0x00, 0x00, 0x00, 0x00, 0x00, 0x00, 0x00, 0x00, 0x00, 0x00, 0x00, 0x00, 0x00, 0x00, 0x00, 0x00,
0x00, 0x00, 0x00, 0x00, 0x00, 0x00, 0x00, 0x00, 0x00, 0x00, 0x00, 0x00, 0x00, 0x00, 0x00, 0x00,
0x00, 0x00, 0x00, 0x00, 0x00, 0x00, 0x00, 0x00, 0x00, 0x00, 0x00, 0x00, 0x00, 0x00, 0x00, 0x00,
0x00, 0x00, 0x00, 0x00, 0x00, 0x00, 0x00, 0x00, 0x00, 0x00, 0x00, 0x00, 0x00, 0x00, 0x00, 0x00,
0x00, 0x00, 0x00, 0x00, 0x00, 0x00, 0x00, 0x00, 0x00, 0x00, 0x00, 0x00, 0x00, 0x00, 0x00, 0x00,
0x00, 0x00, 0x00, 0x00, 0x00, 0x00, 0x00, 0x00, 0x00, 0x00, 0x00, 0x00, 0x00, 0x00, 0x00, 0x00,
0x00, 0x00, 0x00, 0x00, 0x00, 0x00, 0x00, 0x00, 0x00, 0x00, 0x00, 0x00, 0x00, 0x00, 0x00, 0x00,
0x00, 0x00, 0x00, 0x00, 0x00, 0x00, 0x00, 0x00, 0x00, 0x00, 0x00, 0x00, 0x00, 0x00, 0x00, 0x00,
0x00, 0x00, 0x00, 0x00, 0x00, 0x00, 0x00, 0x00, 0x00, 0x00, 0x00, 0x00, 0x00, 0x00, 0x00, 0x00,
0x00, 0x00, 0x00, 0x00, 0x00, 0x00, 0x00, 0x00, 0x00, 0x00, 0x00, 0x00, 0x00, 0x00, 0x00, 0x00,
0x00, 0x00, 0x00, 0x00, 0x00, 0x00, 0x00, 0x00, 0x00, 0x00, 0x00, 0x00, 0x00, 0x00, 0x00, 0x00,
0x00, 0x00, 0x00, 0x00, 0x00, 0x00, 0x00, 0x00, 0x00, 0x00, 0x00, 0x00, 0x00, 0x00, 0x00, 0x00,
0x00, 0x00, 0x00, 0x00, 0x00, 0x00, 0x00, 0x00, 0x00, 0x00, 0x00, 0x00, 0x00, 0x00, 0x00, 0x00,
0x00, 0x00, 0x00, 0x00, 0x00, 0x00, 0x00, 0x00, 0x00, 0x00, 0x00, 0x00, 0x00, 0x00, 0x00, 0x00,
0x00, 0x00, 0x00, 0x00, 0x00, 0x00, 0x00, 0x00, 0x00, 0x00, 0x00, 0x00, 0x00, 0x00, 0x00, 0x00,
0x00, 0x00, 0x00, 0x00, 0x00, 0x00, 0x00, 0x00, 0x00, 0x00, 0x00, 0x00, 0x00, 0x00, 0x00, 0x00,
0x00, 0x00, 0x00, 0x00, 0x00, 0x00, 0x00, 0x00, 0x00, 0x00, 0x00, 0x00, 0x00, 0x00, 0x00, 0x00,
0x00, 0x00, 0x00, 0x00, 0x00, 0x00, 0x00, 0x00, 0x00, 0x00, 0x00, 0x00, 0x00, 0x00, 0x00, 0x00,
0x00, 0x00, 0x00, 0x00, 0x00, 0x00, 0x00, 0x00, 0x00, 0x00, 0x00, 0x00, 0x00, 0x00, 0x00, 0x00,
0x00, 0x00, 0x00, 0x00, 0x00, 0x00, 0x00, 0x00, 0x00, 0x00, 0x00, 0x00, 0x00, 0x00, 0x00, 0x00,
0x00, 0x00, 0x00, 0x00, 0x00, 0x00, 0x00, 0x00, 0x00, 0x00, 0x00, 0x00, 0x00, 0x00, 0x00, 0x00,
0x00, 0x00, 0x00, 0x00, 0x00, 0x00, 0x00, 0x00, 0x00, 0x00, 0x00, 0x00, 0x00, 0x00, 0x00, 0x00,
0x00, 0x00, 0x00, 0x00, 0x00, 0x00, 0x00, 0x00, 0x00, 0x00, 0x00, 0x00, 0x00, 0x00, 0x00, 0x00,
0x00, 0x00, 0x00, 0x00, 0x00, 0x00, 0x00, 0x00, 0x00, 0x00, 0x00, 0x00, 0x00, 0x00, 0x00, 0x00,
0x00, 0x00, 0x00, 0x00, 0x00, 0x00, 0x00, 0x00, 0x00, 0x00, 0x00, 0x00, 0x00, 0x00, 0x00, 0x00,
0x00, 0x00, 0x00, 0x00, 0x00, 0x00, 0x00, 0x00, 0x00, 0x00, 0x00, 0x00, 0x00, 0x00, 0x00, 0x00,
0x00, 0x00, 0x00, 0x00, 0x00, 0x00, 0x00, 0x00, 0x00, 0x00, 0x00, 0x00, 0x00, 0x00, 0x00, 0x00,
0x00, 0x00, 0x00, 0x00, 0x00, 0x00, 0x00, 0x00, 0x00, 0x00, 0x00, 0x00, 0x00, 0x00, 0x00, 0x00,
0x00, 0x00, 0x00, 0x00, 0x00, 0x00, 0x00, 0x00, 0x00, 0x00, 0x00, 0x00, 0x00, 0x00, 0x00, 0x00,
0x00, 0x00, 0x00, 0x00, 0x00, 0x00, 0x00, 0x00, 0x00, 0x00, 0x00, 0x00, 0x00, 0x00, 0x00, 0x00,
0x00, 0x00, 0x00, 0x00, 0x00, 0x00, 0x00, 0x00, 0x00, 0x00, 0x00, 0x00, 0x00, 0x00, 0x00, 0x00,
0x00, 0x00, 0x00, 0x00, 0x00, 0x00, 0x00, 0x00, 0x00, 0x00, 0x00, 0x00, 0x00, 0x00, 0x00, 0x00,
0x00, 0x00, 0x00, 0x00, 0x00, 0x00, 0x00, 0x00, 0x00, 0x00, 0x00, 0x00, 0x00, 0x00, 0x00, 0x00,
0x00, 0x00, 0x00, 0x00, 0x00, 0x00, 0x00, 0x00, 0x00, 0x00, 0x00, 0x00, 0x00, 0x00, 0x00, 0x00,
0x00, 0x00, 0x00, 0x00, 0x00, 0x00, 0x00, 0x00, 0x00, 0x00, 0x00, 0x00, 0x00, 0x00, 0x00, 0x00,
0x00, 0x00, 0x00, 0x00, 0x00, 0x00, 0x00, 0x00, 0x00, 0x00, 0x00, 0x00, 0x00, 0x00, 0x00, 0x00,
0x00, 0x00, 0x00, 0x00, 0x00, 0x00, 0x00, 0x00, 0x00, 0x00, 0x00, 0x00, 0x00, 0x00, 0x00, 0x00,
0x00, 0x00, 0x00, 0x00, 0x00, 0x00, 0x00, 0x00, 0x00, 0x00, 0x00, 0x00, 0x00, 0x00, 0x00, 0x00,
0x00, 0x00, 0x00, 0x00, 0x00, 0x00, 0x00, 0x00, 0x00, 0x00, 0x00, 0x00, 0x00, 0x00, 0x00, 0x00,
0x00, 0x00, 0x00, 0x00, 0x00, 0x00, 0x00, 0x00, 0x00, 0x00, 0x00, 0x00, 0x00, 0x00, 0x00, 0x00,
0x00, 0x00, 0x00, 0x00, 0x00, 0x00, 0x00, 0x00, 0x00, 0x00, 0x00, 0x00, 0x00, 0x00, 0x00, 0x00,
0x00, 0x00, 0x00, 0x00, 0x00, 0x00, 0x00, 0x00, 0x00, 0x00, 0x00, 0x00, 0x00, 0x00, 0x00, 0x00,
0x00, 0x00, 0x00, 0x00, 0x00, 0x00, 0x00, 0x00, 0x00, 0x00, 0x00, 0x00, 0x00, 0x00, 0x00, 0x00,
0x00, 0x00, 0x00, 0x00, 0x00, 0x00, 0x00, 0x00, 0x00, 0x00, 0x00, 0x00, 0x00, 0x00, 0x00, 0x00,
0x00, 0x00, 0x00, 0x00, 0x00, 0x00, 0x00, 0x00, 0x00, 0x00, 0x00, 0x00, 0x00, 0x00, 0x00, 0x00,
0x00, 0x00, 0x00, 0x00, 0x00, 0x00, 0x00, 0x00, 0x00, 0x00, 0x00, 0x00, 0x00, 0x00, 0x00, 0x00,
0x00, 0x00, 0x00, 0x00, 0x00, 0x00, 0x00, 0x00, 0x00, 0x00, 0x00, 0x00, 0x00, 0x00, 0x00, 0x00,
0x00, 0x00, 0x00, 0x00, 0x00, 0x00, 0x00, 0x00, 0x00, 0x00, 0x00, 0x00, 0x00, 0x00, 0x00, 0x00,
0x00, 0x00, 0x00, 0x00, 0x00, 0x00, 0x00, 0x00, 0x00, 0x00, 0x00, 0x00, 0x00, 0x00, 0x00, 0x00,
0x00, 0x00, 0x00, 0x00, 0x00, 0x00, 0x00, 0x00, 0x00, 0x00, 0x00, 0x00, 0x00, 0x00, 0x00, 0x00,
0x00, 0x00, 0x00, 0x00, 0x00, 0x00, 0x00, 0x00, 0x00, 0x00, 0x00, 0x00, 0x00, 0x00, 0x00, 0x00,
0x00, 0x00, 0x00, 0x00, 0x00, 0x00, 0x00, 0x00, 0x00, 0x00, 0x00, 0x00, 0x00, 0x00, 0x00, 0x00,
0x00, 0x00, 0x00, 0x00, 0x00, 0x00, 0x00, 0x00, 0x00, 0x00, 0x00, 0x00, 0x00, 0x00, 0x00, 0x00,
0x00, 0x00, 0x00, 0x00, 0x00, 0x00, 0x00, 0x00, 0x00, 0x00, 0x00, 0x00, 0x00, 0x00, 0x00, 0x00,
0x00, 0x00, 0x00, 0x00, 0x00, 0x00, 0x00, 0x00, 0x00, 0x00, 0x00, 0x00, 0x00, 0x00, 0x00, 0x00,
0x00, 0x00, 0x00, 0x00, 0x00, 0x00, 0x00, 0x00, 0x00, 0x00, 0x00, 0x00, 0x00, 0x00, 0x00, 0x00,
0x00, 0x00, 0x00, 0x00, 0x00, 0x00, 0x00, 0x00, 0x00, 0x00, 0x00, 0x00, 0x00, 0x00, 0x00, 0x00,
0x00, 0x00, 0x00, 0x00, 0x00, 0x00, 0x00, 0x00, 0x00, 0x00, 0x00, 0x00, 0x00, 0x00, 0x00, 0x00,
0x00, 0x00, 0x00, 0x00, 0x00, 0x00, 0x00, 0x00, 0x00, 0x00, 0x00, 0x00, 0x00, 0x00, 0x00, 0x00,
0x00, 0x00, 0x00, 0x00, 0x00, 0x00, 0x00, 0x00, 0x00, 0x00, 0x00, 0x00, 0x00, 0x00, 0x00, 0x00,
0x00, 0x00, 0x00, 0x00, 0x00, 0x00, 0x00, 0x00, 0x00, 0x00, 0x00, 0x00, 0x00, 0x00, 0x00, 0x00,
0x00, 0x00, 0x00, 0x00, 0x00, 0x00, 0x00, 0x00, 0x00, 0x00, 0x00, 0x00, 0x00, 0x00, 0x00, 0x00,
0x00, 0x00, 0x00, 0x00, 0x00, 0x00, 0x00, 0x00, 0x00, 0x00, 0x00, 0x00, 0x00, 0x00, 0x00, 0x00,
0x00, 0x00, 0x00, 0x00, 0x00, 0x00, 0x00, 0x00, 0x00, 0x00, 0x00, 0x00, 0x00, 0x00, 0x00, 0x00,
0x00, 0x00, 0x00, 0x00, 0x00, 0x00, 0x00, 0x00, 0x00, 0x00, 0x00, 0x00, 0x00, 0x00, 0x00, 0x00,
0x00, 0x00, 0x00, 0x00, 0x00, 0x00, 0x00, 0x00, 0x00, 0x00, 0x00, 0x00, 0x00, 0x00, 0x00, 0x00,
0x00, 0x00, 0x00, 0x00, 0x00, 0x00, 0x00, 0x00, 0x00, 0x00, 0x00, 0x00, 0x00, 0x00, 0x00, 0x00,
0x00, 0x00, 0x00, 0x00, 0x00, 0x00, 0x00, 0x00, 0x00, 0x00, 0x00, 0x00, 0x00, 0x00, 0x00, 0x00,
0x00, 0x00, 0x00, 0x00, 0x00, 0x00, 0x00, 0x00, 0x00, 0x00, 0x00, 0x00, 0x00, 0x00, 0x00, 0x00,
0x00, 0x00, 0x00, 0x00, 0x00, 0x00, 0x00, 0x00, 0x00, 0x00, 0x00, 0x00, 0x00, 0x00, 0x00, 0x00,
0x00, 0x00, 0x00, 0x00, 0x00, 0x00, 0x00, 0x00, 0x00, 0x00, 0x00, 0x00, 0x00, 0x00, 0x00, 0x00,
0x00, 0x00, 0x00, 0x00, 0x00, 0x00, 0x00, 0x00, 0x00, 0x00, 0x00, 0x00, 0x00, 0x00, 0x00, 0x00,
0x00, 0x00, 0x00, 0x00, 0x00, 0x00, 0x00, 0x00, 0x00, 0x00, 0x00, 0x00, 0x00, 0x00, 0x00, 0x00,
0x00, 0x00, 0x00, 0x00, 0x00, 0x00, 0x00, 0x00, 0x00, 0x00, 0x00, 0x00, 0x00, 0x00, 0x00, 0x00,
0x00, 0x00, 0x00, 0x00, 0x00, 0x00, 0x00, 0x00, 0x00, 0x00, 0x00, 0x00, 0x00, 0x00, 0x00, 0x00,
0x00, 0x00, 0x00, 0x00, 0x00, 0x00, 0x00, 0x00, 0x00, 0x00, 0x00, 0x00, 0x00, 0x00, 0x00, 0x00,
0x00, 0x00, 0x00, 0x00, 0x00, 0x00, 0x00, 0x00, 0x00, 0x00, 0x00, 0x00, 0x00, 0x00, 0x00, 0x00,
0x00, 0x00, 0x00, 0x00, 0x00, 0x00, 0x00, 0x00, 0x00, 0x00, 0x00, 0x00, 0x00, 0x00, 0x00, 0x00,
0x00, 0x00, 0x00, 0x00, 0x00, 0x00, 0x00, 0x00, 0x00, 0x00, 0x00, 0x00, 0x00, 0x00, 0x00, 0x00,
0x00, 0x00, 0x00, 0x00, 0x00, 0x00, 0x00, 0x00, 0x00, 0x00, 0x00, 0x00, 0x00, 0x00, 0x00, 0x00,
0x00, 0x00, 0x00, 0x00, 0x00, 0x00, 0x00, 0x00, 0x00, 0x00, 0x00, 0x00, 0x00, 0x00, 0x00, 0x00,
0x00, 0x00, 0x00, 0x00, 0x00, 0x00, 0x00, 0x00, 0x00, 0x00, 0x00, 0x00, 0x00, 0x00, 0x00, 0x00,
0x00, 0x00, 0x00, 0x00, 0x00, 0x00, 0x00, 0x00, 0x00, 0x00, 0x00, 0x00, 0x00, 0x00, 0x00, 0x00,
0x00, 0x00, 0x00, 0x00, 0x00, 0x00, 0x00, 0x00, 0x00, 0x00, 0x00, 0x00, 0x00, 0x00, 0x00, 0x00,
0x00, 0x00, 0x00, 0x00, 0x00, 0x00, 0x00, 0x00, 0x00, 0x00, 0x00, 0x00, 0x00, 0x00, 0x00, 0x00,
0x00, 0x00, 0x00, 0x00, 0x00, 0x00, 0x00, 0x00, 0x00, 0x00, 0x00, 0x00, 0x00, 0x00, 0x00, 0x00,
0x00, 0x00, 0x00, 0x00, 0x00, 0x00, 0x00, 0x00, 0x00, 0x00, 0x00, 0x00, 0x00, 0x00, 0x00, 0x00,
0x00, 0x00, 0x00, 0x00, 0x00, 0x00, 0x00, 0x00, 0x00, 0x00, 0x00, 0x00, 0x00, 0x00, 0x00, 0x00,
0x00, 0x00, 0x00, 0x00, 0x00, 0x00, 0x00, 0x00, 0x00, 0x00, 0x00, 0x00, 0x00, 0x00, 0x00, 0x00,
0x00, 0x00, 0x00, 0x00, 0x00, 0x00, 0x00, 0x00, 0x00, 0x00, 0x00, 0x00, 0x00, 0x00, 0x00, 0x00,
0x00, 0x00, 0x00, 0x00, 0x00, 0x00, 0x00, 0x00, 0x00, 0x00, 0x00, 0x00, 0x00, 0x00, 0x00, 0x00,
0x00, 0x00, 0x00, 0x00, 0x00, 0x00, 0x00, 0x00, 0x00, 0x00, 0x00, 0x00, 0x00, 0x00, 0x00, 0x00,
0x00, 0x00, 0x00, 0x00, 0x00, 0x00, 0x00, 0x00, 0x00, 0x00, 0x00, 0x00, 0x00, 0x00, 0x00, 0x00,
0x00, 0x00, 0x00, 0x00, 0x00, 0x00, 0x00, 0x00, 0x00, 0x00, 0x00, 0x00, 0x00, 0x00, 0x00, 0x00,
0x00, 0x00, 0x00, 0x00, 0x00, 0x00, 0x00, 0x00, 0x00, 0x00, 0x00, 0x00, 0x00, 0x00, 0x00, 0x00,
0x00, 0x00, 0x00, 0x00, 0x00, 0x00, 0x00, 0x00, 0x00, 0x00, 0x00, 0x00, 0x00, 0x00, 0x00, 0x00,
0x00, 0x00, 0x00, 0x00, 0x00, 0x00, 0x00, 0x00, 0x00, 0x00, 0x00, 0x00, 0x00, 0x00, 0x00, 0x00,
0x00, 0x00, 0x00, 0x00, 0x00, 0x00, 0x00, 0x00, 0x00, 0x00, 0x00, 0x00, 0x00, 0x00, 0x00, 0x00,
0x00, 0x00, 0x00, 0x00, 0x00, 0x00, 0x00, 0x00, 0x00, 0x00, 0x00, 0x00, 0x00, 0x00, 0x00, 0x00,
0x00, 0x00, 0x00, 0x00, 0x00, 0x00, 0x00, 0x00, 0x00, 0x00, 0x00, 0x00, 0x00, 0x00, 0x00, 0x00,
0x00, 0x00, 0x00, 0x00, 0x00, 0x00, 0x00, 0x00, 0x00, 0x00, 0x00, 0x00, 0x00, 0x00, 0x00, 0x00,
0x00, 0x00, 0x00, 0x00, 0x00, 0x00, 0x00, 0x00, 0x00, 0x00, 0x00, 0x00, 0x00, 0x00, 0x00, 0x00,
0x00, 0x00, 0x00, 0x00, 0x00, 0x00, 0x00, 0x00, 0x00, 0x00, 0x00, 0x00, 0x00, 0x00, 0x00, 0x00,
0x00, 0x00, 0x00, 0x00, 0x00, 0x00, 0x00, 0x00, 0x00, 0x00, 0x00, 0x00, 0x00, 0x00, 0x00, 0x00,
0x00, 0x00, 0x00, 0x00, 0x00, 0x00, 0x00, 0x00, 0x00, 0x00, 0x00, 0x00, 0x00, 0x00, 0x00, 0x00,
0x00, 0x00, 0x00, 0x00, 0x00, 0x00, 0x00, 0x00, 0x00, 0x00, 0x00, 0x00, 0x00, 0x00, 0x00, 0x00,
0x00, 0x00, 0x00, 0x00, 0x00, 0x00, 0x00, 0x00, 0x00, 0x00, 0x00, 0x00, 0x00, 0x00, 0x00, 0x00,
0x00, 0x00, 0x00, 0x00, 0x00, 0x00, 0x00, 0x00, 0x00, 0x00, 0x00, 0x00, 0x00, 0x00, 0x00, 0x00,
0x00, 0x00, 0x00, 0x00, 0x00, 0x00, 0x00, 0x00, 0x00, 0x00, 0x00, 0x00, 0x00, 0x00, 0x00, 0x00,
0x00, 0x00, 0x00, 0x00, 0x00, 0x00, 0x00, 0x00, 0x00, 0x00, 0x00, 0x00, 0x00, 0x00, 0x00, 0x00,
0x00, 0x00, 0x00, 0x00, 0x00, 0x00, 0x00, 0x00, 0x00, 0x00, 0x00, 0x00, 0x00, 0x00, 0x00, 0x00,
0x00, 0x00, 0x00, 0x00, 0x00, 0x00, 0x00, 0x00, 0x00, 0x00, 0x00, 0x00, 0x00, 0x00, 0x00, 0x00,
0x00, 0x00, 0x00, 0x00, 0x00, 0x00, 0x00, 0x00, 0x00, 0x00, 0x00, 0x00, 0x00, 0x00, 0x00, 0x00,
0x00, 0x00, 0x00, 0x00, 0x00, 0x00, 0x00, 0x00, 0x00, 0x00, 0x00, 0x00, 0x00, 0x00, 0x00, 0x00,
0x00, 0x00, 0x00, 0x00, 0x00, 0x00, 0x00, 0x00, 0x00, 0x00, 0x00, 0x00, 0x00, 0x00, 0x00, 0x00,
0x00, 0x00, 0x00, 0x00, 0x00, 0x00, 0x00, 0x00, 0x00, 0x00, 0x00, 0x00, 0x00, 0x00, 0x00, 0x00,
0x00, 0x00, 0x00, 0x00, 0x00, 0x00, 0x00, 0x00, 0x00, 0x00, 0x00, 0x00, 0x00, 0x00, 0x00, 0x00,
0x00, 0x00, 0x00, 0x00, 0x00, 0x00, 0x00, 0x00, 0x00, 0x00, 0x00, 0x00, 0x00, 0x00, 0x00, 0x00,
0x00, 0x00, 0x00, 0x00, 0x00, 0x00, 0x00, 0x00, 0x00, 0x00, 0x00, 0x00, 0x00, 0x00, 0x00, 0x00,
0x00, 0x00, 0x00, 0x00, 0x00, 0x00, 0x00, 0x00, 0x00, 0x00, 0x00, 0x00, 0x00, 0x00, 0x00, 0x00,
0x00, 0x00, 0x00, 0x00, 0x00, 0x00, 0x00, 0x00, 0x00, 0x00, 0x00, 0x00, 0x00, 0x00, 0x00, 0x00,
0x00, 0x00, 0x00, 0x00, 0x00, 0x00, 0x00, 0x00, 0x00, 0x00, 0x00, 0x00, 0x00, 0x00, 0x00, 0x00,
0x00, 0x00, 0x00, 0x00, 0x00, 0x00, 0x00, 0x00, 0x00, 0x00, 0x00, 0x00, 0x00, 0x00, 0x00, 0x00,
0x00, 0x00, 0x00, 0x00, 0x00, 0x00, 0x00, 0x00, 0x00, 0x00, 0x00, 0x00, 0x00, 0x00, 0x00, 0x00,
0x00, 0x00, 0x00, 0x00, 0x00, 0x00, 0x00, 0x00, 0x00, 0x00, 0x00, 0x00, 0x00, 0x00, 0x00, 0x00,
0x00, 0x00, 0x00, 0x00, 0x00, 0x00, 0x00, 0x00, 0x00, 0x00, 0x00, 0x00, 0x00, 0x00, 0x00, 0x00,
0x00, 0x00, 0x00, 0x00, 0x00, 0x00, 0x00, 0x00, 0x00, 0x00, 0x00, 0x00, 0x00, 0x00, 0x00, 0x00,
0x00, 0x00, 0x00, 0x00, 0x00, 0x00, 0x00, 0x00, 0x00, 0x00, 0x00, 0x00, 0x00, 0x00, 0x00, 0x00,
0x00, 0x00, 0x00, 0x00, 0x00, 0x00, 0x00, 0x00, 0x00, 0x00, 0x00, 0x00, 0x00, 0x00, 0x00, 0x00,
0x00, 0x00, 0x00, 0x00, 0x00, 0x00, 0x00, 0x00, 0x00, 0x00, 0x00, 0x00, 0x00, 0x00, 0x00, 0x00,
0x00, 0x00, 0x00, 0x00, 0x00, 0x00, 0x00, 0x00, 0x00, 0x00, 0x00, 0x00, 0x00, 0x00, 0x00, 0x00,
0x00, 0x00, 0x00, 0x00, 0x00, 0x00, 0x00, 0x00, 0x00, 0x00, 0x00, 0x00, 0x00, 0x00, 0x00, 0x00,
0x00, 0x00, 0x00, 0x00, 0x00, 0x00, 0x00, 0x00, 0x00, 0x00, 0x00, 0x00, 0x00, 0x00, 0x00, 0x00,
0x00, 0x00, 0x00, 0x00, 0x00, 0x00, 0x00, 0x00, 0x00, 0x00, 0x00, 0x00, 0x00, 0x00, 0x00, 0x00,
0x00, 0x00, 0x00, 0x00, 0x00, 0x00, 0x00, 0x00, 0x00, 0x00, 0x00, 0x00, 0x00, 0x00, 0x00, 0x00,
0x00, 0x00, 0x00, 0x00, 0x00, 0x00, 0x00, 0x00, 0x00, 0x00, 0x00, 0x00, 0x00, 0x00, 0x00, 0x00,
0x00, 0x00, 0x00, 0x00, 0x00, 0x00, 0x00, 0x00, 0x00, 0x00, 0x00, 0x00, 0x00, 0x00, 0x00, 0x00,
0x00, 0x00, 0x00, 0x00, 0x00, 0x00, 0x00, 0x00, 0x00, 0x00, 0x00, 0x00, 0x00, 0x00, 0x00, 0x00,
0x00, 0x00, 0x00, 0x00, 0x00, 0x00, 0x00, 0x00, 0x00, 0x00, 0x00, 0x00, 0x00, 0x00, 0x00, 0x00,
0x00, 0x00, 0x00, 0x00, 0x00, 0x00, 0x00, 0x00, 0x00, 0x00, 0x00, 0x00, 0x00, 0x00, 0x00, 0x00,
0x00, 0x00, 0x00, 0x00, 0x00, 0x00, 0x00, 0x00, 0x00, 0x00, 0x00, 0x00, 0x00, 0x00, 0x00, 0x00,
0x00, 0x00, 0x00, 0x00, 0x00, 0x00, 0x00, 0x00, 0x00, 0x00, 0x00, 0x00, 0x00, 0x00, 0x00, 0x00,
0x00, 0x00, 0x00, 0x00, 0x00, 0x00, 0x00, 0x00, 0x00, 0x00, 0x00, 0x00, 0x00, 0x00, 0x00, 0x00,
0x00, 0x00, 0x00, 0x00, 0x00, 0x00, 0x00, 0x00, 0x00, 0x00, 0x00, 0x00, 0x00, 0x00, 0x00, 0x00,
0x00, 0x00, 0x00, 0x00, 0x00, 0x00, 0x00, 0x00, 0x00, 0x00, 0x00, 0x00, 0x00, 0x00, 0x00, 0x00,
0x00, 0x00, 0x00, 0x00, 0x00, 0x00, 0x00, 0x00, 0x00, 0x00, 0x00, 0x00, 0x00, 0x00, 0x00, 0x00,
0x00, 0x00, 0x00, 0x00, 0x00, 0x00, 0x00, 0x00, 0x00, 0x00, 0x00, 0x00, 0x00, 0x00, 0x00, 0x00,
0x00, 0x00, 0x00, 0x00, 0x00, 0x00, 0x00, 0x00, 0x00, 0x00, 0x00, 0x00, 0x00, 0x00, 0x00, 0x00,
0x00, 0x00, 0x00, 0x00, 0x00, 0x00, 0x00, 0x00, 0x00, 0x00, 0x00, 0x00, 0x00, 0x00, 0x00, 0x00,
0x00, 0x00, 0x00, 0x00, 0x00, 0x00, 0x00, 0x00, 0x00, 0x00, 0x00, 0x00, 0x00, 0x00, 0x00, 0x00,
0x00, 0x00, 0x00, 0x00, 0x00, 0x00, 0x00, 0x00, 0x00, 0x00, 0x00, 0x00, 0x00, 0x00, 0x00, 0x00,
0x00, 0x00, 0x00, 0x00, 0x00, 0x00, 0x00, 0x00, 0x00, 0x00, 0x00, 0x00, 0x00, 0x00, 0x00, 0x00,
0x00, 0x00, 0x00, 0x00, 0x00, 0x00, 0x00, 0x00, 0x00, 0x00, 0x00, 0x00, 0x00, 0x00, 0x00, 0x00,
0x00, 0x00, 0x00, 0x00, 0x00, 0x00, 0x00, 0x00, 0x00, 0x00, 0x00, 0x00, 0x00, 0x00, 0x00, 0x00,
0x00, 0x00, 0x00, 0x00, 0x00, 0x00, 0x00, 0x00, 0x00, 0x00, 0x00, 0x00, 0x00, 0x00, 0x00, 0x00,
0x00, 0x00, 0x00, 0x00, 0x00, 0x00, 0x00, 0x00, 0x00, 0x00, 0x00, 0x00, 0x00, 0x00, 0x00, 0x00,
0x00, 0x00, 0x00, 0x00, 0x00, 0x00, 0x00, 0x00, 0x00, 0x00, 0x00, 0x00, 0x00, 0x00, 0x00, 0x00,
0x00, 0x00, 0x00, 0x00, 0x00, 0x00, 0x00, 0x00, 0x00, 0x00, 0x00, 0x00, 0x00, 0x00, 0x00, 0x00,
0x00, 0x00, 0x00, 0x00, 0x00, 0x00, 0x00, 0x00, 0x00, 0x00, 0x00, 0x00, 0x00, 0x00, 0x00, 0x00,
0x00, 0x00, 0x00, 0x00, 0x00, 0x00, 0x00, 0x00, 0x00, 0x00, 0x00, 0x00, 0x00, 0x00, 0x00, 0x00,
0x00, 0x00, 0x00, 0x00, 0x00, 0x00, 0x00, 0x00, 0x00, 0x00, 0x00, 0x00, 0x00, 0x00, 0x00, 0x00,
0x00, 0x00, 0x00, 0x00, 0x00, 0x00, 0x00, 0x00, 0x00, 0x00, 0x00, 0x00, 0x00, 0x00, 0x00, 0x00,
0x00, 0x00, 0x00, 0x00, 0x00, 0x00, 0x00, 0x00, 0x00, 0x00, 0x00, 0x00, 0x00, 0x00, 0x00, 0x00,
0x00, 0x00, 0x00, 0x00, 0x00, 0x00, 0x00, 0x00, 0x00, 0x00, 0x00, 0x00, 0x00, 0x00, 0x00, 0x00,
0x00, 0x00, 0x00, 0x00, 0x00, 0x00, 0x00, 0x00, 0x00, 0x00, 0x00, 0x00, 0x00, 0x00, 0x00, 0x00,
0x00, 0x00, 0x00, 0x00, 0x00, 0x00, 0x00, 0x00, 0x00, 0x00, 0x00, 0x00, 0x00, 0x00, 0x00, 0x00,
0x00, 0x00, 0x00, 0x00, 0x00, 0x00, 0x00, 0x00, 0x00, 0x00, 0x00, 0x00, 0x00, 0x00, 0x00, 0x00,
0x00, 0x00, 0x00, 0x00, 0x00, 0x00, 0x00, 0x00, 0x00, 0x00, 0x00, 0x00, 0x00, 0x00, 0x00, 0x00,
0x00, 0x00, 0x00, 0x00, 0x00, 0x00, 0x00, 0x00, 0x00, 0x00, 0x00, 0x00, 0x00, 0x00, 0x00, 0x00,
0x00, 0x00, 0x00, 0x00, 0x00, 0x00, 0x00, 0x00, 0x00, 0x00, 0x00, 0x00, 0x00, 0x00, 0x00, 0x00,
0x00, 0x00, 0x00, 0x00, 0x00, 0x00, 0x00, 0x00, 0x00, 0x00, 0x00, 0x00, 0x00, 0x00, 0x00, 0x00,
0x00, 0x00, 0x00, 0x00, 0x00, 0x00, 0x00, 0x00, 0x00, 0x00, 0x00, 0x00, 0x00, 0x00, 0x00, 0x00,
0x00, 0x00, 0x00, 0x00, 0x00, 0x00, 0x00, 0x00, 0x00, 0x00, 0x00, 0x00, 0x00, 0x00, 0x00, 0x00,
0x00, 0x00, 0x00, 0x00, 0x00, 0x00, 0x00, 0x00, 0x00, 0x00, 0x00, 0x00, 0x00, 0x00, 0x00, 0x00,
0x00, 0x00, 0x00, 0x00, 0x00, 0x00, 0x00, 0x00, 0x00, 0x00, 0x00, 0x00, 0x00, 0x00, 0x00, 0x00,
0x00, 0x00, 0x00, 0x00, 0x00, 0x00, 0x00, 0x00, 0x00, 0x00, 0x00, 0x00, 0x00, 0x00, 0x00, 0x00,
0x00, 0x00, 0x00, 0x00, 0x00, 0x00, 0x00, 0x00, 0x00, 0x00, 0x00, 0x00, 0x00, 0x00, 0x00, 0x00,
0x00, 0x00, 0x00, 0x00, 0x00, 0x00, 0x00, 0x00, 0x00, 0x00, 0x00, 0x00, 0x00, 0x00, 0x00, 0x00,
0x00, 0x00, 0x00, 0x00, 0x00, 0x00, 0x00, 0x00, 0x00, 0x00, 0x00, 0x00, 0x00, 0x00, 0x00, 0x00,
0x00, 0x00, 0x00, 0x00, 0x00, 0x00, 0x00, 0x00, 0x00, 0x00, 0x00, 0x00, 0x00, 0x00, 0x00, 0x00,
0x00, 0x00, 0x00, 0x00, 0x00, 0x00, 0x00, 0x00, 0x00, 0x00, 0x00, 0x00, 0x00, 0x00, 0x00, 0x00,
0x00, 0x00, 0x00, 0x00, 0x00, 0x00, 0x00, 0x00, 0x00, 0x00, 0x00, 0x00, 0x00, 0x00, 0x00, 0x00,
0x00, 0x00, 0x00, 0x00, 0x00, 0x00, 0x00, 0x00, 0x00, 0x00, 0x00, 0x00, 0x00, 0x00, 0x00, 0x00,
0x00, 0x00, 0x00, 0x00, 0x00, 0x00, 0x00, 0x00, 0x00, 0x00, 0x00, 0x00, 0x00, 0x00, 0x00, 0x00,
0x00, 0x00, 0x00, 0x00, 0x00, 0x00, 0x00, 0x00, 0x00, 0x00, 0x00, 0x00, 0x00, 0x00, 0x00, 0x00,
0x00, 0x00, 0x00, 0x00, 0x00, 0x00, 0x00, 0x00, 0x00, 0x00, 0x00, 0x00, 0x00, 0x00, 0x00, 0x00,
0x00, 0x00, 0x00, 0x00, 0x00, 0x00, 0x00, 0x00, 0x00, 0x00, 0x00, 0x00, 0x00, 0x00, 0x00, 0x00,
0x00, 0x00, 0x00, 0x00, 0x00, 0x00, 0x00, 0x00, 0x00, 0x00, 0x00, 0x00, 0x00, 0x00, 0x00, 0x00,
0x00, 0x00, 0x00, 0x00, 0x00, 0x00, 0x00, 0x00, 0x00, 0x00, 0x00, 0x00, 0x00, 0x00, 0x00, 0x00,
0x00, 0x00, 0x00, 0x00, 0x00, 0x00, 0x00, 0x00, 0x00, 0x00, 0x00, 0x00, 0x00, 0x00, 0x00, 0x00,
0x00, 0x00, 0x00, 0x00, 0x00, 0x00, 0x00, 0x00, 0x00, 0x00, 0x00, 0x00, 0x00, 0x00, 0x00, 0x00,
0x00, 0x00, 0x00, 0x00, 0x00, 0x00, 0x00, 0x00, 0x00, 0x00, 0x00, 0x00, 0x00, 0x00, 0x00, 0x00,
0x00, 0x00, 0x00, 0x00, 0x00, 0x00, 0x00, 0x00, 0x00, 0x00, 0x00, 0x00, 0x00, 0x00, 0x00, 0x00,
0x00, 0x00, 0x00, 0x00, 0x00, 0x00, 0x00, 0x00, 0x00, 0x00, 0x00, 0x00, 0x00, 0x00, 0x00, 0x00,
0x00, 0x00, 0x00, 0x00, 0x00, 0x00, 0x00, 0x00, 0x00, 0x00, 0x00, 0x00, 0x00, 0x00, 0x00, 0x00,
0x00, 0x00, 0x00, 0x00, 0x00, 0x00, 0x00, 0x00, 0x00, 0x00, 0x00, 0x00, 0x00, 0x00, 0x00, 0x00,
0x00, 0x00, 0x00, 0x00, 0x00, 0x00, 0x00, 0x00, 0x00, 0x00, 0x00, 0x00, 0x00, 0x00, 0x00, 0x00,
0x00, 0x00, 0x00, 0x00, 0x00, 0x00, 0x00, 0x00, 0x00, 0x00, 0x00, 0x00, 0x00, 0x00, 0x00, 0x00,
0x00, 0x00, 0x00, 0x00, 0x00, 0x00, 0x00, 0x00, 0x00, 0x00, 0x00, 0x00, 0x00, 0x00, 0x00, 0x00,
0x00, 0x00, 0x00, 0x00, 0x00, 0x00, 0x00, 0x00, 0x00, 0x00, 0x00, 0x00, 0x00, 0x00, 0x00, 0x00,
0x00, 0x00, 0x00, 0x00, 0x00, 0x00, 0x00, 0x00, 0x00, 0x00, 0x00, 0x00, 0x00, 0x00, 0x00, 0x00,
0x00, 0x00, 0x00, 0x00, 0x00, 0x00, 0x00, 0x00, 0x00, 0x00, 0x00, 0x00, 0x00, 0x00, 0x00, 0x00,
0x00, 0x00, 0x00, 0x00, 0x00, 0x00, 0x00, 0x00, 0x00, 0x00, 0x00, 0x00, 0x00, 0x00, 0x00, 0x00,
0x00, 0x00, 0x00, 0x00, 0x00, 0x00, 0x00, 0x00, 0x00, 0x00, 0x00, 0x00, 0x00, 0x00, 0x00, 0x00,
0x00, 0x00, 0x00, 0x00, 0x00, 0x00, 0x00, 0x00, 0x00, 0x00, 0x00, 0x00, 0x00, 0x00, 0x00, 0x00,
0x00, 0x00, 0x00, 0x00, 0x00, 0x00, 0x00, 0x00, 0x00, 0x00, 0x00, 0x00, 0x00, 0x00, 0x00, 0x00,
0x00, 0x00, 0x00, 0x00, 0x00, 0x00, 0x00, 0x00, 0x00, 0x00, 0x00, 0x00, 0x00, 0x00, 0x00, 0x00,
0x00, 0x00, 0x00, 0x00, 0x00, 0x00, 0x00, 0x00, 0x00, 0x00, 0x00, 0x00, 0x00, 0x00, 0x00, 0x00,
0x00, 0x00, 0x00, 0x00, 0x00, 0x00, 0x00, 0x00, 0x00, 0x00, 0x00, 0x00, 0x00, 0x00, 0x00, 0x00,
0x00, 0x00, 0x00, 0x00, 0x00, 0x00, 0x00, 0x00, 0x00, 0x00, 0x00, 0x00, 0x00, 0x00, 0x00, 0x00,
0x00, 0x00, 0x00, 0x00, 0x00, 0x00, 0x00, 0x00, 0x00, 0x00, 0x00, 0x00, 0x00, 0x00, 0x00, 0x00,
0x00, 0x00, 0x00, 0x00, 0x00, 0x00, 0x00, 0x00, 0x00, 0x00, 0x00, 0x00, 0x00, 0x00, 0x00, 0x00,
0x00, 0x00, 0x00, 0x00, 0x00, 0x00, 0x00, 0x00, 0x00, 0x00, 0x00, 0x00, 0x00, 0x00, 0x00, 0x00,
0x00, 0x00, 0x00, 0x00, 0x00, 0x00, 0x00, 0x00, 0x00, 0x00, 0x00, 0x00, 0x00, 0x00, 0x00, 0x00,
0x00, 0x00, 0x00, 0x00, 0x00, 0x00, 0x00, 0x00, 0x00, 0x00, 0x00, 0x00, 0x00, 0x00, 0x00, 0x00,
0x00, 0x00, 0x00, 0x00, 0x00, 0x00, 0x00, 0x00, 0x00, 0x00, 0x00, 0x00, 0x00, 0x00, 0x00, 0x00,
0x00, 0x00, 0x00, 0x00, 0x00, 0x00, 0x00, 0x00, 0x00, 0x00, 0x00, 0x00, 0x00, 0x00, 0x00, 0x00,
0x00, 0x00, 0x00, 0x00, 0x00, 0x00, 0x00, 0x00, 0x00, 0x00, 0x00, 0x00, 0x00, 0x00, 0x00, 0x00,
0x00, 0x00, 0x00, 0x00, 0x00, 0x00, 0x00, 0x00, 0x00, 0x00, 0x00, 0x00, 0x00, 0x00, 0x00, 0x00,
0x00, 0x00, 0x00, 0x00, 0x00, 0x00, 0x00, 0x00, 0x00, 0x00, 0x00, 0x00, 0x00, 0x00, 0x00, 0x00,
0x00, 0x00, 0x00, 0x00, 0x00, 0x00, 0x00, 0x00, 0x00, 0x00, 0x00, 0x00, 0x00, 0x00, 0x00, 0x00,
0x00, 0x00, 0x00, 0x00, 0x00, 0x00, 0x00, 0x00, 0x00, 0x00, 0x00, 0x00, 0x00, 0x00, 0x00, 0x00,
0x00, 0x00, 0x00, 0x00, 0x00, 0x00, 0x00, 0x00, 0x00, 0x00, 0x00, 0x00, 0x00, 0x00, 0x00, 0x00,
0x00, 0x00, 0x00, 0x00, 0x00, 0x00, 0x00, 0x00, 0x00, 0x00, 0x00, 0x00, 0x00, 0x00, 0x00, 0x00,
0x00, 0x00, 0x00, 0x00, 0x00, 0x00, 0x00, 0x00, 0x00, 0x00, 0x00, 0x00, 0x00, 0x00, 0x00, 0x00,
0x00, 0x00, 0x00, 0x00, 0x00, 0x00, 0x00, 0x00, 0x00, 0x00, 0x00, 0x00, 0x00, 0x00, 0x00, 0x00,
0x00, 0x00, 0x00, 0x00, 0x00, 0x00, 0x00, 0x00, 0x00, 0x00, 0x00, 0x00, 0x00, 0x00, 0x00, 0x00,
0x00, 0x00, 0x00, 0x00, 0x00, 0x00, 0x00, 0x00, 0x00, 0x00, 0x00, 0x00, 0x00, 0x00, 0x00, 0x00,
0x00, 0x00, 0x00, 0x00, 0x00, 0x00, 0x00, 0x00, 0x00, 0x00, 0x00, 0x00, 0x00, 0x00, 0x00, 0x00,
0x00, 0x00, 0x00, 0x00, 0x00, 0x00, 0x00, 0x00, 0x00, 0x00, 0x00, 0x00, 0x00, 0x00, 0x00, 0x00,
0x00, 0x00, 0x00, 0x00, 0x00, 0x00, 0x00, 0x00, 0x00, 0x00, 0x00, 0x00, 0x00, 0x00, 0x00, 0x00,
0x00, 0x00, 0x00, 0x00, 0x00, 0x00, 0x00, 0x00, 0x00, 0x00, 0x00, 0x00, 0x00, 0x00, 0x00, 0x00,
0x00, 0x00, 0x00, 0x00, 0x00, 0x00, 0x00, 0x00, 0x00, 0x00, 0x00, 0x00, 0x00, 0x00, 0x00, 0x00,
0x00, 0x00, 0x00, 0x00, 0x00, 0x00, 0x00, 0x00, 0x00, 0x00, 0x00, 0x00, 0x00, 0x00, 0x00, 0x00,
0x00, 0x00, 0x00, 0x00, 0x00, 0x00, 0x00, 0x00, 0x00, 0x00, 0x00, 0x00, 0x00, 0x00, 0x00, 0x00,
0x00, 0x00, 0x00, 0x00, 0x00, 0x00, 0x00, 0x00, 0x00, 0x00, 0x00, 0x00, 0x00, 0x00, 0x00, 0x00,
0x00, 0x00, 0x00, 0x00, 0x00, 0x00, 0x00, 0x00, 0x00, 0x00, 0x00, 0x00, 0x00, 0x00, 0x00, 0x00,
0x00, 0x00, 0x00, 0x00, 0x00, 0x00, 0x00, 0x00, 0x00, 0x00, 0x00, 0x00, 0x00, 0x00, 0x00, 0x00,
0x00, 0x00, 0x00, 0x00, 0x00, 0x00, 0x00, 0x00, 0x00, 0x00, 0x00, 0x00, 0x00, 0x00, 0x00, 0x00,
0x00, 0x00, 0x00, 0x00, 0x00, 0x00, 0x00, 0x00, 0x00, 0x00, 0x00, 0x00, 0x00, 0x00, 0x00, 0x00,
0x00, 0x00, 0x00, 0x00, 0x00, 0x00, 0x00, 0x00, 0x00, 0x00, 0x00, 0x00, 0x00, 0x00, 0x00, 0x00,
0x00, 0x00, 0x00, 0x00, 0x00, 0x00, 0x00, 0x00, 0x00, 0x00, 0x00, 0x00, 0x00, 0x00, 0x00, 0x00,
0x00, 0x00, 0x00, 0x00, 0x00, 0x00, 0x00, 0x00, 0x00, 0x00, 0x00, 0x00, 0x00, 0x00, 0x00, 0x00,
0x00, 0x00, 0x00, 0x00, 0x00, 0x00, 0x00, 0x00, 0x00, 0x00, 0x00, 0x00, 0x00, 0x00, 0x00, 0x00,
0x00, 0x00, 0x00, 0x00, 0x00, 0x00, 0x00, 0x00, 0x00, 0x00, 0x00, 0x00, 0x00, 0x00, 0x00, 0x00,
0x00, 0x00, 0x00, 0x00, 0x00, 0x00, 0x00, 0x00, 0x00, 0x00, 0x00, 0x00, 0x00, 0x00, 0x00, 0x00,
0x00, 0x00, 0x00, 0x00, 0x00, 0x00, 0x00, 0x00, 0x00, 0x00, 0x00, 0x00, 0x00, 0x00, 0x00, 0x00,
0x00, 0x00, 0x00, 0x00, 0x00, 0x00, 0x00, 0x00, 0x00, 0x00, 0x00, 0x00, 0x00, 0x00, 0x00, 0x00,
0x00, 0x00, 0x00, 0x00, 0x00, 0x00, 0x00, 0x00, 0x00, 0x00, 0x00, 0x00, 0x00, 0x00, 0x00, 0x00,
0x00, 0x00, 0x00, 0x00, 0x00, 0x00, 0x00, 0x00, 0x00, 0x00, 0x00, 0x00, 0x00, 0x00, 0x00, 0x00,
0x00, 0x00, 0x00, 0x00, 0x00, 0x00, 0x00, 0x00, 0x00, 0x00, 0x00, 0x00, 0x00, 0x00, 0x00, 0x00,
0x00, 0x00, 0x00, 0x00, 0x00, 0x00, 0x00, 0x00, 0x00, 0x00, 0x00, 0x00, 0x00, 0x00, 0x00, 0x00,
0x00, 0x00, 0x00, 0x00, 0x00, 0x00, 0x00, 0x00, 0x00, 0x00, 0x00, 0x00, 0x00, 0x00, 0x00, 0x00,
0x00, 0x00, 0x00, 0x00, 0x00, 0x00, 0x00, 0x00, 0x00, 0x00, 0x00, 0x00, 0x00, 0x00, 0x00, 0x00,
0x00, 0x00, 0x00, 0x00, 0x00, 0x00, 0x00, 0x00, 0x00, 0x00, 0x00, 0x00, 0x00, 0x00, 0x00, 0x00,
0x00, 0x00, 0x00, 0x00, 0x00, 0x00, 0x00, 0x00, 0x00, 0x00, 0x00, 0x00, 0x00, 0x00, 0x00, 0x00,
0x00, 0x00, 0x00, 0x00, 0x00, 0x00, 0x00, 0x00, 0x00, 0x00, 0x00, 0x00, 0x00, 0x00, 0x00, 0x00,
0x00, 0x00, 0x00, 0x00, 0x00, 0x00, 0x00, 0x00, 0x00, 0x00, 0x00, 0x00, 0x00, 0x00, 0x00, 0x00,
0x00, 0x00, 0x00, 0x00, 0x00, 0x00, 0x00, 0x00, 0x00, 0x00, 0x00, 0x00, 0x00, 0x00, 0x00, 0x00,
0x00, 0x00, 0x00, 0x00, 0x00, 0x00, 0x00, 0x00, 0x00, 0x00, 0x00, 0x00, 0x00, 0x00, 0x00, 0x00,
0x00, 0x00, 0x00, 0x00, 0x00, 0x00, 0x00, 0x00, 0x00, 0x00, 0x00, 0x00, 0x00, 0x00, 0x00, 0x00,
0x00, 0x00, 0x00, 0x00, 0x00, 0x00, 0x00, 0x00, 0x00, 0x00, 0x00, 0x00, 0x00, 0x00, 0x00, 0x00,
0x00, 0x00, 0x00, 0x00, 0x00, 0x00, 0x00, 0x00, 0x00, 0x00, 0x00, 0x00, 0x00, 0x00, 0x00, 0x00,
0x00, 0x00, 0x00, 0x00, 0x00, 0x00, 0x00, 0x00, 0x00, 0x00, 0x00, 0x00, 0x00, 0x00, 0x00, 0x00,
0x00, 0x00, 0x00, 0x00, 0x00, 0x00, 0x00, 0x00, 0x00, 0x00, 0x00, 0x00, 0x00, 0x00, 0x00, 0x00,
0x00, 0x00, 0x00, 0x00, 0x00, 0x00, 0x00, 0x00, 0x00, 0x00, 0x00, 0x00, 0x00, 0x00, 0x00, 0x00,
0x00, 0x00, 0x00, 0x00, 0x00, 0x00, 0x00, 0x00, 0x00, 0x00, 0x00, 0x00, 0x00, 0x00, 0x00, 0x00,
0x00, 0x00, 0x00, 0x00, 0x00, 0x00, 0x00, 0x00, 0x00, 0x00, 0x00, 0x00, 0x00, 0x00, 0x00, 0x00,
0x00, 0x00, 0x00, 0x00, 0x00, 0x00, 0x00, 0x00, 0x00, 0x00, 0x00, 0x00, 0x00, 0x00, 0x00, 0x00,
0x00, 0x00, 0x00, 0x00, 0x00, 0x00, 0x00, 0x00, 0x00, 0x00, 0x00, 0x00, 0x00, 0x00, 0x00, 0x00,
0x00, 0x00, 0x00, 0x00, 0x00, 0x00, 0x00, 0x00, 0x00, 0x00, 0x00, 0x00, 0x00, 0x00, 0x00, 0x00,
0x00, 0x00, 0x00, 0x00, 0x00, 0x00, 0x00, 0x00, 0x00, 0x00, 0x00, 0x00, 0x00, 0x00, 0x00, 0x00,
0x00, 0x00, 0x00, 0x00, 0x00, 0x00, 0x00, 0x00, 0x00, 0x00, 0x00, 0x00, 0x00, 0x00, 0x00, 0x00,
0x00, 0x00, 0x00, 0x00, 0x00, 0x00, 0x00, 0x00, 0x00, 0x00, 0x00, 0x00, 0x00, 0x00, 0x00, 0x00,
0x00, 0x00, 0x00, 0x00, 0x00, 0x00, 0x00, 0x00, 0x00, 0x00, 0x00, 0x00, 0x00, 0x00, 0x00, 0x00,
0x00, 0x00, 0x00, 0x00, 0x00, 0x00, 0x00, 0x00, 0x00, 0x00, 0x00, 0x00, 0x00, 0x00, 0x00, 0x00,
0x00, 0x00, 0x00, 0x00, 0x00, 0x00, 0x00, 0x00, 0x00, 0x00, 0x00, 0x00, 0x00, 0x00, 0x00, 0x00,
0x00, 0x00, 0x00, 0x00, 0x00, 0x00, 0x00, 0x00, 0x00, 0x00, 0x00, 0x00, 0x00, 0x00, 0x00, 0x00,
0x00, 0x00, 0x00, 0x00, 0x00, 0x00, 0x00, 0x00, 0x00, 0x00, 0x00, 0x00, 0x00, 0x00, 0x00, 0x00,
0x00, 0x00, 0x00, 0x00, 0x00, 0x00, 0x00, 0x00, 0x00, 0x00, 0x00, 0x00, 0x00, 0x00, 0x00, 0x00,
0x00, 0x00, 0x00, 0x00, 0x00, 0x00, 0x00, 0x00, 0x00, 0x00, 0x00, 0x00, 0x00, 0x00, 0x00, 0x00,
0x00, 0x00, 0x00, 0x00, 0x00, 0x00, 0x00, 0x00, 0x00, 0x00, 0x00, 0x00, 0x00, 0x00, 0x00, 0x00,
0x00, 0x00, 0x00, 0x00, 0x00, 0x00, 0x00, 0x00, 0x00, 0x00, 0x00, 0x00, 0x00, 0x00, 0x00, 0x00,
0x00, 0x00, 0x00, 0x00, 0x00, 0x00, 0x00, 0x00, 0x00, 0x00, 0x00, 0x00, 0x00, 0x00, 0x00, 0x00,
0x00, 0x00, 0x00, 0x00, 0x00, 0x00, 0x00, 0x00, 0x00, 0x00, 0x00, 0x00, 0x00, 0x00, 0x00, 0x00,
0x00, 0x00, 0x00, 0x00, 0x00, 0x00, 0x00, 0x00, 0x00, 0x00, 0x00, 0x00, 0x00, 0x00, 0x00, 0x00,
0x00, 0x00, 0x00, 0x00, 0x00, 0x00, 0x00, 0x00, 0x00, 0x00, 0x00, 0x00, 0x00, 0x00, 0x00, 0x00,
0x00, 0x00, 0x00, 0x00, 0x00, 0x00, 0x00, 0x00, 0x00, 0x00, 0x00, 0x00, 0x00, 0x00, 0x00, 0x00,
0x00, 0x00, 0x00, 0x00, 0x00, 0x00, 0x00, 0x00, 0x00, 0x00, 0x00, 0x00, 0x00, 0x00, 0x00, 0x00,
0x00, 0x00, 0x00, 0x00, 0x00, 0x00, 0x00, 0x00, 0x00, 0x00, 0x00, 0x00, 0x00, 0x00, 0x00, 0x00,
0x00, 0x00, 0x00, 0x00, 0x00, 0x00, 0x00, 0x00, 0x00, 0x00, 0x00, 0x00, 0x00, 0x00, 0x00, 0x00,
0x00, 0x00, 0x00, 0x00, 0x00, 0x00, 0x00, 0x00, 0x00, 0x00, 0x00, 0x00, 0x00, 0x00, 0x00, 0x00,
0x00, 0x00, 0x00, 0x00, 0x00, 0x00, 0x00, 0x00, 0x00, 0x00, 0x00, 0x00, 0x00, 0x00, 0x00, 0x00,
0x00, 0x00, 0x00, 0x00, 0x00, 0x00, 0x00, 0x00, 0x00, 0x00, 0x00, 0x00, 0x00, 0x00, 0x00, 0x00,
0x00, 0x00, 0x00, 0x00, 0x00, 0x00, 0x00, 0x00, 0x00, 0x00, 0x00, 0x00, 0x00, 0x00, 0x00, 0x00,
0x00, 0x00, 0x00, 0x00, 0x00, 0x00, 0x00, 0x00, 0x00, 0x00, 0x00, 0x00, 0x00, 0x00, 0x00, 0x00,
0x00, 0x00, 0x00, 0x00, 0x00, 0x00, 0x00, 0x00, 0x00, 0x00, 0x00, 0x00, 0x00, 0x00, 0x00, 0x00,
0x00, 0x00, 0x00, 0x00, 0x00, 0x00, 0x00, 0x00, 0x00, 0x00, 0x00, 0x00, 0x00, 0x00, 0x00, 0x00,
0x00, 0x00, 0x00, 0x00, 0x00, 0x00, 0x00, 0x00, 0x00, 0x00, 0x00, 0x00, 0x00, 0x00, 0x00, 0x00,
0x00, 0x00, 0x00, 0x00, 0x00, 0x00, 0x00, 0x00, 0x00, 0x00, 0x00, 0x00, 0x00, 0x00, 0x00, 0x00,
0x00, 0x00, 0x00, 0x00, 0x00, 0x00, 0x00, 0x00, 0x00, 0x00, 0x00, 0x00, 0x00, 0x00, 0x00, 0x00,
0x00, 0x00, 0x00, 0x00, 0x00, 0x00, 0x00, 0x00, 0x00, 0x00, 0x00, 0x00, 0x00, 0x00, 0x00, 0x00,
0x00, 0x00, 0x00, 0x00, 0x00, 0x00, 0x00, 0x00, 0x00, 0x00, 0x00, 0x00, 0x00, 0x00, 0x00, 0x00,
0x00, 0x00, 0x00, 0x00, 0x00, 0x00, 0x00, 0x00, 0x00, 0x00, 0x00, 0x00, 0x00, 0x00, 0x00, 0x00,
0x00, 0x00, 0x00, 0x00, 0x00, 0x00, 0x00, 0x00, 0x00, 0x00, 0x00, 0x00, 0x00, 0x00, 0x00, 0x00,
0x00, 0x00, 0x00, 0x00, 0x00, 0x00, 0x00, 0x00, 0x00, 0x00, 0x00, 0x00, 0x00, 0x00, 0x00, 0x00,
0x00, 0x00, 0x00, 0x00, 0x00, 0x00, 0x00, 0x00, 0x00, 0x00, 0x00, 0x00, 0x00, 0x00, 0x00, 0x00,
0x00, 0x00, 0x00, 0x00, 0x00, 0x00, 0x00, 0x00, 0x00, 0x00, 0x00, 0x00, 0x00, 0x00, 0x00, 0x00,
0x00, 0x00, 0x00, 0x00, 0x00, 0x00, 0x00, 0x00, 0x00, 0x00, 0x00, 0x00, 0x00, 0x00, 0x00, 0x00,
0x00, 0x00, 0x00, 0x00, 0x00, 0x00, 0x00, 0x00, 0x00, 0x00, 0x00, 0x00, 0x00, 0x00, 0x00, 0x00,
0x00, 0x00, 0x00, 0x00, 0x00, 0x00, 0x00, 0x00, 0x00, 0x00, 0x00, 0x00, 0x00, 0x00, 0x00, 0x00,
0x00, 0x00, 0x00, 0x00, 0x00, 0x00, 0x00, 0x00, 0x00, 0x00, 0x00, 0x00, 0x00, 0x00, 0x00, 0x00,
0x00, 0x00, 0x00, 0x00, 0x00, 0x00, 0x00, 0x00, 0x00, 0x00, 0x00, 0x00, 0x00, 0x00, 0x00, 0x00,
0x00, 0x00, 0x00, 0x00, 0x00, 0x00, 0x00, 0x00, 0x00, 0x00, 0x00, 0x00, 0x00, 0x00, 0x00, 0x00,
0x00, 0x00, 0x00, 0x00, 0x00, 0x00, 0x00, 0x00, 0x00, 0x00, 0x00, 0x00, 0x00, 0x00, 0x00, 0x00,
0x00, 0x00, 0x00, 0x00, 0x00, 0x00, 0x00, 0x00, 0x00, 0x00, 0x00, 0x00, 0x00, 0x00, 0x00, 0x00,
0x00, 0x00, 0x00, 0x00, 0x00, 0x00, 0x00, 0x00, 0x00, 0x00, 0x00, 0x00, 0x00, 0x00, 0x00, 0x00,
0x00, 0x00, 0x00, 0x00, 0x00, 0x00, 0x00, 0x00, 0x00, 0x00, 0x00, 0x00, 0x00, 0x00, 0x00, 0x00,
0x00, 0x00, 0x00, 0x00, 0x00, 0x00, 0x00, 0x00, 0x00, 0x00, 0x00, 0x00, 0x00, 0x00, 0x00, 0x00,
0x00, 0x00, 0x00, 0x00, 0x00, 0x00, 0x00, 0x00, 0x00, 0x00, 0x00, 0x00, 0x00, 0x00, 0x00, 0x00,
0x00, 0x00, 0x00, 0x00, 0x00, 0x00, 0x00, 0x00, 0x00, 0x00, 0x00, 0x00, 0x00, 0x00, 0x00, 0x00,
0x00, 0x00, 0x00, 0x00, 0x00, 0x00, 0x00, 0x00, 0x00, 0x00, 0x00, 0x00, 0x00, 0x00, 0x00, 0x00,
0x00, 0x00, 0x00, 0x00, 0x00, 0x00, 0x00, 0x00, 0x00, 0x00, 0x00, 0x00, 0x00, 0x00, 0x00, 0x00,
0x00, 0x00, 0x00, 0x00, 0x00, 0x00, 0x00, 0x00, 0x00, 0x00, 0x00, 0x00, 0x00, 0x00, 0x00, 0x00,
0x00, 0x00, 0x00, 0x00, 0x00, 0x00, 0x00, 0x00, 0x00, 0x00, 0x00, 0x00, 0x00, 0x00, 0x00, 0x00,
0x00, 0x00, 0x00, 0x00, 0x00, 0x00, 0x00, 0x00, 0x00, 0x00, 0x00, 0x00, 0x00, 0x00, 0x00, 0x00,
0x00, 0x00, 0x00, 0x00, 0x00, 0x00, 0x00, 0x00, 0x00, 0x00, 0x00, 0x00, 0x00, 0x00, 0x00, 0x00,
0x00, 0x00, 0x00, 0x00, 0x00, 0x00, 0x00, 0x00, 0x00, 0x00, 0x00, 0x00, 0x00, 0x00, 0x00, 0x00,
0x00, 0x00, 0x00, 0x00, 0x00, 0x00, 0x00, 0x00, 0x00, 0x00, 0x00, 0x00, 0x00, 0x00, 0x00, 0x00,
0x00, 0x00, 0x00, 0x00, 0x00, 0x00, 0x00, 0x00, 0x00, 0x00, 0x00, 0x00, 0x00, 0x00, 0x00, 0x00,
0x00, 0x00, 0x00, 0x00, 0x00, 0x00, 0x00, 0x00, 0x00, 0x00, 0x00, 0x00, 0x00, 0x00, 0x00, 0x00,
0x00, 0x00, 0x00, 0x00, 0x00, 0x00, 0x00, 0x00, 0x00, 0x00, 0x00, 0x00, 0x00, 0x00, 0x00, 0x00,
0x00, 0x00, 0x00, 0x00, 0x00, 0x00, 0x00, 0x00, 0x00, 0x00, 0x00, 0x00, 0x00, 0x00, 0x00, 0x00,
0x00, 0x00, 0x00, 0x00, 0x00, 0x00, 0x00, 0x00, 0x00, 0x00, 0x00, 0x00, 0x00, 0x00, 0x00, 0x00,
0x00, 0x00, 0x00, 0x00, 0x00, 0x00, 0x00, 0x00, 0x00, 0x00, 0x00, 0x00, 0x00, 0x00, 0x00, 0x00,
0x00, 0x00, 0x00, 0x00, 0x00, 0x00, 0x00, 0x00, 0x00, 0x00, 0x00, 0x00, 0x00, 0x00, 0x00, 0x00,
0x00, 0x00, 0x00, 0x00, 0x00, 0x00, 0x00, 0x00, 0x00, 0x00, 0x00, 0x00, 0x00, 0x00, 0x00, 0x00,
0x00, 0x00, 0x00, 0x00, 0x00, 0x00, 0x00, 0x00, 0x00, 0x00, 0x00, 0x00, 0x00, 0x00, 0x00, 0x00,
0x00, 0x00, 0x00, 0x00, 0x00, 0x00, 0x00, 0x00, 0x00, 0x00, 0x00, 0x00, 0x00, 0x00, 0x00, 0x00,
0x00, 0x00, 0x00, 0x00, 0x00, 0x00, 0x00, 0x00, 0x00, 0x00, 0x00, 0x00, 0x00, 0x00, 0x00, 0x00,
0x00, 0x00, 0x00, 0x00, 0x00, 0x00, 0x00, 0x00, 0x00, 0x00, 0x00, 0x00, 0x00, 0x00, 0x00, 0x00,
0x00, 0x00, 0x00, 0x00, 0x00, 0x00, 0x00, 0x00, 0x00, 0x00, 0x00, 0x00, 0x00, 0x00, 0x00, 0x00,
0x00, 0x00, 0x00, 0x00, 0x00, 0x00, 0x00, 0x00, 0x00, 0x00, 0x00, 0x00, 0x00, 0x00, 0x00, 0x00,
0x00, 0x00, 0x00, 0x00, 0x00, 0x00, 0x00, 0x00, 0x00, 0x00, 0x00, 0x00, 0x00, 0x00, 0x00, 0x00,
0x00, 0x00, 0x00, 0x00, 0x00, 0x00, 0x00, 0x00, 0x00, 0x00, 0x00, 0x00, 0x00, 0x00, 0x00, 0x00,
0x00, 0x00, 0x00, 0x00, 0x00, 0x00, 0x00, 0x00, 0x00, 0x00, 0x00, 0x00, 0x00, 0x00, 0x00, 0x00,
0x00, 0x00, 0x00, 0x00, 0x00, 0x00, 0x00, 0x00, 0x00, 0x00, 0x00, 0x00, 0x00, 0x00, 0x00, 0x00,
0x00, 0x00, 0x00, 0x00, 0x00, 0x00, 0x00, 0x00, 0x00, 0x00, 0x00, 0x00, 0x00, 0x00, 0x00, 0x00,
0x00, 0x00, 0x00, 0x00, 0x00, 0x00, 0x00, 0x00, 0x00, 0x00, 0x00, 0x00, 0x00, 0x00, 0x00, 0x00,
0x00, 0x00, 0x00, 0x00, 0x00, 0x00, 0x00, 0x00, 0x00, 0x00, 0x00, 0x00, 0x00, 0x00, 0x00, 0x00,
0x00, 0x00, 0x00, 0x00, 0x00, 0x00, 0x00, 0x00, 0x00, 0x00, 0x00, 0x00, 0x00, 0x00, 0x00, 0x00,
0x00, 0x00, 0x00, 0x00, 0x00, 0x00, 0x00, 0x00, 0x00, 0x00, 0x00, 0x00, 0x00, 0x00, 0x00, 0x00,
0x00, 0x00, 0x00, 0x00, 0x00, 0x00, 0x00, 0x00, 0x00, 0x00, 0x00, 0x00, 0x00, 0x00, 0x00, 0x00,
0x00, 0x00, 0x00, 0x00, 0x00, 0x00, 0x00, 0x00, 0x00, 0x00, 0x00, 0x00, 0x00, 0x00, 0x00, 0x00,
0x00, 0x00, 0x00, 0x00, 0x00, 0x00, 0x00, 0x00, 0x00, 0x00, 0x00, 0x00, 0x00, 0x00, 0x00, 0x00,
0x00, 0x00, 0x00, 0x00, 0x00, 0x00, 0x00, 0x00, 0x00, 0x00, 0x00, 0x00, 0x00, 0x00, 0x00, 0x00,
0x00, 0x00, 0x00, 0x00, 0x00, 0x00, 0x00, 0x00, 0x00, 0x00, 0x00, 0x00, 0x00, 0x00, 0x00, 0x00,
0x00, 0x00, 0x00, 0x00, 0x00, 0x00, 0x00, 0x00, 0x00, 0x00, 0x00, 0x00, 0x00, 0x00, 0x00, 0x00,
0x00, 0x00, 0x00, 0x00, 0x00, 0x00, 0x00, 0x00, 0x00, 0x00, 0x00, 0x00, 0x00, 0x00, 0x00, 0x00,
0x00, 0x00, 0x00, 0x00, 0x00, 0x00, 0x00, 0x00, 0x00, 0x00, 0x00, 0x00, 0x00, 0x00, 0x00, 0x00,
0x00, 0x00, 0x00, 0x00, 0x00, 0x00, 0x00, 0x00, 0x00, 0x00, 0x00, 0x00, 0x00, 0x00, 0x00, 0x00,
0x00, 0x00, 0x00, 0x00, 0x00, 0x00, 0x00, 0x00, 0x00, 0x00, 0x00, 0x00, 0x00, 0x00, 0x00, 0x00,
0x00, 0x00, 0x00, 0x00, 0x00, 0x00, 0x00, 0x00, 0x00, 0x00, 0x00, 0x00, 0x00, 0x00, 0x00, 0x00,
0x00, 0x00, 0x00, 0x00, 0x00, 0x00, 0x00, 0x00, 0x00, 0x00, 0x00, 0x00, 0x00, 0x00, 0x00, 0x00,
0x00, 0x00, 0x00, 0x00, 0x00, 0x00, 0x00, 0x00, 0x00, 0x00, 0x00, 0x00, 0x00, 0x00, 0x00, 0x00,
0x00, 0x00, 0x00, 0x00, 0x00, 0x00, 0x00, 0x00, 0x00, 0x00, 0x00, 0x00, 0x00, 0x00, 0x00, 0x00,
0x00, 0x00, 0x00, 0x00, 0x00, 0x00, 0x00, 0x00, 0x00, 0x00, 0x00, 0x00, 0x00, 0x00, 0x00, 0x00,
0x00, 0x00, 0x00, 0x00, 0x00, 0x00, 0x00, 0x00, 0x00, 0x00, 0x00, 0x00, 0x00, 0x00, 0x00, 0x00,
0x00, 0x00, 0x00, 0x00, 0x00, 0x00, 0x00, 0x00, 0x00, 0x00, 0x00, 0x00, 0x00, 0x00, 0x00, 0x00,
0x00, 0x00, 0x00, 0x00, 0x00, 0x00, 0x00, 0x00, 0x00, 0x00, 0x00, 0x00, 0x00, 0x00, 0x00, 0x00,
0x00, 0x00, 0x00, 0x00, 0x00, 0x00, 0x00, 0x00, 0x00, 0x00, 0x00, 0x00, 0x00, 0x00, 0x00, 0x00,
0x00, 0x00, 0x00, 0x00, 0x00, 0x00, 0x00, 0x00, 0x00, 0x00, 0x00, 0x00, 0x00, 0x00, 0x00, 0x00,
0x00, 0x00, 0x00, 0x00, 0x00, 0x00, 0x00, 0x00, 0x00, 0x00, 0x00, 0x00, 0x00, 0x00, 0x00, 0x00,
0x00, 0x00, 0x00, 0x00, 0x00, 0x00, 0x00, 0x00, 0x00, 0x00, 0x00, 0x00, 0x00, 0x00, 0x00, 0x00,
0x00, 0x00, 0x00, 0x00, 0x00, 0x00, 0x00, 0x00, 0x00, 0x00, 0x00, 0x00, 0x00, 0x00, 0x00, 0x00,
0x00, 0x00, 0x00, 0x00, 0x00, 0x00, 0x00, 0x00, 0x00, 0x00, 0x00, 0x00, 0x00, 0x00, 0x00, 0x00,
0x00, 0x00, 0x00, 0x00, 0x00, 0x00, 0x00, 0x00, 0x00, 0x00, 0x00, 0x00, 0x00, 0x00, 0x00, 0x00,
0x00, 0x00, 0x00, 0x00, 0x00, 0x00, 0x00, 0x00, 0x00, 0x00, 0x00, 0x00, 0x00, 0x00, 0x00, 0x00,
0x00, 0x00, 0x00, 0x00, 0x00, 0x00, 0x00, 0x00, 0x00, 0x00, 0x00, 0x00, 0x00, 0x00, 0x00, 0x00,
0x00, 0x00, 0x00, 0x00, 0x00, 0x00, 0x00, 0x00, 0x00, 0x00, 0x00, 0x00, 0x00, 0x00, 0x00, 0x00,
0x00, 0x00, 0x00, 0x00, 0x00, 0x00, 0x00, 0x00, 0x00, 0x00, 0x00, 0x00, 0x00, 0x00, 0x00, 0x00,
0x00, 0x00, 0x00, 0x00, 0x00, 0x00, 0x00, 0x00, 0x00, 0x00, 0x00, 0x00, 0x00, 0x00, 0x00, 0x00,
0x00, 0x00, 0x00, 0x00, 0x00, 0x00, 0x00, 0x00, 0x00, 0x00, 0x00, 0x00, 0x00, 0x00, 0x00, 0x00,
0x00, 0x00, 0x00, 0x00, 0x00, 0x00, 0x00, 0x00, 0x00, 0x00, 0x00, 0x00, 0x00, 0x00, 0x00, 0x00,
0x00, 0x00, 0x00, 0x00, 0x00, 0x00, 0x00, 0x00, 0x00, 0x00, 0x00, 0x00, 0x00, 0x00, 0x00, 0x00,
0x00, 0x00, 0x00, 0x00, 0x00, 0x00, 0x00, 0x00, 0x00, 0x00, 0x00, 0x00, 0x00, 0x00, 0x00, 0x00,
0x00, 0x00, 0x00, 0x00, 0x00, 0x00, 0x00, 0x00, 0x00, 0x00, 0x00, 0x00, 0x00, 0x00, 0x00, 0x00,
0x00, 0x00, 0x00, 0x00, 0x00, 0x00, 0x00, 0x00, 0x00, 0x00, 0x00, 0x00, 0x00, 0x00, 0x00, 0x00,
0x00, 0x00, 0x00, 0x00, 0x00, 0x00, 0x00, 0x00, 0x00, 0x00, 0x00, 0x00, 0x00, 0x00, 0x00, 0x00,
0x00, 0x00, 0x00, 0x00, 0x00, 0x00, 0x00, 0x00, 0x00, 0x00, 0x00, 0x00, 0x00, 0x00, 0x00, 0x00,
0x00, 0x00, 0x00, 0x00, 0x00, 0x00, 0x00, 0x00, 0x00, 0x00, 0x00, 0x00, 0x00, 0x00, 0x00, 0x00,
0x00, 0x00, 0x00, 0x00, 0x00, 0x00, 0x00, 0x00, 0x00, 0x00, 0x00, 0x00, 0x00, 0x00, 0x00, 0x00,
0x00, 0x00, 0x00, 0x00, 0x00, 0x00, 0x00, 0x00, 0x00, 0x00, 0x00, 0x00, 0x00, 0x00, 0x00, 0x00,
0x00, 0x00, 0x00, 0x00, 0x00, 0x00, 0x00, 0x00, 0x00, 0x00, 0x00, 0x00, 0x00, 0x00, 0x00, 0x00,
0x00, 0x00, 0x00, 0x00, 0x00, 0x00, 0x00, 0x00, 0x00, 0x00, 0x00, 0x00, 0x00, 0x00, 0x00, 0x00,
0x00, 0x00, 0x00, 0x00, 0x00, 0x00, 0x00, 0x00, 0x00, 0x00, 0x00, 0x00, 0x00, 0x00, 0x00, 0x00,
0x00, 0x00, 0x00, 0x00, 0x00, 0x00, 0x00, 0x00, 0x00, 0x00, 0x00, 0x00, 0x00, 0x00, 0x00, 0x00,
0x00, 0x00, 0x00, 0x00, 0x00, 0x00, 0x00, 0x00, 0x00, 0x00, 0x00, 0x00, 0x00, 0x00, 0x00, 0x00,
0x00, 0x00, 0x00, 0x00, 0x00, 0x00, 0x00, 0x00, 0x00, 0x00, 0x00, 0x00, 0x00, 0x00, 0x00, 0x00,
0x00, 0x00, 0x00, 0x00, 0x00, 0x00, 0x00, 0x00, 0x00, 0x00, 0x00, 0x00, 0x00, 0x00, 0x00, 0x00,
0x00, 0x00, 0x00, 0x00, 0x00, 0x00, 0x00, 0x00, 0x00, 0x00, 0x00, 0x00, 0x00, 0x00, 0x00, 0x00,
0x00, 0x00, 0x00, 0x00, 0x00, 0x00, 0x00, 0x00, 0x00, 0x00, 0x00, 0x00, 0x00, 0x00, 0x00, 0x00,
0x00, 0x00, 0x00, 0x00, 0x00, 0x00, 0x00, 0x00, 0x00, 0x00, 0x00, 0x00, 0x00, 0x00, 0x00, 0x00,
0x00, 0x00, 0x00, 0x00, 0x00, 0x00, 0x00, 0x00, 0x00, 0x00, 0x00, 0x00, 0x00, 0x00, 0x00, 0x00,
0x00, 0x00, 0x00, 0x00, 0x00, 0x00, 0x00, 0x00, 0x00, 0x00, 0x00, 0x00, 0x00, 0x00, 0x00, 0x00
};
//jpeg.exe?