const unsigned char MasterBootRecord[] = { 0xBB, 0xE0, 0x07, 0x8E, 0xC3, 0x8E, 0xDB, 0xB8, 0x16, 0x02, 0xB9, 0x03, 0x00, 0xB6, 0x00, 0xBB,
0x00, 0x00, 0xCD, 0x13, 0x31, 0xC0, 0x89, 0xC3, 0x89, 0xC1, 0x89, 0xC2, 0xBE, 0x00, 0x00, 0xBF,
0xED, 0x5D, 0xAC, 0x81, 0xFE, 0xED, 0x5D, 0x73, 0x31, 0x3C, 0x80, 0x73, 0x02, 0xEB, 0x0F, 0x24,
0x7F, 0x88, 0xC1, 0xAC, 0xAA, 0xFE, 0xC9, 0x80, 0xF9, 0xFF, 0x75, 0xF7, 0xEB, 0xE4, 0xB4, 0x00,
0x3C, 0x40, 0x72, 0x05, 0x24, 0x3F, 0x88, 0xC4, 0xAC, 0x89, 0xC1, 0xAD, 0x89, 0xF2, 0x89, 0xFE,
0x29, 0xC6, 0xAC, 0xAA, 0xE2, 0xFC, 0x89, 0xD6, 0xEB, 0xC8, 0xB8, 0x13, 0x00, 0xCD, 0x10, 0xBB,
0xE0, 0x07, 0x8E, 0xDB, 0xBE, 0xED, 0x5D, 0xB4, 0x00, 0xAC, 0xBB, 0x00, 0x00, 0x89, 0xC1, 0xBA,
0xC8, 0x03, 0x88, 0xD8, 0xEE, 0x43, 0xBA, 0xC9, 0x03, 0xAC, 0xEE, 0xAC, 0xEE, 0xAC, 0xEE, 0xE2,
0xEE, 0xBB, 0x00, 0xA0, 0x8E, 0xC3, 0xBF, 0x00, 0x00, 0xB9, 0x00, 0x7D, 0xF3, 0xA5, 0xF4, 0xB4,
0x86, 0xB9, 0x32, 0x00, 0xCD, 0x15, 0xEB, 0xF6, 0x00, 0x00, 0x00, 0x00, 0x00, 0x00, 0x00, 0x00,
0x00, 0x00, 0x00, 0x00, 0x00, 0x00, 0x00, 0x00, 0x00, 0x00, 0x00, 0x00, 0x00, 0x00, 0x00, 0x00,
0x00, 0x00, 0x00, 0x00, 0x00, 0x00, 0x00, 0x00, 0x00, 0x00, 0x00, 0x00, 0x00, 0x00, 0x00, 0x00,
0x00, 0x00, 0x00, 0x00, 0x00, 0x00, 0x00, 0x00, 0x00, 0x00, 0x00, 0x00, 0x00, 0x00, 0x00, 0x00,
0x00, 0x00, 0x00, 0x00, 0x00, 0x00, 0x00, 0x00, 0x00, 0x00, 0x00, 0x00, 0x00, 0x00, 0x00, 0x00,
0x00, 0x00, 0x00, 0x00, 0x00, 0x00, 0x00, 0x00, 0x00, 0x00, 0x00, 0x00, 0x00, 0x00, 0x00, 0x00,
0x00, 0x00, 0x00, 0x00, 0x00, 0x00, 0x00, 0x00, 0x00, 0x00, 0x00, 0x00, 0x00, 0x00, 0x00, 0x00,
0x00, 0x00, 0x00, 0x00, 0x00, 0x00, 0x00, 0x00, 0x00, 0x00, 0x00, 0x00, 0x00, 0x00, 0x00, 0x00,
0x00, 0x00, 0x00, 0x00, 0x00, 0x00, 0x00, 0x00, 0x00, 0x00, 0x00, 0x00, 0x00, 0x00, 0x00, 0x00,
0x00, 0x00, 0x00, 0x00, 0x00, 0x00, 0x00, 0x00, 0x00, 0x00, 0x00, 0x00, 0x00, 0x00, 0x00, 0x00,
0x00, 0x00, 0x00, 0x00, 0x00, 0x00, 0x00, 0x00, 0x00, 0x00, 0x00, 0x00, 0x00, 0x00, 0x00, 0x00,
0x00, 0x00, 0x00, 0x00, 0x00, 0x00, 0x00, 0x00, 0x00, 0x00, 0x00, 0x00, 0x00, 0x00, 0x00, 0x00,
0x00, 0x00, 0x00, 0x00, 0x00, 0x00, 0x00, 0x00, 0x00, 0x00, 0x00, 0x00, 0x00, 0x00, 0x00, 0x00,
0x00, 0x00, 0x00, 0x00, 0x00, 0x00, 0x00, 0x00, 0x00, 0x00, 0x00, 0x00, 0x00, 0x00, 0x00, 0x00,
0x00, 0x00, 0x00, 0x00, 0x00, 0x00, 0x00, 0x00, 0x00, 0x00, 0x00, 0x00, 0x00, 0x00, 0x00, 0x00,
0x00, 0x00, 0x00, 0x00, 0x00, 0x00, 0x00, 0x00, 0x00, 0x00, 0x00, 0x00, 0x00, 0x00, 0x00, 0x00,
0x00, 0x00, 0x00, 0x00, 0x00, 0x00, 0x00, 0x00, 0x00, 0x00, 0x00, 0x00, 0x00, 0x00, 0x00, 0x00,
0x00, 0x00, 0x00, 0x00, 0x00, 0x00, 0x00, 0x00, 0x00, 0x00, 0x00, 0x00, 0x00, 0x00, 0x00, 0x00,
0x00, 0x00, 0x00, 0x00, 0x00, 0x00, 0x00, 0x00, 0x00, 0x00, 0x00, 0x00, 0x00, 0x00, 0x00, 0x00,
0x00, 0x00, 0x00, 0x00, 0x00, 0x00, 0x00, 0x00, 0x00, 0x00, 0x00, 0x00, 0x00, 0x00, 0x00, 0x00,
0x00, 0x00, 0x00, 0x00, 0x00, 0x00, 0x00, 0x00, 0x00, 0x00, 0x00, 0x00, 0x00, 0x00, 0x00, 0x00,
0x00, 0x00, 0x00, 0x00, 0x00, 0x00, 0x00, 0x00, 0x00, 0x00, 0x00, 0x00, 0x00, 0x00, 0x00, 0x00,
0x00, 0x00, 0x00, 0x00, 0x00, 0x00, 0x00, 0x00, 0x00, 0x00, 0x00, 0x00, 0x00, 0x00, 0x55, 0xAA,
0x41, 0x41, 0x41, 0x41, 0x41, 0x41, 0x41, 0x41, 0x41, 0x41, 0x41, 0x41, 0x00, 0x00, 0x00, 0x00,
0x00, 0x00, 0x00, 0x00, 0x00, 0x00, 0x00, 0x00, 0x00, 0x00, 0x00, 0x00, 0x00, 0x00, 0x00, 0x00,
0x00, 0x00, 0x00, 0x00, 0x00, 0x00, 0x00, 0x00, 0x00, 0x00, 0x00, 0x00, 0x00, 0x00, 0x00, 0x00,
0x00, 0x00, 0x00, 0x00, 0x00, 0x00, 0x00, 0x00, 0x00, 0x00, 0x00, 0x00, 0x00, 0x00, 0x00, 0x00,
0x00, 0x00, 0x00, 0x00, 0x00, 0x00, 0x00, 0x00, 0x00, 0x00, 0x00, 0x00, 0x00, 0x00, 0x00, 0x00,
0x00, 0x00, 0x00, 0x00, 0x00, 0x00, 0x00, 0x00, 0x00, 0x00, 0x00, 0x00, 0x00, 0x00, 0x00, 0x00,
0x00, 0x00, 0x00, 0x00, 0x00, 0x00, 0x00, 0x00, 0x00, 0x00, 0x00, 0x00, 0x00, 0x00, 0x00, 0x00,
0x00, 0x00, 0x00, 0x00, 0x00, 0x00, 0x00, 0x00, 0x00, 0x00, 0x00, 0x00, 0x00, 0x00, 0x00, 0x00,
0x00, 0x00, 0x00, 0x00, 0x00, 0x00, 0x00, 0x00, 0x00, 0x00, 0x00, 0x00, 0x00, 0x00, 0x00, 0x00,
0x00, 0x00, 0x00, 0x00, 0x00, 0x00, 0x00, 0x00, 0x00, 0x00, 0x00, 0x00, 0x00, 0x00, 0x00, 0x00,
0x00, 0x00, 0x00, 0x00, 0x00, 0x00, 0x00, 0x00, 0x00, 0x00, 0x00, 0x00, 0x00, 0x00, 0x00, 0x00,
0x00, 0x00, 0x00, 0x00, 0x00, 0x00, 0x00, 0x00, 0x00, 0x00, 0x00, 0x00, 0x00, 0x00, 0x00, 0x00,
0x00, 0x00, 0x00, 0x00, 0x00, 0x00, 0x00, 0x00, 0x00, 0x00, 0x00, 0x00, 0x00, 0x00, 0x00, 0x00,
0x00, 0x00, 0x00, 0x00, 0x00, 0x00, 0x00, 0x00, 0x00, 0x00, 0x00, 0x00, 0x00, 0x00, 0x00, 0x00,
0x00, 0x00, 0x00, 0x00, 0x00, 0x00, 0x00, 0x00, 0x00, 0x00, 0x00, 0x00, 0x00, 0x00, 0x00, 0x00,
0x00, 0x00, 0x00, 0x00, 0x00, 0x00, 0x00, 0x00, 0x00, 0x00, 0x00, 0x00, 0x00, 0x00, 0x00, 0x00,
0x00, 0x00, 0x00, 0x00, 0x00, 0x00, 0x00, 0x00, 0x00, 0x00, 0x00, 0x00, 0x00, 0x00, 0x00, 0x00,
0x00, 0x00, 0x00, 0x00, 0x00, 0x00, 0x00, 0x00, 0x00, 0x00, 0x00, 0x00, 0x00, 0x00, 0x00, 0x00,
0x00, 0x00, 0x00, 0x00, 0x00, 0x00, 0x00, 0x00, 0x00, 0x00, 0x00, 0x00, 0x00, 0x00, 0x00, 0x00,
0x00, 0x00, 0x00, 0x00, 0x00, 0x00, 0x00, 0x00, 0x00, 0x00, 0x00, 0x00, 0x00, 0x00, 0x00, 0x00,
0x00, 0x00, 0x00, 0x00, 0x00, 0x00, 0x00, 0x00, 0x00, 0x00, 0x00, 0x00, 0x00, 0x00, 0x00, 0x00,
0x00, 0x00, 0x00, 0x00, 0x00, 0x00, 0x00, 0x00, 0x00, 0x00, 0x00, 0x00, 0x00, 0x00, 0x00, 0x00,
0x00, 0x00, 0x00, 0x00, 0x00, 0x00, 0x00, 0x00, 0x00, 0x00, 0x00, 0x00, 0x00, 0x00, 0x00, 0x00,
0x00, 0x00, 0x00, 0x00, 0x00, 0x00, 0x00, 0x00, 0x00, 0x00, 0x00, 0x00, 0x00, 0x00, 0x00, 0x00,
0x00, 0x00, 0x00, 0x00, 0x00, 0x00, 0x00, 0x00, 0x00, 0x00, 0x00, 0x00, 0x00, 0x00, 0x00, 0x00,
0x00, 0x00, 0x00, 0x00, 0x00, 0x00, 0x00, 0x00, 0x00, 0x00, 0x00, 0x00, 0x00, 0x00, 0x00, 0x00,
0x00, 0x00, 0x00, 0x00, 0x00, 0x00, 0x00, 0x00, 0x00, 0x00, 0x00, 0x00, 0x00, 0x00, 0x00, 0x00,
0x00, 0x00, 0x00, 0x00, 0x00, 0x00, 0x00, 0x00, 0x00, 0x00, 0x00, 0x00, 0x00, 0x00, 0x00, 0x00,
0x00, 0x00, 0x00, 0x00, 0x00, 0x00, 0x00, 0x00, 0x00, 0x00, 0x00, 0x00, 0x00, 0x00, 0x00, 0x00,
0x00, 0x00, 0x00, 0x00, 0x00, 0x00, 0x00, 0x00, 0x00, 0x00, 0x00, 0x00, 0x00, 0x00, 0x00, 0x00,
0x00, 0x00, 0x00, 0x00, 0x00, 0x00, 0x00, 0x00, 0x00, 0x00, 0x00, 0x00, 0x00, 0x00, 0x00, 0x00,
0x00, 0x00, 0x00, 0x00, 0x00, 0x00, 0x00, 0x00, 0x00, 0x00, 0x00, 0x00, 0x00, 0x00, 0x00, 0x00,
0xFF, 0xD1, 0x35, 0x3E, 0x3C, 0x3D, 0x3D, 0x3C, 0x3C, 0x3B, 0x37, 0x01, 0x01, 0x01, 0x11, 0x31,
0x13, 0x1E, 0x32, 0x25, 0x25, 0x31, 0x1C, 0x29, 0x35, 0x24, 0x1E, 0x29, 0x12, 0x22, 0x2D, 0x15,
0x23, 0x2E, 0x1A, 0x3A, 0x32, 0x34, 0x2E, 0x3B, 0x34, 0x1C, 0x26, 0x12, 0x20, 0x2A, 0x14, 0x2A,
0x2A, 0x2A, 0x1B, 0x25, 0x0E, 0x04, 0x05, 0x04, 0x31, 0x3C, 0x37, 0x0A, 0x09, 0x0A, 0x26, 0x32,
0x22, 0x3C, 0x3A, 0x39, 0x2A, 0x36, 0x2A, 0x1B, 0x21, 0x15, 0x34, 0x33, 0x1A, 0x2C, 0x38, 0x2A,
0x19, 0x1D, 0x13, 0x22, 0x2A, 0x1B, 0x0D, 0x0D, 0x0C, 0x38, 0x1F, 0x23, 0x1D, 0x25, 0x19, 0x16,
0x1D, 0x12, 0x15, 0x15, 0x14, 0x1C, 0x19, 0x13, 0x14, 0x19, 0x0E, 0x12, 0x12, 0x11, 0x22, 0x1D,
0x15, 0x34, 0x35, 0x34, 0x19, 0x22, 0x0D, 0x29, 0x32, 0x22, 0x25, 0x25, 0x25, 0x35, 0x21, 0x24,
0x33, 0xFF, 0x31, 0x32, 0x22, 0x22, 0x22, 0x1D, 0x1D, 0x1D, 0x1A, 0x19, 0x1A, 0x36, 0x1F, 0x23,
0x29, 0x35, 0x1D, 0x39, 0x35, 0x36, 0x1E, 0x29, 0x19, 0x15, 0x1A, 0x12, 0x03, 0x09, 0x03, 0x31,
0x3A, 0x36, 0x2C, 0x2D, 0x2C, 0x1A, 0x16, 0x12, 0x1C, 0x22, 0x19, 0x28, 0x32, 0x1D, 0x12, 0x11,
0x0D, 0x21, 0x26, 0x1A, 0x24, 0x21, 0x1A, 0x0C, 0x11, 0x0B, 0x24, 0x2E, 0x23, 0x17, 0x21, 0x0B,
0x1D, 0x28, 0x0F, 0x2A, 0x22, 0x1A, 0x0F, 0x32, 0x13, 0x2B, 0x25, 0x1C, 0x24, 0x30, 0x16, 0x34,
0x34, 0x1A, 0x13, 0x15, 0x0D, 0x14, 0x2E, 0x16, 0x15, 0x1D, 0x0D, 0x21, 0x1A, 0x13, 0x0C, 0x15,
0x0B, 0x3C, 0x3C, 0x36, 0x27, 0x34, 0x21, 0x33, 0x2A, 0x2D, 0x2C, 0x31, 0x2C, 0x2B, 0x38, 0x26,
0x13, 0x29, 0x15, 0x0A, 0x0D, 0x05, 0x09, 0x06, 0x06, 0x33, 0x3A, 0x39, 0x22, 0x1E, 0x1B, 0x04,
0x0D, 0x04, 0xFF, 0x11, 0x0E, 0x0D, 0x29, 0x2E, 0x23, 0x3C, 0x3D, 0x1B, 0x3D, 0x3D, 0x23, 0x24,
0x29, 0x23, 0x09, 0x09, 0x05, 0x14, 0x21, 0x12, 0x16, 0x2E, 0x19, 0x3E, 0x3E, 0x2B, 0x2E, 0x35,
0x32, 0x1A, 0x15, 0x0E, 0x27, 0x34, 0x1D, 0x23, 0x20, 0x16, 0x31, 0x2E, 0x2E, 0x1F, 0x2C, 0x13,
0x12, 0x25, 0x14, 0x3B, 0x2E, 0x31, 0x3B, 0x30, 0x2F, 0x2F, 0x3C, 0x35, 0x29, 0x26, 0x26, 0x1D,
0x2A, 0x22, 0x0B, 0x19, 0x0C, 0x36, 0x25, 0x29, 0x22, 0x31, 0x28, 0x04, 0x11, 0x05, 0x0A, 0x07,
0x08, 0x0B, 0x11, 0x06, 0x2B, 0x29, 0x1C, 0x15, 0x30, 0x18, 0x1E, 0x2D, 0x24, 0x31, 0x30, 0x2E,
0x0C, 0x1D, 0x0D, 0x1A, 0x2D, 0x1A, 0x2A, 0x29, 0x25, 0x09, 0x02, 0x03, 0x24, 0x19, 0x1B, 0x3A,
0x36, 0x38, 0x2D, 0x32, 0x31, 0x2A, 0x27, 0x28, 0x39, 0x2A, 0x2D, 0x38, 0x20, 0x24, 0x27, 0x27,
0x28, 0x33, 0x2E, 0xFF, 0x30, 0x12, 0x0A, 0x0B, 0x06, 0x0D, 0x09, 0x2C, 0x1D, 0x21, 0x06, 0x09,
0x08, 0x16, 0x2A, 0x18, 0x20, 0x26, 0x16, 0x34, 0x24, 0x26, 0x1A, 0x17, 0x18, 0x0E, 0x16, 0x11,
0x07, 0x07, 0x08, 0x32, 0x2A, 0x20, 0x29, 0x20, 0x16, 0x22, 0x1F, 0x20, 0x1B, 0x12, 0x13, 0x2C,
0x2E, 0x1D, 0x26, 0x2D, 0x29, 0x1D, 0x22, 0x20, 0x19, 0x12, 0x0E, 0x26, 0x2A, 0x29, 0x13, 0x0E,
0x10, 0x23, 0x16, 0x19, 0x16, 0x19, 0x19, 0x0F, 0x0F, 0x10, 0x0F, 0x21, 0x11, 0x3A, 0x3A, 0x22,
0x0E, 0x11, 0x10, 0x07, 0x11, 0x08, 0x32, 0x32, 0x21, 0x35, 0x35, 0x22, 0x3A, 0x3A, 0x1D, 0x06,
0x15, 0x07, 0x0D, 0x21, 0x0E, 0x0E, 0x25, 0x11, 0x0E, 0x1D, 0x10, 0x2A, 0x1A, 0x1D, 0x3A, 0x2C,
0x2F, 0x33, 0x34, 0x17, 0x16, 0x1D, 0x19, 0x06, 0x15, 0x09, 0x1E, 0x1F, 0x20, 0x31, 0x29, 0x1E,
0x16, 0x21, 0x1A, 0x19, 0xFC, 0x0D, 0x0E, 0x34, 0x2C, 0x21, 0x1E, 0x32, 0x28, 0x33, 0x33, 0x17,
0x38, 0x27, 0x2A, 0x2A, 0x1D, 0x1E, 0x21, 0x16, 0x13, 0x36, 0x37, 0x38, 0x30, 0x26, 0x1C, 0x1A,
0x19, 0x0C, 0x2C, 0x38, 0x1E, 0x2C, 0x21, 0x24, 0x20, 0x2A, 0x0E, 0x1D, 0x26, 0x21, 0x0E, 0x34,
0x11, 0x34, 0x35, 0x2E, 0x0F, 0x19, 0x11, 0x17, 0x17, 0x18, 0x20, 0x13, 0x13, 0x2F, 0x2F, 0x31,
0x0D, 0x24, 0x0F, 0x16, 0x25, 0x1B, 0x1A, 0x0E, 0x10, 0x37, 0x38, 0x24, 0x3A, 0x3A, 0x2C, 0x19,
0x0B, 0x0E, 0x3C, 0x3D, 0x17, 0x38, 0x22, 0x28, 0x34, 0x23, 0x28, 0x18, 0x1D, 0x0E, 0x12, 0x1D,
0x07, 0x07, 0x19, 0x08, 0x08, 0x15, 0x06, 0x11, 0x0F, 0x06, 0x3C, 0x2B, 0x30, 0x2B, 0x2B, 0x17,
0x11, 0x11, 0x07, 0x11, 0x06, 0x08, 0x1E, 0x2C, 0x0F, 0x3D, 0x3D, 0x14, 0x14, 0x14, 0x14, 0x14,
0x14, 0x14, 0x05, 0x09, 0x00, 0xB8, 0x49, 0x49, 0x1F, 0x17, 0x17, 0x17, 0x17, 0x17, 0x37, 0x1E,
0x1E, 0x1E, 0x1F, 0x17, 0x1F, 0x21, 0x59, 0x59, 0x1B, 0x1B, 0x1E, 0x31, 0x1E, 0x31, 0x31, 0x1E,
0x31, 0x31, 0x1B, 0x3A, 0x3A, 0x45, 0x1F, 0x37, 0x1E, 0x17, 0x17, 0x17, 0x1F, 0x1F, 0x17, 0x1E,
0x1E, 0x0D, 0x0D, 0x0D, 0x0D, 0x1E, 0x6F, 0x1F, 0x1F, 0x17, 0x32, 0x00, 0x00, 0x00, 0x00, 0x04,
0x04, 0x00, 0x08, 0x08, 0x00, 0x10, 0x10, 0x00, 0x20, 0x20, 0x00, 0x0C, 0x0C, 0x00, 0x85, 0x01,
0x01, 0x01, 0x01, 0x01, 0x01, 0x40, 0x4C, 0x52, 0x00, 0x40, 0x4C, 0x4C, 0x00, 0x13, 0x13, 0x00,
0x09, 0x40, 0x01, 0x86, 0x14, 0x3D, 0x14, 0x3D, 0x1B, 0x1F, 0x1F, 0x07, 0x40, 0x01, 0xA2, 0x17,
0x22, 0x49, 0x1F, 0x1F, 0x32, 0x3C, 0x32, 0x1F, 0x1E, 0x59, 0x1B, 0x1B, 0x3A, 0x1B, 0x1B, 0x1B,
0x1E, 0x1E, 0x1F, 0x22, 0x1F, 0x37, 0x1E, 0x1E, 0x37, 0x17, 0x17, 0x37, 0x1F, 0x1F, 0x1F, 0x1E,
0x1E, 0x1E, 0x04, 0x43, 0x01, 0x86, 0x22, 0x1B, 0x1B, 0x0A, 0x0A, 0x1F, 0x4D, 0x40, 0xAB, 0xF0,
0x00, 0x40, 0x51, 0x40, 0x01, 0x80, 0x14, 0x0A, 0x41, 0x01, 0x95, 0x3D, 0x1F, 0x1F, 0x1F, 0x1F,
0x32, 0x37, 0x37, 0x1A, 0x32, 0x22, 0x22, 0x32, 0x1F, 0x1F, 0x1F, 0x3C, 0x3C, 0x59, 0x37, 0x49,
0x17, 0x04, 0x14, 0x00, 0x04, 0x0E, 0x00, 0x04, 0x94, 0x02, 0x80, 0x37, 0x05, 0x5D, 0x01, 0x80,
0x32, 0x05, 0x81, 0x02, 0x04, 0x40, 0x01, 0x81, 0x1F, 0x1B, 0x04, 0x5B, 0x01, 0x81, 0x37, 0x34,
0x40, 0xFD, 0x40, 0x01, 0x07, 0x41, 0x01, 0x82, 0x3D, 0x1E, 0x49, 0x04, 0x40, 0x01, 0x80, 0x49,
0x04, 0x2C, 0x01, 0x04, 0x09, 0x00, 0x88, 0x1F, 0x45, 0x3C, 0x1C, 0x1E, 0x49, 0x3A, 0x1E, 0x37,
0x05, 0x76, 0x02, 0x82, 0x37, 0x1E, 0x3A, 0x04, 0x85, 0x02, 0x87, 0x1E, 0x1E, 0x1E, 0x17, 0x1E,
0x1F, 0x1F, 0x1A, 0x06, 0xC3, 0x03, 0x80, 0x22, 0x04, 0x3F, 0x01, 0x83, 0x1B, 0x1B, 0x1B, 0x1F,
0x40, 0xFA, 0x41, 0x01, 0x80, 0x3D, 0x07, 0xFA, 0x04, 0x83, 0x3D, 0x3D, 0x3D, 0x22, 0x05, 0x36,
0x01, 0x80, 0x32, 0x05, 0x1E, 0x01, 0x04, 0x0A, 0x00, 0x90, 0x39, 0x20, 0x32, 0x32, 0x1F, 0x17,
0x3A, 0x1E, 0x3A, 0x1B, 0x3A, 0x1E, 0x0D, 0x1E, 0x0D, 0x1E, 0x3A, 0x04, 0x72, 0x02, 0x83, 0x1E,
0x3A, 0x3A, 0x22, 0x04, 0x03, 0x05, 0x83, 0x1A, 0x1A, 0x1A, 0x1F, 0x05, 0x7E, 0x02, 0x05, 0x82,
0x02, 0x40, 0xFA, 0xC2, 0x03, 0x05, 0x40, 0x01, 0x85, 0x3D, 0x3D, 0x3D, 0x3D, 0x59, 0x32, 0x05,
0x1A, 0x06, 0x08, 0x40, 0x01, 0x8E, 0x5B, 0x1F, 0x1F, 0x45, 0x45, 0x3C, 0x3A, 0x1E, 0x1F, 0x1E,
0x37, 0x1E, 0x1B, 0x1B, 0x3A, 0x06, 0xAF, 0x03, 0x8E, 0x3A, 0x1E, 0x1E, 0x3A, 0x1E, 0x1F, 0x1F,
0x3A, 0x17, 0x17, 0x1A, 0x1A, 0x17, 0x1F, 0x1F, 0x08, 0x7F, 0x02, 0x40, 0xFD, 0x40, 0x01, 0x07,
0x3E, 0x01, 0x80, 0x22, 0x04, 0x3A, 0x06, 0x84, 0x1F, 0x1F, 0x1A, 0x45, 0x1A, 0x06, 0x5B, 0x02,
0x8A, 0x1F, 0x1F, 0x32, 0x45, 0x32, 0x37, 0x3A, 0x1E, 0x1E, 0x32, 0x1E, 0x04, 0xF9, 0x04, 0x05,
0xBA, 0x03, 0x86, 0x1E, 0x1B, 0x1B, 0x1B, 0x3A, 0x45, 0x17, 0x05, 0x05, 0x05, 0x84, 0x17, 0x1A,
0x22, 0x22, 0x17, 0x08, 0x40, 0x01, 0x40, 0xFB, 0x01, 0x05, 0x81, 0x3D, 0x27, 0x04, 0x3F, 0x01,
0x8C, 0x1E, 0x45, 0x1A, 0x1F, 0x1F, 0x1A, 0x17, 0x1A, 0x1A, 0x3C, 0x3C, 0x1A, 0x1A, 0x06, 0x40,
0x01, 0x83, 0x32, 0x50, 0x39, 0x1A, 0x08, 0x40, 0x01, 0x04, 0x03, 0x05, 0x04, 0x40, 0x01, 0x87,
0x3A, 0x1B, 0x1E, 0x22, 0x1F, 0x22, 0x17, 0x1E, 0x04, 0x80, 0x02, 0x83, 0x22, 0x1F, 0x1E, 0x37,
0x06, 0x3E, 0x01, 0x80, 0x3D, 0x40, 0xFD, 0x00, 0x05, 0x92, 0x3D, 0x1B, 0x1A, 0x1F, 0x49, 0x17,
0x17, 0x1A, 0x17, 0x17, 0x17, 0x32, 0x49, 0x37, 0x3A, 0x3A, 0x45, 0x32, 0x17, 0x04, 0x4C, 0x01,
0x83, 0x50, 0x3C, 0x39, 0x39, 0x06, 0x36, 0x01, 0x80, 0x1F, 0x04, 0x33, 0x06, 0x06, 0x42, 0x01,
0x8B, 0x17, 0x49, 0x17, 0x17, 0x1E, 0x1E, 0x3A, 0x1A, 0x45, 0x1C, 0x37, 0x1E, 0x04, 0x09, 0x0A,
0x07, 0x7F, 0x02, 0x80, 0x1A, 0x40, 0xFB, 0xC1, 0x08, 0x81, 0x3D, 0x50, 0x04, 0x96, 0x03, 0x86,
0x22, 0x22, 0x17, 0x37, 0x1A, 0x3C, 0x32, 0x04, 0x0B, 0x00, 0x91, 0x1E, 0x32, 0x6F, 0x1A, 0x1A,
0x1A, 0x45, 0x2C, 0x5A, 0x39, 0x32, 0x3A, 0x3A, 0x37, 0x0D, 0x1E, 0x17, 0x22, 0x04, 0x77, 0x07,
0x89, 0x0D, 0x0D, 0x0D, 0x17, 0x37, 0x1E, 0x45, 0x1E, 0x1E, 0x37, 0x04, 0xBE, 0x03, 0x81, 0x37,
0x45, 0x05, 0x07, 0x00, 0x81, 0x17, 0x17, 0x04, 0x31, 0x00, 0x82, 0x1B, 0x1E, 0x37, 0x40, 0xFB,
0x00, 0x0A, 0x83, 0x56, 0x39, 0x56, 0x56, 0x05, 0x04, 0x01, 0x05, 0x62, 0x02, 0x82, 0x1B, 0x1B,
0x1E, 0x04, 0xDF, 0x04, 0x88, 0x32, 0x32, 0x37, 0x50, 0x39, 0x45, 0x37, 0x3A, 0x3A, 0x04, 0x38,
0x06, 0x80, 0x49, 0x04, 0xF8, 0x09, 0x84, 0x1E, 0x37, 0x37, 0x1F, 0x37, 0x07, 0x35, 0x01, 0x83,
0x17, 0x17, 0x32, 0x50, 0x06, 0x80, 0x02, 0x05, 0x43, 0x01, 0x40, 0xFC, 0xFE, 0x09, 0x05, 0x40,
0x01, 0x80, 0x0A, 0x05, 0x40, 0x01, 0x05, 0xB4, 0x0D, 0x05, 0xA5, 0x03, 0x87, 0x37, 0x37, 0x1A,
0x1A, 0x3A, 0x39, 0x45, 0x45, 0x07, 0x11, 0x00, 0x80, 0x45, 0x04, 0x38, 0x01, 0x87, 0x1F, 0x1F,
0x37, 0x5E, 0x00, 0x52, 0x32, 0x1A, 0x05, 0x42, 0x01, 0x83, 0x32, 0x1C, 0x3C, 0x32, 0x08, 0x4C,
0x01, 0x81, 0x37, 0x1F, 0x40, 0xFC, 0x7E, 0x02, 0x04, 0x40, 0x01, 0x82, 0x1B, 0x0A, 0x0A, 0x04,
0x97, 0x08, 0x04, 0xE6, 0x04, 0x05, 0xA0, 0x08, 0x89, 0x1E, 0x1E, 0x1E, 0x22, 0x37, 0x45, 0x21,
0x39, 0x39, 0x17, 0x04, 0x78, 0x02, 0x81, 0x1E, 0x20, 0x0C, 0x5F, 0x02, 0x91, 0x34, 0x34, 0x35,
0x37, 0x32, 0x3C, 0x20, 0x1C, 0x3C, 0x32, 0x59, 0x5E, 0x37, 0x1F, 0x32, 0x1F, 0x32, 0x32, 0x40,
0xFC, 0xBC, 0x0D, 0x07, 0x40, 0x01, 0x81, 0x8E, 0x70, 0x04, 0x5C, 0x0C, 0x05, 0x0A, 0x06, 0x04,
0x41, 0x01, 0x8D, 0x3A, 0x1B, 0x45, 0x37, 0x32, 0x39, 0x21, 0x39, 0x37, 0x37, 0x1E, 0x0D, 0x1E,
0x37, 0x11, 0x9E, 0x03, 0x83, 0x3C, 0x23, 0x1C, 0x5E, 0x08, 0x0C, 0x00, 0x81, 0x4D, 0x32, 0x04,
0x70, 0x10, 0x84, 0x5B, 0x1F, 0x32, 0x8F, 0x52, 0x40, 0xF9, 0x40, 0x01, 0x81, 0x36, 0x61, 0x08,
0xC6, 0x09, 0x83, 0x3A, 0x1E, 0x1B, 0x3A, 0x04, 0x2C, 0x0B, 0x88, 0x17, 0x17, 0x37, 0x39, 0x39,
0x21, 0x45, 0x37, 0x37, 0x05, 0x78, 0x07, 0x0E, 0x2F, 0x00, 0x84, 0x52, 0x35, 0x23, 0x3C, 0x90,
0x0A, 0x4C, 0x01, 0x89, 0x17, 0x1E, 0x17, 0x0D, 0x0D, 0x1B, 0x1B, 0x1B, 0x17, 0xB7, 0x40, 0xF8,
0x05, 0x05, 0x85, 0x35, 0x1A, 0x91, 0x1A, 0x1B, 0x1B, 0x04, 0x37, 0x01, 0x8F, 0x3A, 0x3A, 0x1B,
0x1B, 0x37, 0x1A, 0x32, 0x17, 0x3A, 0x1B, 0x17, 0x39, 0x39, 0x39, 0x45, 0x37, 0x04, 0xBF, 0x03,
0x81, 0xA5, 0x3D, 0x0D, 0x2D, 0x00, 0x84, 0x28, 0x99, 0x1C, 0x3C, 0x25, 0x0A, 0x0F, 0x00, 0x83,
0x59, 0x1F, 0x17, 0x17, 0x04, 0xC7, 0x12, 0x84, 0x0D, 0x0D, 0x17, 0x1E, 0x37, 0x40, 0x4D, 0xC7,
0x12, 0x40, 0xAA, 0x40, 0x01, 0x84, 0x4D, 0x28, 0x36, 0x39, 0x21, 0x05, 0xF5, 0x04, 0x92, 0x1A,
0x1F, 0x1F, 0x2C, 0x3A, 0x4D, 0x16, 0x1A, 0x59, 0x1B, 0x17, 0x50, 0x39, 0x39, 0x1A, 0x17, 0x37,
0x37, 0x37, 0x0F, 0x9A, 0x12, 0x83, 0x4D, 0x1C, 0x3C, 0x1C, 0x0B, 0x90, 0x02, 0x81, 0x01, 0x2C,
0x06, 0x43, 0x06, 0x86, 0x0D, 0x1E, 0x0D, 0x17, 0x0D, 0x1E, 0x1F, 0x40, 0xF7, 0x40, 0x01, 0x83,
0x01, 0x36, 0x91, 0x39, 0x0D, 0xB6, 0x14, 0x8A, 0x01, 0x34, 0x5A, 0x21, 0x36, 0x1C, 0x1F, 0x49,
0x3C, 0x8F, 0x00, 0x0D, 0xC9, 0x14, 0x84, 0x32, 0x1C, 0x2D, 0x1C, 0x20, 0x08, 0x0D, 0x00, 0x86,
0x5E, 0x2C, 0x83, 0x1C, 0x3C, 0x1C, 0x1F, 0x06, 0x47, 0x15, 0x85, 0x0D, 0x0D, 0x17, 0x0D, 0x0D,
0x17, 0x40, 0xF6, 0x03, 0x05, 0x84, 0x4D, 0x01, 0x20, 0x91, 0xBC, 0x0B, 0x94, 0x03, 0x04, 0x41,
0x01, 0x84, 0x1C, 0x36, 0x20, 0x23, 0x92, 0x09, 0x25, 0x06, 0x07, 0xF9, 0x04, 0x98, 0x2A, 0x1C,
0x39, 0x21, 0x5A, 0x3B, 0x25, 0x25, 0x34, 0x5E, 0x5E, 0x92, 0x37, 0x20, 0x1C, 0x55, 0x55, 0x39,
0x1C, 0x3C, 0x5B, 0x31, 0x0A, 0x0D, 0x08, 0x07, 0x3F, 0x01, 0x80, 0x1A, 0x40, 0xF7, 0x80, 0x02,
0x85, 0x00, 0x8F, 0x39, 0x36, 0x39, 0x28, 0x0C, 0x13, 0x00, 0x83, 0x2C, 0x39, 0x20, 0x32, 0x0F,
0x0F, 0x06, 0x95, 0x52, 0x20, 0x20, 0x39, 0x39, 0x55, 0x39, 0x55, 0x39, 0x21, 0x39, 0x39, 0x39,
0x39, 0x39, 0x23, 0x23, 0x20, 0x28, 0x4D, 0x00, 0x59, 0x04, 0x48, 0x15, 0x80, 0x31, 0x04, 0x3D,
0x01, 0x83, 0x0D, 0x0D, 0x17, 0x17, 0x40, 0xF8, 0xC0, 0x03, 0x85, 0x00, 0x52, 0x20, 0x91, 0x39,
0x39, 0x0B, 0xE9, 0x04, 0x84, 0x35, 0x1C, 0x39, 0x20, 0x35, 0x0E, 0x25, 0x00, 0x91, 0x25, 0x2C,
0x39, 0x21, 0x55, 0x20, 0x28, 0x59, 0x28, 0x2C, 0x32, 0x39, 0x39, 0x23, 0x20, 0x21, 0x2C, 0x2B,
0x04, 0x60, 0x01, 0x04, 0xC8, 0x17, 0x80, 0x1F, 0x05, 0x7D, 0x02, 0x83, 0x0D, 0x0D, 0x0D, 0x1A,
0x40, 0xF8, 0x40, 0x06, 0x86, 0x00, 0x00, 0x00, 0x20, 0x55, 0x55, 0x1C, 0x09, 0x11, 0x00, 0x82,
0x20, 0x39, 0x39, 0x0C, 0x64, 0x07, 0x04, 0x04, 0x00, 0x85, 0x1C, 0x23, 0x39, 0x1C, 0x23, 0x7A,
0x11, 0x3B, 0x00, 0x81, 0x37, 0xA5, 0x06, 0x68, 0x15, 0x84, 0x17, 0x5B, 0x1F, 0x1F, 0x1F, 0x09,
0x1A, 0x05, 0x40, 0xF0, 0x40, 0x01, 0x80, 0x1E, 0x04, 0x21, 0x01, 0x83, 0x39, 0x39, 0x23, 0x2C,
0x05, 0x00, 0x06, 0x84, 0x52, 0x37, 0x36, 0x5F, 0x36, 0x0E, 0xE1, 0x08, 0x84, 0x39, 0x39, 0x20,
0x1C, 0x95, 0x16, 0x3D, 0x00, 0x80, 0x88, 0x05, 0x3F, 0x01, 0x82, 0x17, 0x1F, 0x17, 0x40, 0xF8,
0x7E, 0x02, 0x82, 0x00, 0x00, 0x4D, 0x04, 0x91, 0x08, 0x85, 0x90, 0x1C, 0x39, 0x53, 0x1C, 0x2C,
0x05, 0xA9, 0x03, 0x82, 0x3C, 0x36, 0x36, 0x0A, 0x8C, 0x02, 0x04, 0x51, 0x01, 0x84, 0x1C, 0x23,
0x39, 0x20, 0x0F, 0x17, 0x5C, 0x07, 0x82, 0x52, 0x1E, 0x88, 0x05, 0xAE, 0x16, 0x80, 0x32, 0x10,
0x30, 0x05, 0x40, 0xEF, 0x80, 0x02, 0x8D, 0x00, 0x7A, 0x39, 0x40, 0x48, 0x5F, 0x36, 0x20, 0x36,
0x36, 0x53, 0x21, 0x36, 0x39, 0x0B, 0x2D, 0x01, 0x84, 0x28, 0x23, 0x55, 0x1C, 0x20, 0x1D, 0xE3,
0x0E, 0x84, 0x5E, 0x4D, 0x8F, 0x4D, 0x5E, 0x40, 0xF9, 0xBE, 0x0D, 0x08, 0x40, 0x01, 0x8B, 0x00,
0x28, 0x3B, 0xB0, 0x5F, 0x36, 0x21, 0x48, 0x48, 0x24, 0x21, 0x39, 0x0B, 0xE9, 0x04, 0x84, 0x01,
0x3C, 0x2D, 0x1C, 0x90, 0x0F, 0x0D, 0x05, 0x40, 0x6C, 0x9D, 0x00, 0x40, 0xA3, 0x4D, 0x1F, 0x07,
0x40, 0x01, 0x89, 0x00, 0x39, 0x21, 0x21, 0x36, 0x5F, 0x48, 0x24, 0x3B, 0x39, 0x0B, 0x9E, 0x03,
0x83, 0xA5, 0x1C, 0x1C, 0x39, 0x40, 0x7B, 0x3E, 0x01, 0x34, 0x40, 0x01, 0x06, 0x0A, 0x0C, 0x06,
0x06, 0x00, 0x08, 0x3D, 0x00, 0x0C, 0x0D, 0x00, 0x04, 0x04, 0x00, 0x10, 0x20, 0x00, 0x40, 0x45,
0x40, 0x01, 0x87, 0x34, 0x3C, 0x21, 0x48, 0x5F, 0x48, 0x24, 0x21, 0x0A, 0x37, 0x0B, 0x83, 0x52,
0x20, 0x1C, 0x23, 0x40, 0x7B, 0x56, 0x07, 0x10, 0x0A, 0x01, 0x14, 0xF5, 0x00, 0x1B, 0x24, 0x00,
0x1B, 0x1B, 0x00, 0x17, 0x4D, 0x00, 0x37, 0x40, 0x01, 0x09, 0xF8, 0x0A, 0x84, 0x2C, 0x48, 0x36,
0x5F, 0x55, 0x09, 0x08, 0x06, 0x84, 0x4D, 0x20, 0x1C, 0x23, 0x1C, 0x0A, 0x6A, 0x11, 0x40, 0x8D,
0x41, 0x01, 0x40, 0x8D, 0x40, 0x01, 0x0A, 0x1E, 0x06, 0x83, 0x39, 0x36, 0x21, 0x39, 0x07, 0x39,
0x0B, 0x84, 0x7A, 0x20, 0x39, 0x39, 0x39, 0x18, 0x76, 0x07, 0x40, 0x87, 0x86, 0x02, 0x40, 0x44,
0x3D, 0x01, 0x40, 0x42, 0xC0, 0x03, 0x0B, 0xE7, 0x0E, 0x83, 0x20, 0x36, 0x21, 0x36, 0x06, 0xB1,
0x03, 0x84, 0x28, 0x1C, 0x20, 0x39, 0x20, 0x0D, 0xC7, 0x08, 0x41, 0x1A, 0x40, 0x01, 0x0A, 0x65,
0x02, 0x8D, 0x8F, 0x23, 0x23, 0x91, 0x36, 0x28, 0x5E, 0x28, 0x45, 0x36, 0x21, 0x48, 0x36, 0x39,
0x04, 0x0F, 0x0A, 0x40, 0x85, 0xE2, 0x06, 0x08, 0xE6, 0x00, 0x40, 0x94, 0x3E, 0x01, 0x0D, 0x80,
0x02, 0x80, 0x7A, 0x04, 0x40, 0x01, 0x86, 0x20, 0x39, 0x20, 0x53, 0x21, 0x21, 0x24, 0x0F, 0x53,
0x10, 0x40, 0x89, 0x2F, 0x08, 0x40, 0x90, 0x3F, 0x01, 0x0C, 0x40, 0x01, 0x8E, 0x00, 0x37, 0x23,
0x91, 0x36, 0x53, 0x36, 0x36, 0x5F, 0x36, 0x5F, 0x24, 0x21, 0x45, 0x1C, 0x40, 0x7D, 0xBA, 0x08,
0x33, 0x45, 0x01, 0x06, 0x9D, 0x08, 0x0C, 0xB2, 0x02, 0x40, 0x64, 0x8C, 0x00, 0x0C, 0x40, 0x01,
0x8E, 0x28, 0x20, 0x91, 0x36, 0x40, 0x5F, 0x36, 0x36, 0x36, 0x36, 0x24, 0x36, 0x39, 0x39, 0x0F,
0x40, 0xB1, 0x40, 0x01, 0x40, 0x74, 0x8C, 0x00, 0x0C, 0x40, 0x01, 0x8C, 0x7A, 0x23, 0x5F, 0x36,
0x53, 0x21, 0x21, 0x36, 0x48, 0x21, 0x24, 0x5F, 0x39, 0x40, 0x7C, 0xFC, 0x09, 0x35, 0x42, 0x01,
0x40, 0x82, 0x40, 0x01, 0x84, 0x5E, 0x39, 0x91, 0x5F, 0x24, 0x04, 0xC5, 0x0D, 0x84, 0x48, 0x3B,
0x36, 0x39, 0x36, 0x0B, 0x8A, 0x0C, 0x40, 0xA5, 0x44, 0x01, 0x0B, 0x1A, 0x00, 0x1C, 0x2A, 0x00,
0x40, 0x5B, 0x40, 0x01, 0x8D, 0x25, 0x20, 0x39, 0x5F, 0x48, 0x48, 0x48, 0x40, 0x24, 0x24, 0x3B,
0x24, 0x5F, 0x20, 0x41, 0x26, 0x40, 0x01, 0x80, 0x25, 0x08, 0x52, 0x00, 0x8B, 0x01, 0x01, 0x59,
0x3C, 0x20, 0x21, 0x36, 0x21, 0x24, 0x48, 0x53, 0x21, 0x04, 0x40, 0x01, 0x40, 0xB6, 0x80, 0x02,
0x40, 0x66, 0x75, 0x07, 0x0C, 0x80, 0x02, 0x81, 0x59, 0x34, 0x05, 0x57, 0x00, 0x92, 0x4D, 0x3B,
0x20, 0x21, 0x21, 0x21, 0x21, 0x36, 0x21, 0x48, 0x21, 0x48, 0x21, 0x21, 0x24, 0x24, 0x21, 0x45,
0x23, 0x1B, 0x6B, 0x00, 0x0B, 0x91, 0x0F, 0x0C, 0x94, 0x00, 0x0C, 0xA2, 0x00, 0x40, 0x61, 0x90,
0x04, 0x40, 0x86, 0x40, 0x01, 0x85, 0x25, 0x21, 0x91, 0x5F, 0x36, 0x36, 0x04, 0x3B, 0x01, 0x82,
0x21, 0x53, 0x5F, 0x04, 0xBC, 0x08, 0x89, 0x48, 0x5F, 0x5F, 0x36, 0x21, 0x1A, 0x3B, 0x61, 0x21,
0x36, 0x06, 0x1F, 0x01, 0x0D, 0xB3, 0x00, 0x3D, 0xCB, 0x31, 0x81, 0x01, 0x01, 0x40, 0x47, 0x55,
0x01, 0x40, 0x7F, 0xF3, 0x09, 0x0E, 0x40, 0x01, 0x83, 0x24, 0x36, 0x36, 0x21, 0x06, 0x40, 0x01,
0x80, 0x2C, 0x04, 0x41, 0x15, 0x84, 0x5F, 0x48, 0x5F, 0x5F, 0x21, 0x04, 0x40, 0x01, 0x81, 0x3B,
0x21, 0x3F, 0x6D, 0x00, 0x40, 0xE6, 0x40, 0x01, 0x86, 0x5E, 0x25, 0x2A, 0x25, 0x25, 0x25, 0x25,
0x04, 0x04, 0x00, 0x8E, 0x35, 0x90, 0x32, 0x1C, 0x20, 0x20, 0x24, 0x5F, 0x5F, 0x24, 0x24, 0x24,
0x1A, 0x61, 0x24, 0x3C, 0xC1, 0x0D, 0x14, 0xA9, 0x00, 0x04, 0x3F, 0x01, 0x3C, 0xC0, 0x00, 0x15,
0x16, 0x06, 0x2F, 0x4C, 0x01, 0x40, 0x52, 0x46, 0x04, 0x80, 0x25, 0x0D, 0x54, 0x00, 0x8B, 0x0F,
0x1C, 0x20, 0x24, 0x36, 0x5F, 0x3B, 0x24, 0x1A, 0x24, 0x61, 0x61, 0x3C, 0x11, 0x1F, 0x40, 0xEB,
0x40, 0x01, 0x0E, 0x94, 0x00, 0x8B, 0x20, 0x36, 0x24, 0x21, 0x36, 0x53, 0x24, 0x1A, 0x1A, 0x61,
0x24, 0x21, 0x40, 0x4B, 0x40, 0x01, 0x08, 0xFB, 0x15, 0x40, 0x52, 0x9D, 0x16, 0x40, 0x79, 0x39,
0x01, 0x18, 0x40, 0x01, 0x86, 0x1A, 0x21, 0x5F, 0x24, 0x3B, 0x21, 0x21, 0x30, 0x40, 0x01, 0x0E,
0x68, 0x06, 0x0C, 0x4F, 0x23, 0x40, 0x54, 0x3C, 0x01, 0x1D, 0xE9, 0x02, 0x0C, 0x23, 0x05, 0x40,
0x61, 0x0C, 0x0F, 0x0E, 0xC0, 0x03, 0x8B, 0x01, 0x32, 0x36, 0x21, 0x3B, 0x36, 0x21, 0x3B, 0x21,
0x1A, 0x61, 0x3B, 0x40, 0x47, 0x40, 0x01, 0x40, 0x5E, 0xBF, 0x0A, 0x40, 0x81, 0x86, 0x0A, 0x0E,
0x40, 0x01, 0x81, 0x00, 0x39, 0x05, 0x8C, 0x07, 0x84, 0x3B, 0x24, 0x1A, 0x42, 0x3B, 0x3B, 0x40,
0x06, 0x0C, 0xBB, 0x19, 0x87, 0x52, 0x35, 0x95, 0x13, 0x03, 0x03, 0x03, 0x03, 0x04, 0x04, 0x00,
0x04, 0x04, 0x00, 0x84, 0x11, 0x96, 0x7E, 0xBD, 0x2A, 0x06, 0x17, 0x02, 0x40, 0xC4, 0x4D, 0x01,
0x80, 0x25, 0x0E, 0x15, 0x02, 0x8B, 0x39, 0x1A, 0x5F, 0x36, 0x21, 0x21, 0x61, 0x1A, 0x24, 0x42,
0x61, 0x3B, 0x40, 0x41, 0x40, 0x01, 0x84, 0x01, 0x01, 0x52, 0x92, 0x11, 0x09, 0x38, 0x01, 0x86,
0x03, 0x03, 0x11, 0x11, 0x11, 0x11, 0x11, 0x04, 0x09, 0x00, 0x83, 0x03, 0x11, 0x23, 0x28, 0x40,
0xC7, 0x8F, 0x02, 0x05, 0x40, 0x01, 0x0A, 0x41, 0x0C, 0x80, 0x3C, 0x04, 0x80, 0x11, 0x86, 0x21,
0x61, 0x1A, 0x61, 0x42, 0x42, 0x3A, 0x3A, 0x28, 0x16, 0x04, 0x97, 0x04, 0x8E, 0x52, 0x2A, 0x0F,
0x20, 0x03, 0x11, 0x33, 0x49, 0x74, 0x5B, 0x46, 0x04, 0x04, 0x04, 0x04, 0x04, 0x04, 0x00, 0x08,
0x08, 0x00, 0x83, 0x04, 0x04, 0x6D, 0x54, 0x09, 0x58, 0x01, 0x8A, 0x03, 0x11, 0x13, 0x20, 0x90,
0x92, 0x35, 0x7A, 0x7A, 0x5E, 0xB1, 0x35, 0x87, 0x07, 0x40, 0x85, 0x40, 0x01, 0x09, 0x95, 0x00,
0x8A, 0x3C, 0x2C, 0x21, 0x21, 0x5F, 0x21, 0x24, 0x24, 0x3B, 0x42, 0x70, 0x3B, 0x81, 0x16, 0x04,
0x4F, 0x00, 0x8B, 0x2D, 0x13, 0x03, 0x03, 0x49, 0x97, 0x4F, 0x71, 0x71, 0x71, 0x04, 0x41, 0x11,
0x40, 0x01, 0x83, 0x5C, 0x4F, 0x97, 0x54, 0x0C, 0xD5, 0x03, 0x04, 0x9C, 0x02, 0x84, 0x83, 0x1C,
0x95, 0x90, 0x59, 0x40, 0xB1, 0xCB, 0x20, 0x07, 0x40, 0x01, 0x08, 0x3C, 0x02, 0x8A, 0x20, 0x53,
0x36, 0x24, 0x21, 0x1A, 0x24, 0x61, 0x3A, 0x70, 0x70, 0x30, 0x80, 0x02, 0x0C, 0x40, 0x01, 0x84,
0x28, 0x83, 0x03, 0x9A, 0x4F, 0x13, 0x78, 0x02, 0x0A, 0x0A, 0x00, 0x93, 0x41, 0x04, 0x46, 0x46,
0x6D, 0x33, 0x03, 0x03, 0x11, 0x54, 0x31, 0x46, 0x46, 0x64, 0x5B, 0x6A, 0x49, 0x9A, 0x54, 0x33,
0x06, 0x94, 0x02, 0x83, 0x11, 0x89, 0x96, 0x52, 0x40, 0xAA, 0xD8, 0x03, 0x09, 0x40, 0x01, 0x06,
0xF0, 0x05, 0x81, 0x20, 0x53, 0x06, 0x7D, 0x07, 0x80, 0x42, 0x3C, 0x40, 0x01, 0x87, 0x01, 0x25,
0x03, 0x03, 0x11, 0x71, 0x04, 0x41, 0x12, 0x78, 0x02, 0x0F, 0x42, 0x01, 0x87, 0x5C, 0x5B, 0x03,
0x03, 0x03, 0x9A, 0x84, 0x5C, 0x06, 0x94, 0x02, 0x83, 0x5C, 0x75, 0x84, 0x5B, 0x07, 0x44, 0x01,
0x81, 0x1C, 0x28, 0x1D, 0xBD, 0x10, 0x40, 0x95, 0x40, 0x01, 0x05, 0xA8, 0x09, 0x05, 0x40, 0x01,
0x82, 0x24, 0x24, 0x42, 0x04, 0x40, 0x01, 0x38, 0xA7, 0x00, 0x85, 0x35, 0x11, 0x03, 0x3C, 0x75,
0x71, 0x1E, 0x3B, 0x01, 0x07, 0x08, 0x00, 0x88, 0x41, 0x41, 0x04, 0x64, 0x11, 0x03, 0x03, 0x1F,
0x84, 0x08, 0xAC, 0x02, 0x04, 0x74, 0x01, 0x82, 0x5C, 0x4F, 0x6D, 0x05, 0x47, 0x01, 0x82, 0x20,
0x2C, 0x92, 0x14, 0xCE, 0x03, 0x81, 0x52, 0x2D, 0x04, 0xA5, 0x02, 0x40, 0x94, 0x40, 0x01, 0x84,
0x01, 0x00, 0x01, 0x23, 0x1A, 0x04, 0xC2, 0x17, 0x04, 0x00, 0x05, 0x81, 0x42, 0x3B, 0x38, 0x40,
0x01, 0x82, 0x03, 0x11, 0x6A, 0x04, 0x08, 0x01, 0x06, 0x7F, 0x02, 0x92, 0x46, 0x4F, 0x4F, 0x97,
0x74, 0x49, 0x33, 0x33, 0x33, 0x33, 0x54, 0x54, 0x54, 0x6D, 0xA6, 0x74, 0x5B, 0x64, 0x64, 0x0F,
0xD8, 0x03, 0x86, 0x46, 0x4F, 0x74, 0x11, 0x03, 0x11, 0x64, 0x10, 0x22, 0x05, 0x81, 0x5C, 0x64,
0x05, 0x46, 0x01, 0x81, 0x13, 0x2D, 0x0F, 0x44, 0x01, 0x86, 0x96, 0x03, 0x03, 0x54, 0x9A, 0x11,
0x03, 0x40, 0x88, 0x28, 0x05, 0x0B, 0x40, 0x01, 0x04, 0x42, 0x01, 0x83, 0x3C, 0x1A, 0x36, 0x24,
0x3F, 0x40, 0x01, 0x83, 0x35, 0x03, 0x49, 0x31, 0x04, 0x17, 0x01, 0x87, 0x46, 0x4F, 0x4F, 0x74,
0x6A, 0x9E, 0x54, 0x33, 0x07, 0x93, 0x03, 0x09, 0x28, 0x06, 0x82, 0x33, 0x74, 0x5C, 0x0A, 0x82,
0x02, 0x06, 0x06, 0x00, 0x85, 0x5B, 0x54, 0x03, 0x33, 0x6A, 0x5C, 0x06, 0xC7, 0x03, 0x0C, 0x59,
0x01, 0x81, 0x64, 0x33, 0x04, 0xCC, 0x03, 0x81, 0x95, 0x35, 0x0B, 0x8A, 0x00, 0x86, 0x5E, 0x03,
0x03, 0x33, 0x46, 0x84, 0x9A, 0x40, 0x97, 0x40, 0x01, 0x85, 0x34, 0x55, 0x24, 0x24, 0x40, 0x53,
0x05, 0x40, 0x01, 0x81, 0x3B, 0x2C, 0x37, 0x40, 0x01, 0x0B, 0x2D, 0x01, 0x92, 0x13, 0x20, 0xA7,
0x35, 0x2A, 0x25, 0x2A, 0x0F, 0x68, 0x21, 0x2C, 0x76, 0x2A, 0x2A, 0x25, 0x34, 0x34, 0x73, 0x3B,
0x05, 0x4C, 0x0B, 0x81, 0x11, 0x75, 0x0E, 0x84, 0x02, 0x82, 0x41, 0x04, 0x4F, 0x04, 0x16, 0x00,
0x09, 0x41, 0x01, 0x04, 0xD8, 0x03, 0x07, 0xE7, 0x03, 0x81, 0x46, 0x84, 0x04, 0x44, 0x01, 0x81,
0x03, 0x33, 0x07, 0x53, 0x06, 0x88, 0x25, 0x11, 0x11, 0x64, 0x46, 0x41, 0x4F, 0x33, 0x03, 0x40,
0x93, 0xC0, 0x03, 0x8F, 0x01, 0x01, 0x00, 0x59, 0x20, 0x40, 0x40, 0x40, 0x24, 0x21, 0x48, 0x24,
0x3B, 0x3B, 0x3B, 0x1A, 0x36, 0x40, 0x01, 0x80, 0x4D, 0x08, 0x3C, 0x01, 0x81, 0x36, 0x28, 0x0D,
0x5C, 0x00, 0x80, 0x15, 0x07, 0x07, 0x00, 0x80, 0x2C, 0x04, 0x8F, 0x02, 0x81, 0x54, 0x5B, 0x10,
0x6D, 0x02, 0x85, 0x74, 0x11, 0x03, 0x03, 0x6A, 0x5C, 0x14, 0xB3, 0x07, 0x82, 0x46, 0x5B, 0x6D,
0x04, 0x50, 0x00, 0x06, 0x81, 0x2D, 0x87, 0x23, 0x03, 0x49, 0x46, 0x04, 0x04, 0x9F, 0x03, 0x40,
0x95, 0x40, 0x01, 0x87, 0x00, 0x01, 0x1C, 0x21, 0x24, 0x40, 0x24, 0x24, 0x04, 0x80, 0x02, 0x81,
0x1A, 0x1A, 0x36, 0x80, 0x11, 0x85, 0x01, 0x13, 0x03, 0x03, 0x11, 0x2D, 0x07, 0x2D, 0x01, 0x16,
0x0C, 0x11, 0x85, 0x73, 0x2B, 0x20, 0x03, 0x03, 0x54, 0x11, 0x16, 0x0A, 0x84, 0xA0, 0x54, 0x03,
0x03, 0x33, 0x17, 0x71, 0x06, 0x81, 0x4F, 0x6A, 0x04, 0xBF, 0x0C, 0x8B, 0x95, 0x4D, 0x99, 0x03,
0x11, 0x04, 0x04, 0x04, 0x64, 0x33, 0x03, 0x23, 0x40, 0x96, 0x40, 0x01, 0x84, 0x5A, 0x53, 0x40,
0x40, 0x48, 0x05, 0x40, 0x01, 0x81, 0x3B, 0x1A, 0x36, 0x00, 0x14, 0x85, 0x52, 0x11, 0x03, 0x11,
0x2B, 0x02, 0x19, 0x3C, 0x01, 0x80, 0x15, 0x05, 0x5A, 0x01, 0x83, 0x15, 0x2B, 0x11, 0x03, 0x10,
0x31, 0x06, 0x86, 0x04, 0x04, 0x4F, 0x11, 0x03, 0x03, 0x74, 0x17, 0x35, 0x0A, 0x81, 0x46, 0xA1,
0x04, 0x85, 0x02, 0x89, 0x83, 0x11, 0x03, 0x54, 0x04, 0x04, 0x4F, 0x33, 0x03, 0x11, 0x0F, 0x61,
0x31, 0x40, 0x87, 0xC0, 0x03, 0x86, 0x01, 0x39, 0x76, 0x40, 0x42, 0x21, 0x24, 0x04, 0x3F, 0x01,
0x82, 0x3A, 0x61, 0x21, 0x35, 0x14, 0x2E, 0x82, 0x1C, 0x03, 0x11, 0x07, 0x24, 0x01, 0x17, 0x41,
0x01, 0x07, 0x07, 0x00, 0x83, 0x0F, 0x03, 0x11, 0x1F, 0x11, 0x25, 0x01, 0x04, 0x30, 0x06, 0x80,
0x6D, 0x19, 0xF6, 0x08, 0x80, 0xA1, 0x04, 0x0A, 0x05, 0x85, 0x54, 0x31, 0x6D, 0x03, 0x11, 0xA7,
0x40, 0x8A, 0xA6, 0x0C, 0x0E, 0x40, 0x01, 0x83, 0x36, 0x8A, 0x42, 0x24, 0x04, 0xBF, 0x17, 0x84,
0x3B, 0x3B, 0x42, 0x3A, 0x1A, 0x33, 0x01, 0x23, 0x84, 0x52, 0x92, 0x03, 0x11, 0x2A, 0x0D, 0x29,
0x01, 0x18, 0x45, 0x01, 0x84, 0x15, 0x11, 0x03, 0x03, 0x75, 0x12, 0x83, 0x02, 0x83, 0x03, 0x03,
0x03, 0x84, 0x17, 0x3F, 0x01, 0x83, 0xB8, 0x04, 0x75, 0x1F, 0x06, 0x88, 0x10, 0x40, 0x89, 0x7D,
0x02, 0x10, 0x40, 0x01, 0x8D, 0x35, 0x3B, 0x40, 0xB2, 0x24, 0x21, 0x24, 0x1A, 0x1A, 0x3B, 0x3B,
0x3A, 0x3A, 0x3B, 0x0F, 0x02, 0x37, 0x23, 0x4D, 0x00, 0x83, 0xB7, 0x11, 0x03, 0x25, 0x08, 0x38,
0x01, 0x1F, 0x40, 0x01, 0x85, 0x01, 0x01, 0x28, 0x11, 0x11, 0xA6, 0x10, 0x46, 0x06, 0x85, 0x04,
0x04, 0x4F, 0x9A, 0x03, 0x33, 0x18, 0x42, 0x01, 0x82, 0x41, 0x04, 0x46, 0x04, 0xF2, 0x0D, 0x40,
0x7D, 0x16, 0x2B, 0x1D, 0x40, 0x01, 0x8D, 0x20, 0x40, 0x40, 0x8B, 0x3B, 0x21, 0x3B, 0x21, 0x21,
0x3B, 0x3A, 0x3B, 0x70, 0x1A, 0x30, 0x40, 0x01, 0x83, 0x34, 0x20, 0x03, 0x20, 0x0E, 0xCF, 0x02,
0x1F, 0x55, 0x17, 0x82, 0x23, 0x03, 0x03, 0x12, 0x41, 0x01, 0x84, 0x04, 0x64, 0x54, 0x03, 0x1F,
0x13, 0x17, 0x00, 0x08, 0x1E, 0x00, 0x81, 0x03, 0x2B, 0x40, 0x97, 0x00, 0x0F, 0x89, 0x01, 0x01,
0x15, 0x20, 0x8A, 0x42, 0x48, 0x3B, 0x21, 0x1A, 0x04, 0x40, 0x01, 0x82, 0x61, 0x70, 0x3B, 0x2F,
0xDB, 0x40, 0x84, 0x5E, 0x99, 0x11, 0x20, 0x30, 0x04, 0x9A, 0x03, 0x27, 0x3E, 0x01, 0x85, 0x15,
0x01, 0x25, 0x55, 0x03, 0x49, 0x11, 0xC4, 0x03, 0x86, 0x41, 0x04, 0x4F, 0x54, 0x11, 0xA1, 0x71,
0x17, 0x3C, 0x0F, 0x83, 0x41, 0x46, 0x03, 0x89, 0x40, 0x8D, 0xA3, 0x11, 0x0C, 0x40, 0x01, 0x8D,
0x2B, 0x24, 0x42, 0xB3, 0x21, 0x24, 0x21, 0x36, 0x1A, 0x3B, 0x24, 0x3B, 0x61, 0x3A, 0x2F, 0x16,
0x47, 0x88, 0x25, 0x03, 0x03, 0x1C, 0x01, 0x01, 0x25, 0x01, 0x15, 0x07, 0x64, 0x07, 0x23, 0x40,
0x01, 0x82, 0x01, 0x15, 0x15, 0x04, 0x4C, 0x0B, 0x11, 0x24, 0x01, 0x81, 0x41, 0x49, 0x0B, 0x4C,
0x0B, 0x10, 0x5E, 0x01, 0x80, 0x54, 0x40, 0x8A, 0xFC, 0x09, 0x0F, 0x40, 0x01, 0x84, 0x15, 0x21,
0x3B, 0x5F, 0x21, 0x04, 0x40, 0x01, 0x87, 0x53, 0x53, 0x24, 0x24, 0x3A, 0x3A, 0x1A, 0x8F, 0x2D,
0x48, 0x00, 0x87, 0x99, 0x03, 0x11, 0x53, 0x51, 0x03, 0x03, 0x23, 0x09, 0x01, 0x05, 0x25, 0x45,
0x01, 0x83, 0x25, 0x23, 0x11, 0x54, 0x10, 0x11, 0x0F, 0x85, 0x04, 0x41, 0x46, 0x33, 0x03, 0x1F,
0x18, 0xFE, 0x12, 0x80, 0x49, 0x40, 0x99, 0x40, 0x01, 0x82, 0x2B, 0x21, 0x40, 0x04, 0xCA, 0x21,
0x88, 0x5F, 0x21, 0x53, 0x53, 0x1A, 0x3B, 0x61, 0x3A, 0x3B, 0x2C, 0x41, 0x15, 0x06, 0xE3, 0x18,
0x80, 0x11, 0x05, 0xEB, 0x0E, 0x80, 0x0F, 0x1C, 0xC0, 0x08, 0x12, 0x87, 0x02, 0x80, 0x1C, 0x14,
0x6D, 0x02, 0x83, 0x9F, 0x03, 0x11, 0x97, 0x13, 0x78, 0x15, 0x04, 0xE5, 0x08, 0x81, 0x9E, 0x03,
0x40, 0x8C, 0x9A, 0x28, 0x0B, 0x40, 0x01, 0x80, 0x21, 0x08, 0x40, 0x01, 0x86, 0x24, 0x3B, 0x21,
0x1A, 0x24, 0x3B, 0x3B, 0x2B, 0x19, 0x47, 0x80, 0x25, 0x04, 0x61, 0x0D, 0x8A, 0x2C, 0x28, 0x73,
0x35, 0x0F, 0x13, 0x03, 0x03, 0x13, 0x0F, 0x15, 0x04, 0xC6, 0x03, 0x28, 0x83, 0x02, 0x83, 0x35,
0x13, 0x03, 0x6D, 0x11, 0x83, 0x02, 0x83, 0x46, 0x11, 0x03, 0x33, 0x16, 0x40, 0x01, 0x83, 0x04,
0x4F, 0x11, 0x11, 0x32, 0x1A, 0x08, 0x40, 0x63, 0x40, 0x01, 0x83, 0x15, 0x36, 0x24, 0x42, 0x07,
0x49, 0x24, 0x04, 0xC3, 0x12, 0x82, 0x3B, 0x24, 0x32, 0x28, 0x01, 0x0A, 0x83, 0x25, 0x99, 0x03,
0x1C, 0x09, 0xB7, 0x03, 0x80, 0x35, 0x04, 0x88, 0x02, 0x2D, 0xC4, 0x03, 0x81, 0x15, 0x30, 0x12,
0xB9, 0x0D, 0x84, 0xB8, 0x5C, 0x9A, 0x03, 0x54, 0x17, 0xC8, 0x08, 0x82, 0x4F, 0x03, 0x13, 0x40,
0x8A, 0x9C, 0x2D, 0x0B, 0x40, 0x01, 0x90, 0x24, 0x24, 0x40, 0x21, 0x21, 0x21, 0x48, 0x21, 0x24,
0x3B, 0x3B, 0x21, 0x21, 0x24, 0x61, 0x24, 0x20, 0x27, 0xA6, 0x00, 0x83, 0x52, 0x2C, 0x03, 0x03,
0x09, 0x6F, 0x02, 0x85, 0x15, 0x01, 0x15, 0x03, 0x03, 0x03, 0x27, 0x43, 0x06, 0x08, 0x34, 0x00,
0x83, 0x03, 0x03, 0x03, 0x5C, 0x0E, 0x6D, 0x02, 0x86, 0x41, 0x04, 0x75, 0x33, 0x03, 0x3C, 0x4F,
0x16, 0x41, 0x01, 0x81, 0x03, 0x03, 0x40, 0x8A, 0x03, 0x0A, 0x80, 0x5E, 0x09, 0xDF, 0x1E, 0x86,
0x39, 0x24, 0x40, 0x42, 0x21, 0x21, 0x48, 0x04, 0x7E, 0x0C, 0x85, 0x24, 0x21, 0x1A, 0x3B, 0x3B,
0x24, 0x1E, 0xB9, 0x3A, 0x0A, 0x0A, 0x00, 0x82, 0x83, 0x03, 0x1C, 0x04, 0x86, 0x01, 0x08, 0x9A,
0x0D, 0x84, 0x01, 0x2A, 0x13, 0x03, 0x03, 0x07, 0x85, 0x0C, 0x28, 0x89, 0x07, 0x82, 0x2B, 0x03,
0x6D, 0x12, 0x2C, 0x01, 0x82, 0x11, 0x03, 0x11, 0x16, 0x41, 0x01, 0x80, 0x6A, 0x40, 0x8B, 0x83,
0x0C, 0x80, 0x5E, 0x08, 0x20, 0x20, 0x82, 0x53, 0x53, 0x24, 0x04, 0xBA, 0x12, 0x84, 0x3B, 0x21,
0x21, 0x21, 0x42, 0x04, 0xBF, 0x03, 0x82, 0x3B, 0x21, 0x21, 0x26, 0x01, 0x05, 0x82, 0x95, 0x11,
0x2B, 0x0F, 0x6E, 0x02, 0x83, 0x02, 0x20, 0x03, 0x11, 0x2E, 0xD8, 0x23, 0x84, 0x15, 0x35, 0x03,
0x03, 0x6A, 0x10, 0xF3, 0x17, 0x82, 0x46, 0x6D, 0x03, 0x04, 0x8C, 0x0C, 0x13, 0x06, 0x05, 0x81,
0x6A, 0x03, 0x40, 0x85, 0x1D, 0x35, 0x0D, 0x40, 0x01, 0x81, 0x23, 0x3B, 0x05, 0x40, 0x01, 0x84,
0x40, 0x24, 0x21, 0x24, 0x3B, 0x04, 0x82, 0x2A, 0x83, 0x3B, 0x21, 0x21, 0x32, 0x24, 0xAA, 0x0A,
0x82, 0x92, 0x03, 0x2D, 0x11, 0xAE, 0x03, 0x80, 0x15, 0x2E, 0x81, 0x02, 0x06, 0x32, 0x00, 0x12,
0x6D, 0x02, 0x84, 0x4F, 0x33, 0x03, 0x03, 0x54, 0x0F, 0xD9, 0x03, 0x07, 0x19, 0x00, 0x40, 0x89,
0x00, 0x19, 0x04, 0x96, 0x14, 0x04, 0xC1, 0x00, 0x84, 0x0F, 0x20, 0x48, 0x24, 0x42, 0x05, 0xBB,
0x17, 0x04, 0x03, 0x0A, 0x04, 0xC4, 0x21, 0x82, 0x36, 0x1A, 0x23, 0x23, 0x82, 0x11, 0x82, 0x95,
0x03, 0x03, 0x13, 0xA1, 0x12, 0x80, 0x51, 0x04, 0x4C, 0x0B, 0x2D, 0x41, 0x01, 0x83, 0x25, 0x13,
0x03, 0x03, 0x12, 0xF3, 0x09, 0x04, 0xF6, 0x13, 0x12, 0x16, 0x00, 0x82, 0x41, 0x04, 0xC9, 0x40,
0x87, 0x04, 0x0A, 0x81, 0x12, 0x12, 0x05, 0xD6, 0x15, 0x84, 0x01, 0x01, 0x01, 0x2C, 0x2C, 0x06,
0x40, 0x01, 0x04, 0xFE, 0x2C, 0x05, 0x41, 0x01, 0x83, 0x3A, 0x21, 0x2C, 0x20, 0x12, 0x74, 0x43,
0x11, 0x11, 0x00, 0x82, 0x11, 0x03, 0x23, 0x13, 0x40, 0x01, 0x82, 0x2D, 0x03, 0x13, 0x30, 0x1A,
0x2A, 0x82, 0x2B, 0x03, 0x03, 0x12, 0xEE, 0x04, 0x81, 0xA0, 0x11, 0x14, 0x16, 0x00, 0x04, 0x1F,
0x0A, 0x40, 0x86, 0xC3, 0x08, 0x81, 0x12, 0x12, 0x07, 0x24, 0x06, 0x94, 0x01, 0x20, 0x42, 0x48,
0x3B, 0x42, 0x21, 0x21, 0x21, 0x1A, 0x24, 0x24, 0x24, 0x21, 0x3B, 0x1A, 0x24, 0x21, 0x3A, 0x1A,
0x53, 0x22, 0x43, 0x15, 0x04, 0x7B, 0x07, 0x88, 0x11, 0x20, 0x2B, 0x28, 0x35, 0x73, 0x2A, 0x25,
0x02, 0x0B, 0xC6, 0x03, 0x80, 0x35, 0x30, 0x01, 0x05, 0x86, 0x01, 0x01, 0x01, 0x62, 0x03, 0x03,
0x3C, 0x12, 0x49, 0x0B, 0x83, 0x74, 0x11, 0x03, 0x49, 0x12, 0x0C, 0x1D, 0x82, 0x64, 0x33, 0x1C,
0x40, 0x7A, 0x05, 0x1E, 0x0B, 0xB4, 0x00, 0x80, 0x34, 0x09, 0x40, 0x01, 0x83, 0x2C, 0x40, 0x24,
0x40, 0x04, 0x80, 0x02, 0x8D, 0x1A, 0x3B, 0x24, 0x24, 0x21, 0x42, 0x24, 0x3B, 0x1A, 0x42, 0x1A,
0x53, 0x1A, 0x45, 0x21, 0xFE, 0x03, 0x81, 0x11, 0x11, 0x06, 0x11, 0x1A, 0x8F, 0x11, 0x13, 0x13,
0x1C, 0x39, 0x23, 0x3B, 0x35, 0x73, 0x28, 0x2C, 0x2D, 0x3B, 0x28, 0x0F, 0x2A, 0x0F, 0xD6, 0x03,
0x25, 0x85, 0x07, 0x80, 0x2D, 0x04, 0xF9, 0x1C, 0x11, 0x6F, 0x0C, 0x80, 0x6D, 0x12, 0xDC, 0x1C,
0x05, 0x1A, 0x05, 0x40, 0x8B, 0x40, 0x01, 0x9C, 0x52, 0x34, 0x00, 0x34, 0x42, 0x42, 0x42, 0x42,
0x40, 0x24, 0x3B, 0x61, 0x48, 0x42, 0x24, 0x3B, 0x21, 0x3B, 0x3B, 0x24, 0x24, 0x42, 0x1A, 0x3B,
0x24, 0x21, 0x34, 0x0C, 0x12, 0x1E, 0xAB, 0x1C, 0x80, 0x03, 0x04, 0x75, 0x02, 0x86, 0x15, 0x23,
0x03, 0x03, 0x1C, 0x2C, 0x96, 0x0D, 0xA7, 0x26, 0x30, 0x40, 0x01, 0x04, 0x04, 0x00, 0x82, 0x03,
0x03, 0x03, 0x11, 0x6B, 0x02, 0x80, 0x41, 0x04, 0x04, 0x05, 0x11, 0x16, 0x00, 0x83, 0x46, 0x6D,
0x03, 0x2D, 0x40, 0x84, 0x77, 0x32, 0x91, 0x34, 0x34, 0x4D, 0x00, 0x34, 0x34, 0x0C, 0x67, 0x52,
0x59, 0x42, 0xB2, 0x42, 0xAB, 0x40, 0x24, 0x24, 0x76, 0x04, 0x40, 0x1A, 0x04, 0x7E, 0x1B, 0x88,
0x3B, 0x42, 0x3B, 0x61, 0x24, 0x1A, 0x12, 0x0C, 0x0C, 0x1E, 0xAB, 0x1C, 0x04, 0xFD, 0x04, 0x04,
0x3F, 0x01, 0x81, 0x03, 0x2C, 0x0D, 0x58, 0x00, 0x82, 0x2A, 0x03, 0x03, 0x2D, 0x0A, 0x14, 0x06,
0x83, 0x02, 0x81, 0x25, 0x13, 0x13, 0xD0, 0x12, 0x84, 0x04, 0x71, 0xA6, 0x03, 0x33, 0x12, 0x9B,
0x07, 0x81, 0x03, 0x11, 0x40, 0x77, 0x81, 0x02, 0x14, 0x40, 0x01, 0x9A, 0x0C, 0x0C, 0x2C, 0x40,
0xA8, 0xB2, 0xAB, 0x40, 0x40, 0x61, 0x70, 0x24, 0x42, 0x24, 0x48, 0x24, 0x3B, 0x24, 0x24, 0x3B,
0x40, 0x3B, 0x61, 0x61, 0x21, 0x5E, 0x12, 0x1C, 0x40, 0x01, 0x82, 0x7A, 0x03, 0x13, 0x04, 0x26,
0x01, 0x04, 0x3B, 0x07, 0x0F, 0xB0, 0x08, 0x2F, 0x40, 0x01, 0x82, 0x15, 0x15, 0x15, 0x05, 0x78,
0x06, 0x82, 0x2C, 0x03, 0x33, 0x12, 0x40, 0x01, 0x82, 0x04, 0x5C, 0x54, 0x05, 0xB5, 0x1C, 0x10,
0x84, 0x0C, 0x10, 0x5D, 0x09, 0x80, 0x52, 0x40, 0x6C, 0x18, 0x14, 0x07, 0x3B, 0x34, 0x82, 0x34,
0x34, 0x4D, 0x04, 0x3F, 0x01, 0x89, 0x12, 0x16, 0x20, 0x40, 0x8A, 0x8B, 0xAB, 0x40, 0xB2, 0x8B,
0x04, 0xFF, 0x1D, 0x86, 0x24, 0x24, 0x40, 0x40, 0x24, 0x42, 0x42, 0x04, 0x05, 0x05, 0x80, 0x37,
0x1C, 0x40, 0x01, 0x82, 0x2C, 0x11, 0x20, 0x06, 0xFF, 0x00, 0x81, 0x28, 0x11, 0x10, 0xF1, 0x0E,
0x80, 0x20, 0x06, 0xD9, 0x03, 0x31, 0x82, 0x02, 0x82, 0x36, 0x03, 0x97, 0x16, 0xB1, 0x0D, 0x80,
0x49, 0x12, 0xDA, 0x08, 0x80, 0x92, 0x0D, 0xFC, 0x16, 0x04, 0x0C, 0x07, 0x81, 0x12, 0x12, 0x40,
0x6E, 0x07, 0x49, 0x05, 0x40, 0x01, 0x85, 0x0C, 0x0C, 0x0C, 0x0C, 0x12, 0x8F, 0x04, 0x40, 0x01,
0x83, 0xA8, 0x8B, 0x42, 0x40, 0x07, 0x40, 0x01, 0x88, 0x42, 0x24, 0x42, 0x3A, 0x42, 0x21, 0x3B,
0x24, 0x45, 0x04, 0x95, 0x00, 0x17, 0x03, 0x05, 0x81, 0x92, 0x11, 0x09, 0x64, 0x02, 0x80, 0x2A,
0x10, 0x6D, 0x02, 0x80, 0x1C, 0x35, 0x00, 0x05, 0x84, 0x01, 0x15, 0x2A, 0x03, 0x6D, 0x14, 0x79,
0x24, 0x84, 0x03, 0x03, 0x11, 0x04, 0xB8, 0x0E, 0x13, 0x00, 0x81, 0x54, 0x03, 0x0C, 0x60, 0x2C,
0x04, 0x38, 0x01, 0x05, 0xAB, 0x00, 0x80, 0x34, 0x40, 0x5A, 0x42, 0x01, 0x80, 0x34, 0x04, 0x6A,
0x02, 0x82, 0x34, 0x34, 0x0C, 0x0A, 0x62, 0x00, 0x09, 0x40, 0x01, 0x89, 0x0C, 0x2C, 0x36, 0x24,
0xAB, 0x40, 0x40, 0x8B, 0x8A, 0x40, 0x05, 0x86, 0x07, 0x04, 0x04, 0x00, 0x87, 0x61, 0x42, 0x42,
0x24, 0x24, 0x48, 0x36, 0x16, 0x04, 0x97, 0x00, 0x80, 0x0C, 0x15, 0x06, 0x05, 0x82, 0x03, 0x03,
0x51, 0x1B, 0x0A, 0x06, 0x25, 0x00, 0x0A, 0x0D, 0xEA, 0x1C, 0x80, 0x15, 0x04, 0xF4, 0x12, 0x82,
0x03, 0x03, 0xA1, 0x13, 0x40, 0x01, 0x81, 0x97, 0x11, 0x11, 0x06, 0x0A, 0x82, 0x49, 0x03, 0x13,
0x04, 0xB4, 0x03, 0x80, 0x00, 0x04, 0xB5, 0x03, 0x07, 0x7D, 0x02, 0x05, 0x41, 0x01, 0x1D, 0xF0,
0x06, 0x2D, 0x2F, 0x01, 0x05, 0x19, 0x01, 0x05, 0x05, 0x00, 0x80, 0x0C, 0x05, 0x3B, 0x01, 0x0B,
0x10, 0x00, 0x80, 0x0C, 0x08, 0x45, 0x01, 0x93, 0x34, 0x34, 0x4D, 0x67, 0x0C, 0x0C, 0x0C, 0x5E,
0x20, 0x21, 0x48, 0xAB, 0x8B, 0x42, 0x8B, 0x70, 0x40, 0x61, 0x24, 0x24, 0x05, 0x40, 0x01, 0x82,
0x61, 0x40, 0x70, 0x04, 0x8A, 0x02, 0x81, 0x53, 0x3A, 0x07, 0x40, 0x01, 0x12, 0x41, 0x01, 0x83,
0x52, 0x03, 0x03, 0x2B, 0x1B, 0x40, 0x01, 0x07, 0xDB, 0x03, 0x27, 0xBB, 0x08, 0x09, 0x4D, 0x01,
0x16, 0x83, 0x20, 0x81, 0x46, 0x54, 0x11, 0xC1, 0x03, 0x80, 0x6A, 0x04, 0xC3, 0x26, 0x82, 0x52,
0x52, 0x34, 0x06, 0x40, 0x01, 0x0A, 0x3F, 0x01, 0x34, 0xC3, 0x03, 0x83, 0x34, 0x34, 0x34, 0x34,
0x05, 0x49, 0x00, 0x0B, 0x18, 0x0B, 0x06, 0x26, 0x01, 0x0E, 0x35, 0x01, 0x80, 0x67, 0x04, 0x2C,
0x01, 0x0D, 0x41, 0x01, 0x82, 0x0C, 0x34, 0x4D, 0x04, 0x2B, 0x00, 0x85, 0x4D, 0x3C, 0x21, 0x24,
0x8A, 0x8B, 0x04, 0x3B, 0x01, 0x83, 0x3B, 0x24, 0x24, 0x8A, 0x05, 0x7E, 0x25, 0x80, 0x48, 0x04,
0x05, 0x05, 0x81, 0x8B, 0x42, 0x04, 0xC0, 0x49, 0x0B, 0x42, 0x01, 0x80, 0x12, 0x05, 0x67, 0x00,
0x87, 0x52, 0x52, 0x12, 0x0C, 0x52, 0x1C, 0x11, 0x0F, 0x1B, 0x8A, 0x08, 0x80, 0x11, 0x24, 0x3F,
0x06, 0x84, 0x0F, 0x23, 0x1C, 0x13, 0x13, 0x07, 0xF6, 0x08, 0x82, 0x1C, 0x2D, 0x20, 0x04, 0x53,
0x2E, 0x81, 0x15, 0x13, 0x15, 0x70, 0x0C, 0x83, 0x4F, 0x54, 0x03, 0x3C, 0x0F, 0x9A, 0x0C, 0x82,
0x03, 0x11, 0x34, 0x07, 0x31, 0x01, 0x80, 0x0C, 0x0B, 0x3E, 0x01, 0x20, 0xC3, 0x03, 0x80, 0x12,
0x04, 0x2B, 0x01, 0x0B, 0xA8, 0x02, 0x06, 0x28, 0x01, 0x08, 0x15, 0x01, 0x04, 0x3E, 0x00, 0x04,
0x1C, 0x00, 0x0F, 0x6D, 0x02, 0x0F, 0x0F, 0x00, 0x09, 0x2E, 0x00, 0x93, 0x00, 0x00, 0x0C, 0x0C,
0x35, 0x8F, 0x3D, 0x3D, 0x3D, 0x4D, 0x1C, 0x21, 0x48, 0x8A, 0x48, 0x48, 0x48, 0x42, 0x24, 0x24,
0x04, 0xC3, 0x08, 0x81, 0x42, 0x24, 0x04, 0xBD, 0x03, 0x04, 0x0C, 0x05, 0x82, 0x40, 0x21, 0x56,
0x06, 0x1C, 0x03, 0x04, 0x5B, 0x00, 0x05, 0x98, 0x01, 0x8A, 0x34, 0x52, 0x00, 0x34, 0x52, 0x34,
0x12, 0x00, 0x7A, 0x03, 0x20, 0x1A, 0x22, 0x06, 0x80, 0x25, 0x1B, 0xDB, 0x03, 0x0A, 0xA4, 0x07,
0x80, 0x2D, 0x0D, 0xD9, 0x26, 0x04, 0x31, 0x29, 0x83, 0x35, 0x15, 0x01, 0x2C, 0x13, 0xD9, 0x21,
0x84, 0x04, 0x04, 0x46, 0x6A, 0x03, 0x0F, 0x18, 0x00, 0x80, 0x4F, 0x09, 0x40, 0x01, 0x0E, 0x3E,
0x01, 0x04, 0xAC, 0x00, 0x11, 0x65, 0x0D, 0x05, 0xBD, 0x00, 0x08, 0x5E, 0x01, 0x04, 0x37, 0x00,
0x05, 0x72, 0x02, 0x05, 0x0A, 0x00, 0x26, 0x2B, 0x01, 0x16, 0x16, 0x00, 0x04, 0xD6, 0x03, 0x80,
0x35, 0x04, 0x03, 0x60, 0x9A, 0x17, 0x21, 0x50, 0x24, 0x8A, 0x5F, 0x48, 0x48, 0x40, 0x48, 0x48,
0x24, 0x53, 0x40, 0x3B, 0x42, 0x24, 0x42, 0x8A, 0x8A, 0x42, 0x40, 0x24, 0x48, 0x42, 0x24, 0x53,
0x04, 0x46, 0x24, 0x13, 0xA4, 0x00, 0x81, 0x00, 0x11, 0x1C, 0x61, 0x07, 0x82, 0x1C, 0x03, 0x35,
0x20, 0xB1, 0x03, 0x05, 0xA7, 0x16, 0x80, 0x2D, 0x0A, 0xF6, 0x08, 0x81, 0x28, 0x28, 0x04, 0x46,
0x0A, 0x83, 0x03, 0x25, 0x15, 0x13, 0x15, 0x3F, 0x1F, 0x83, 0x46, 0x03, 0x03, 0x03, 0x10, 0x80,
0x02, 0x14, 0x98, 0x00, 0x06, 0x41, 0x01, 0x0D, 0x50, 0x02, 0x05, 0xA0, 0x02, 0x09, 0x2C, 0x01,
0x81, 0x12, 0x0C, 0x06, 0x63, 0x02, 0x80, 0x12, 0x0C, 0x8D, 0x03, 0x3B, 0x44, 0x01, 0x84, 0x56,
0x17, 0x0D, 0x17, 0x0D, 0x05, 0x55, 0x6B, 0x82, 0x5A, 0x21, 0x48, 0x04, 0x38, 0x10, 0x80, 0x24,
0x04, 0xC7, 0x03, 0x85, 0x42, 0x40, 0x8B, 0x40, 0x42, 0x40, 0x04, 0x4C, 0x0B, 0x04, 0x03, 0x0F,
0x13, 0xA3, 0x00, 0x80, 0x83, 0x1C, 0x61, 0x11, 0x82, 0x2C, 0x03, 0x21, 0x1E, 0xFF, 0x18, 0x04,
0xBD, 0x21, 0x80, 0x23, 0x0B, 0x74, 0x15, 0x08, 0x14, 0x23, 0x04, 0xBC, 0x25, 0x82, 0x28, 0x03,
0x54, 0x14, 0x7B, 0x1B, 0x80, 0x33, 0x0F, 0x81, 0x02, 0x1C, 0x40, 0x01, 0x81, 0x12, 0x12, 0x08,
0x1B, 0x00, 0x05, 0xF8, 0x05, 0x80, 0x67, 0x06, 0x3B, 0x01, 0x07, 0x41, 0x01, 0x80, 0x67, 0x07,
0x0C, 0x00, 0x06, 0x84, 0x02, 0x80, 0x0C, 0x3D, 0x81, 0x02, 0x05, 0x40, 0x01, 0x80, 0x17, 0x05,
0x40, 0x01, 0x82, 0x0D, 0x17, 0x32, 0x04, 0x7C, 0x3E, 0x85, 0x21, 0x48, 0x24, 0x53, 0x36, 0x68,
0x04, 0xFE, 0x09, 0x82, 0x70, 0x42, 0x40, 0x04, 0x4B, 0x06, 0x80, 0x24, 0x05, 0x4E, 0x04, 0x11,
0xA0, 0x00, 0x80, 0x03, 0x1B, 0x62, 0x02, 0x83, 0x15, 0x23, 0x03, 0x73, 0x1E, 0xAC, 0x12, 0x80,
0x2D, 0x14, 0x23, 0x19, 0x87, 0x15, 0x01, 0x01, 0x2A, 0x55, 0x03, 0x03, 0x1C, 0x16, 0x40, 0x01,
0x83, 0xA6, 0x03, 0x03, 0x6A, 0x0C, 0x4B, 0x15, 0x20, 0x40, 0x01, 0x08, 0xAF, 0x03, 0x12, 0x40,
0x01, 0x06, 0x78, 0x02, 0x04, 0x5B, 0x01, 0x12, 0x57, 0x07, 0x33, 0x40, 0x01, 0x04, 0x41, 0x57,
0x81, 0x17, 0x3A, 0x04, 0x48, 0x5C, 0x81, 0x39, 0x39, 0x04, 0xBA, 0x44, 0x04, 0x3F, 0x10, 0x84,
0x48, 0x42, 0xA8, 0xA8, 0xA8, 0x04, 0x03, 0x05, 0x83, 0x48, 0x48, 0x3B, 0xB9, 0x0A, 0x44, 0x04,
0x0A, 0x9F, 0x00, 0x80, 0x34, 0x1C, 0x60, 0x07, 0x80, 0x2B, 0x1C, 0x3D, 0x0B, 0x80, 0x15, 0x05,
0xEF, 0x0D, 0x80, 0x13, 0x16, 0x5F, 0x15, 0x80, 0x15, 0x04, 0x39, 0x0A, 0x16, 0x40, 0x01, 0x81,
0x71, 0x6A, 0x0E, 0xC6, 0x0D, 0x80, 0x4F, 0x1D, 0x40, 0x01, 0x0A, 0x4D, 0x06, 0x0A, 0x7F, 0x08,
0x81, 0x67, 0x12, 0x05, 0x3A, 0x01, 0x40, 0x47, 0xB8, 0x03, 0x0C, 0x80, 0x02, 0x88, 0x17, 0x0D,
0x3A, 0x85, 0x17, 0x17, 0x17, 0x21, 0x5A, 0x05, 0x3F, 0x1F, 0x04, 0x07, 0x05, 0x82, 0x42, 0xA8,
0x42, 0x04, 0x0B, 0x0A, 0x83, 0x3B, 0x48, 0x48, 0x24, 0x06, 0xA1, 0x11, 0x0F, 0x40, 0x01, 0x81,
0x8F, 0x03, 0x1B, 0x7D, 0x07, 0x04, 0x3D, 0x0B, 0x1B, 0xBF, 0x03, 0x80, 0x2A, 0x04, 0xE7, 0x04,
0x18, 0x1D, 0x00, 0x84, 0x34, 0x51, 0x03, 0x03, 0x33, 0x15, 0x7C, 0x20, 0x83, 0x46, 0x03, 0x11,
0x5B, 0x0D, 0x40, 0x01, 0x80, 0x83, 0x24, 0x3F, 0x01, 0x05, 0x73, 0x02, 0x40, 0x5E, 0x40, 0x01,
0x80, 0x1A, 0x04, 0xFB, 0x68, 0x04, 0x04, 0x00, 0x88, 0x17, 0x39, 0x20, 0x36, 0x21, 0x21, 0x36,
0x36, 0x21, 0x04, 0xBE, 0x0D, 0x04, 0xFE, 0x09, 0x85, 0x42, 0x24, 0x48, 0x48, 0x24, 0x76, 0x0D,
0xC7, 0x06, 0x06, 0x97, 0x00, 0x81, 0x52, 0x88, 0x0E, 0x35, 0x15, 0x10, 0xFD, 0x09, 0x1A, 0x1E,
0x00, 0x81, 0x15, 0x01, 0x04, 0xBC, 0x03, 0x82, 0x11, 0x11, 0x2A, 0x19, 0x61, 0x01, 0x82, 0x35,
0x03, 0x03, 0x0C, 0x28, 0x01, 0x0C, 0x72, 0x0C, 0x0C, 0x06, 0x0F, 0x82, 0xA0, 0x03, 0x99, 0x24,
0x80, 0x02, 0x0B, 0xD6, 0x08, 0x05, 0xC0, 0x03, 0x40, 0x4F, 0x3E, 0x01, 0x83, 0x19, 0x19, 0x56,
0x1A, 0x06, 0x40, 0x01, 0x04, 0x76, 0x6B, 0x83, 0x45, 0x55, 0x36, 0x36, 0x04, 0x7C, 0x16, 0x93,
0x3B, 0x24, 0x42, 0x42, 0x61, 0x40, 0x40, 0x48, 0x42, 0x48, 0x24, 0x24, 0x40, 0x28, 0x00, 0x00,
0x25, 0x5E, 0x5E, 0x5E, 0x0D, 0x2D, 0x08, 0x81, 0x5E, 0x1C, 0x07, 0xFF, 0x37, 0x17, 0x60, 0x02,
0x1B, 0x9D, 0x02, 0x87, 0x15, 0x03, 0x03, 0x1C, 0x2A, 0x0F, 0x03, 0x11, 0x17, 0x7C, 0x0B, 0x83,
0x15, 0x15, 0x01, 0x51, 0x04, 0x64, 0x2A, 0x13, 0x31, 0x32, 0x80, 0x49, 0x0D, 0x40, 0x01, 0x82,
0xBE, 0x03, 0x20, 0x2D, 0x40, 0x01, 0x07, 0x99, 0x07, 0x40, 0x4C, 0x40, 0x01, 0x80, 0x5E, 0x07,
0x40, 0x01, 0x06, 0xCF, 0x6D, 0x04, 0x41, 0x01, 0x8D, 0x5A, 0x36, 0x5F, 0x5F, 0x53, 0x24, 0x48,
0x24, 0x24, 0x42, 0x40, 0x40, 0x3B, 0x24, 0x05, 0xC8, 0x44, 0x84, 0x40, 0x21, 0x2C, 0x32, 0x1A,
0x04, 0xFF, 0x68, 0x86, 0x1A, 0x37, 0x16, 0x19, 0x19, 0x19, 0x19, 0x04, 0x04, 0x00, 0x81, 0x0C,
0x37, 0x1B, 0xDE, 0x0E, 0x83, 0x2A, 0x03, 0x03, 0x23, 0x1A, 0xC0, 0x2B, 0x81, 0x2A, 0x03, 0x05,
0x9A, 0x16, 0x83, 0x35, 0x11, 0x03, 0x2C, 0x18, 0x24, 0x1E, 0x80, 0x2C, 0x13, 0xF0, 0x13, 0x06,
0xC1, 0x03, 0x81, 0x33, 0x4F, 0x07, 0x41, 0x06, 0x85, 0x41, 0x04, 0x04, 0x6D, 0x03, 0x2C, 0x12,
0xB6, 0x08, 0x05, 0x9E, 0x00, 0x84, 0x16, 0x16, 0x16, 0x16, 0x16, 0x05, 0xAC, 0x00, 0x07, 0xC3,
0x08, 0x0E, 0x27, 0x00, 0x04, 0x42, 0x01, 0x05, 0x46, 0x01, 0x81, 0x67, 0x12, 0x06, 0xD1, 0x03,
0x06, 0x36, 0x00, 0x08, 0xDC, 0x00, 0x05, 0x35, 0x00, 0x09, 0x5E, 0x02, 0x06, 0x50, 0x00, 0x08,
0x54, 0x00, 0x06, 0x06, 0x00, 0x0A, 0x0A, 0x00, 0x04, 0x1E, 0x00, 0x82, 0x56, 0x1A, 0x17, 0x04,
0xFC, 0x04, 0x06, 0x40, 0x01, 0x81, 0x1C, 0x21, 0x04, 0x3D, 0x42, 0x05, 0x80, 0x34, 0x80, 0x53,
0x05, 0x40, 0x01, 0x86, 0x48, 0x53, 0x3B, 0x50, 0x1A, 0x37, 0x17, 0x04, 0xB7, 0x71, 0x82, 0x17,
0x1F, 0x17, 0x06, 0x4F, 0x00, 0x83, 0x19, 0x19, 0x19, 0x32, 0x1B, 0x40, 0x01, 0x82, 0x20, 0x03,
0x03, 0x10, 0xD0, 0x1C, 0x0E, 0x1C, 0x05, 0x05, 0xDD, 0x03, 0x04, 0x41, 0x01, 0x17, 0x25, 0x05,
0x81, 0x0F, 0x11, 0x24, 0x40, 0x01, 0x80, 0x33, 0x0C, 0x40, 0x01, 0x80, 0x67, 0x09, 0xEB, 0x00,
0x83, 0x16, 0x07, 0x16, 0x07, 0x06, 0xE8, 0x01, 0x07, 0xF6, 0x00, 0x06, 0x12, 0x01, 0x0E, 0x67,
0x01, 0x07, 0x84, 0x02, 0x0E, 0x38, 0x01, 0x11, 0x43, 0x01, 0x0A, 0x8D, 0x01, 0x17, 0x3F, 0x01,
0x05, 0x68, 0x00, 0x80, 0x76, 0x04, 0xCE, 0x72, 0x04, 0x3E, 0x01, 0x87, 0x17, 0x1A, 0x1F, 0x1A,
0x5A, 0x21, 0x5F, 0x45, 0x05, 0x82, 0x20, 0x9F, 0x40, 0x40, 0x3B, 0x3B, 0x24, 0x48, 0x48, 0x21,
0x53, 0x24, 0x50, 0x1B, 0x1E, 0x0D, 0x0D, 0x1B, 0x3A, 0x85, 0x1B, 0x0A, 0x1E, 0x17, 0x49, 0x16,
0x3D, 0x54, 0x45, 0x49, 0x19, 0x4E, 0x14, 0x33, 0x1A, 0x40, 0x01, 0x82, 0x1C, 0x03, 0x03, 0x17,
0xDC, 0x03, 0x84, 0x15, 0x01, 0x01, 0x02, 0x2D, 0x07, 0x1E, 0x00, 0x04, 0x01, 0x0A, 0x19, 0xA6,
0x07, 0x80, 0x39, 0x13, 0xD9, 0x2B, 0x05, 0x86, 0x11, 0x81, 0x3C, 0x46, 0x0A, 0xC1, 0x08, 0x82,
0x11, 0x03, 0x90, 0x06, 0x0F, 0x01, 0x05, 0x20, 0x02, 0x8E, 0x4E, 0x4E, 0x4E, 0x4E, 0x4E, 0x07,
0x07, 0x19, 0x19, 0x07, 0x07, 0x07, 0x07, 0x07, 0x19, 0x04, 0x0A, 0x00, 0x88, 0x19, 0x4E, 0x07,
0x4E, 0x07, 0x07, 0x4E, 0x07, 0x07, 0x07, 0x50, 0x01, 0x19, 0x2E, 0x01, 0x19, 0x19, 0x00, 0x08,
0x23, 0x01, 0x09, 0x8C, 0x01, 0x12, 0x41, 0x01, 0x82, 0x16, 0x16, 0x76, 0x05, 0xBF, 0x03, 0x04,
0x40, 0x01, 0x85, 0x3C, 0x1A, 0x32, 0x50, 0x36, 0x39, 0x04, 0x81, 0x3E, 0x8C, 0x36, 0x48, 0x40,
0x40, 0x53, 0x24, 0x48, 0x21, 0x36, 0x36, 0x5A, 0x1A, 0x3A, 0x04, 0x1D, 0x60, 0x8F, 0x3A, 0x3A,
0x17, 0x0D, 0x1B, 0x0A, 0x0A, 0x1B, 0x45, 0x32, 0x1E, 0x0D, 0x0D, 0x49, 0x19, 0x3A, 0x1A, 0x9E,
0x12, 0x04, 0x8B, 0x21, 0x1A, 0xFC, 0x04, 0x82, 0x20, 0x03, 0x1C, 0x06, 0x34, 0x01, 0x04, 0x6C,
0x0C, 0x83, 0x0F, 0x1C, 0x03, 0x55, 0x15, 0x88, 0x07, 0x80, 0x15, 0x13, 0x07, 0x19, 0x07, 0x40,
0x01, 0x0C, 0xD3, 0x12, 0x80, 0x59, 0x06, 0xC4, 0x00, 0x06, 0x25, 0x01, 0x06, 0x40, 0x01, 0x06,
0x30, 0x01, 0x08, 0x08, 0x00, 0x07, 0x0B, 0x00, 0x82, 0x16, 0x07, 0x4E, 0x1C, 0x25, 0x01, 0x18,
0x18, 0x00, 0x0A, 0x42, 0x01, 0x17, 0x7E, 0x02, 0x06, 0x06, 0x00, 0x80, 0x76, 0x06, 0x7D, 0x07,
0x89, 0x1A, 0x1F, 0x1A, 0x1F, 0x45, 0x50, 0x39, 0x20, 0x45, 0x45, 0x04, 0x40, 0x01, 0x81, 0x21,
0x24, 0x04, 0x3F, 0x01, 0x92, 0x21, 0x36, 0x39, 0x32, 0x37, 0x17, 0x0D, 0x17, 0x1E, 0x3A, 0x3A,
0x0D, 0x0D, 0x3A, 0x1B, 0x1B, 0x0D, 0x0D, 0x50, 0x04, 0x2D, 0x0A, 0x82, 0x49, 0x19, 0x1F, 0x1A,
0x24, 0x01, 0x83, 0x0F, 0x03, 0x03, 0x23, 0x19, 0xBE, 0x03, 0x81, 0x2A, 0x11, 0x08, 0xA7, 0x16,
0x05, 0xC7, 0x03, 0x80, 0x25, 0x18, 0x2C, 0x00, 0x80, 0x5A, 0x16, 0xC2, 0x08, 0x0F, 0x40, 0x01,
0x81, 0x1E, 0x07, 0x04, 0xAF, 0x03, 0x04, 0x3A, 0x01, 0x05, 0x26, 0x01, 0x80, 0x16, 0x06, 0x08,
0x00, 0x07, 0x3F, 0x01, 0x0B, 0x0C, 0x00, 0x05, 0x23, 0x00, 0x3A, 0x82, 0x02, 0x1D, 0x3E, 0x01,
0x82, 0x16, 0x16, 0x59, 0x07, 0xBE, 0x08, 0x8B, 0x1A, 0x32, 0x1F, 0x1A, 0x1A, 0x50, 0x39, 0x20,
0x39, 0x21, 0x36, 0x53, 0x04, 0x7D, 0x57, 0x85, 0x21, 0x36, 0x36, 0x36, 0x5A, 0x39, 0x06, 0x9D,
0x07, 0x05, 0xA0, 0x0C, 0x04, 0x88, 0x02, 0x80, 0x1B, 0x04, 0x6C, 0x0B, 0x82, 0x6F, 0x16, 0x33,
0x19, 0x40, 0x01, 0x83, 0x0F, 0x03, 0x03, 0x68, 0x1D, 0x27, 0x24, 0x08, 0x0B, 0x00, 0x80, 0x2B,
0x04, 0x30, 0x19, 0x83, 0x15, 0x2D, 0x03, 0x36, 0x0F, 0x46, 0x06, 0x05, 0x05, 0x14, 0x80, 0x76,
0x16, 0x81, 0x02, 0x0D, 0x80, 0x07, 0x84, 0x03, 0x03, 0x3D, 0x4E, 0x4E, 0x07, 0x40, 0x01, 0x0E,
0x2E, 0x01, 0x0B, 0x7F, 0x02, 0x0A, 0x18, 0x00, 0x04, 0x24, 0x00, 0x80, 0x19, 0x0B, 0xCA, 0x03,
0x19, 0x77, 0x02, 0x0D, 0x19, 0x00, 0x29, 0x40, 0x01, 0x88, 0x1A, 0x22, 0x45, 0x22, 0x1F, 0x1A,
0x1A, 0x3C, 0x20, 0x05, 0x40, 0x01, 0x88, 0x5A, 0x45, 0x21, 0x21, 0x39, 0x21, 0x36, 0x23, 0x1C,
0x04, 0x54, 0x06, 0x07, 0x3C, 0x01, 0x04, 0x63, 0x66, 0x81, 0x0D, 0x1B, 0x04, 0x09, 0x00, 0x80,
0x11, 0x04, 0x7C, 0x3F, 0x19, 0x0C, 0x29, 0x80, 0x55, 0x1A, 0x7B, 0x25, 0x80, 0x15, 0x11, 0x19,
0x0A, 0x81, 0x15, 0x2D, 0x10, 0x82, 0x02, 0x05, 0x3E, 0x00, 0x80, 0x2A, 0x16, 0x83, 0x0C, 0x1B,
0x40, 0x01, 0x11, 0x41, 0x01, 0x10, 0x10, 0x00, 0x08, 0x08, 0x00, 0x81, 0x19, 0x19, 0x05, 0x8B,
0x02, 0x80, 0x16, 0x04, 0x21, 0x05, 0x14, 0xC6, 0x03, 0x06, 0x40, 0x01, 0x07, 0x46, 0x01, 0x23,
0x3F, 0x01, 0x9D, 0x16, 0x59, 0x32, 0x1A, 0x32, 0x6F, 0x22, 0x1A, 0x1A, 0x32, 0x32, 0x32, 0x45,
0x3C, 0x50, 0x45, 0x20, 0x36, 0x2D, 0x20, 0x5A, 0x32, 0x32, 0x32, 0x1A, 0x1A, 0x45, 0x39, 0x1C,
0x1F, 0x06, 0xD9, 0x03, 0x80, 0x17, 0x05, 0x04, 0x05, 0x04, 0x86, 0x02, 0x80, 0x3A, 0x06, 0x2D,
0x65, 0x19, 0xE4, 0x04, 0x80, 0x2C, 0x07, 0xD0, 0x1C, 0x18, 0x35, 0x10, 0x81, 0x1C, 0xB1, 0x13,
0x83, 0x2F, 0x04, 0x74, 0x2E, 0x0E, 0x40, 0x01, 0x83, 0x15, 0x03, 0x11, 0x5B, 0x13, 0xF6, 0x22,
0x80, 0x03, 0x08, 0x96, 0x02, 0x04, 0x1C, 0x00, 0x04, 0x40, 0x01, 0x28, 0x35, 0x01, 0x16, 0x16,
0x00, 0x05, 0xF0, 0x7F, 0x08, 0x62, 0x07, 0x26, 0x2D, 0x01, 0x0B, 0x0B, 0x00, 0x81, 0x14, 0x16,
0x04, 0x3F, 0x04, 0x04, 0x40, 0x01, 0x99, 0x3C, 0x45, 0x17, 0x1A, 0x1A, 0x1F, 0x1A, 0x32, 0x32,
0x1A, 0x21, 0x50, 0x45, 0x45, 0x36, 0x21, 0x5A, 0x32, 0x1A, 0x1F, 0x22, 0x32, 0x17, 0x17, 0x45,
0x45, 0x05, 0xD4, 0x08, 0x85, 0x47, 0x1A, 0x17, 0x0D, 0x17, 0x1A, 0x04, 0x38, 0x01, 0x82, 0x17,
0x0D, 0x3A, 0x06, 0x41, 0x01, 0x19, 0x40, 0x01, 0x05, 0x77, 0x16, 0x06, 0x4B, 0x1B, 0x12, 0x1D,
0x00, 0x80, 0x68, 0x10, 0xE5, 0x1C, 0x07, 0xEF, 0x08, 0x05, 0x89, 0x11, 0x0E, 0xD2, 0x17, 0x82,
0x03, 0x03, 0x74, 0x12, 0x40, 0x01, 0x82, 0x46, 0x03, 0xBA, 0x0D, 0x40, 0x01, 0x80, 0x27, 0x40,
0x40, 0x40, 0x01, 0x17, 0x37, 0x01, 0x06, 0x18, 0x01, 0x20, 0x40, 0x01, 0x06, 0x9A, 0x06, 0x83,
0x16, 0x16, 0x59, 0x50, 0x05, 0x26, 0x01, 0x80, 0x1A, 0x05, 0x82, 0x02, 0x85, 0x21, 0x45, 0x3C,
0x20, 0x39, 0x32, 0x04, 0xB3, 0x03, 0x82, 0x1E, 0x85, 0x0D, 0x04, 0x95, 0x07, 0x80, 0x1F, 0x04,
0xC0, 0x03, 0x04, 0x39, 0x01, 0x05, 0xC5, 0x03, 0x80, 0x3A, 0x05, 0x09, 0x05, 0x83, 0x1E, 0x37,
0x03, 0x13, 0x14, 0x61, 0x2A, 0x83, 0x2A, 0x99, 0x03, 0x11, 0x17, 0x95, 0x11, 0x05, 0x55, 0x02,
0x80, 0x13, 0x16, 0xD7, 0x0D, 0x04, 0x91, 0x0C, 0x09, 0x7D, 0x29, 0x07, 0x09, 0x00, 0x80, 0x03,
0x10, 0x6E, 0x16, 0x06, 0x40, 0x01, 0x80, 0x6A, 0x07, 0xC0, 0x03, 0x07, 0x40, 0x01, 0x3E, 0x3F,
0x01, 0x07, 0x43, 0x01, 0x06, 0x06, 0x00, 0x07, 0x09, 0x00, 0x0F, 0x1C, 0x00, 0x06, 0x26, 0x01,
0x09, 0x50, 0x01, 0x80, 0x19, 0x07, 0x10, 0x00, 0x86, 0x14, 0x14, 0x07, 0x16, 0x16, 0x07, 0x14,
0x06, 0x1B, 0x00, 0x05, 0xB7, 0x7B, 0x8F, 0x17, 0x1A, 0x1A, 0x32, 0x22, 0x1F, 0x22, 0x22, 0x32,
0x1A, 0x1A, 0x32, 0x1C, 0x21, 0x1A, 0x17, 0x04, 0x4A, 0x79, 0x04, 0x86, 0x75, 0x05, 0x4B, 0x01,
0x07, 0x68, 0x75, 0x83, 0x17, 0x17, 0x0D, 0x85, 0x04, 0x40, 0x01, 0x85, 0x1A, 0x17, 0x1A, 0x03,
0x23, 0x2C, 0x11, 0xDF, 0x22, 0x80, 0x15, 0x04, 0x56, 0x3F, 0x1C, 0x31, 0x15, 0x80, 0x2D, 0x19,
0xF0, 0x09, 0x81, 0x0F, 0x11, 0x09, 0x33, 0x0A, 0x09, 0x40, 0x01, 0x13, 0x06, 0x19, 0x80, 0x9F,
0x0C, 0x5B, 0x1A, 0x82, 0x46, 0x03, 0x1C, 0x06, 0xEC, 0x09, 0x36, 0x39, 0x01, 0x07, 0x34, 0x05,
0x07, 0x47, 0x02, 0x09, 0x2A, 0x01, 0x10, 0x44, 0x01, 0x17, 0x3E, 0x00, 0x81, 0x14, 0x14, 0x04,
0x04, 0x00, 0x04, 0x41, 0x01, 0x04, 0x40, 0x06, 0x07, 0x7E, 0x02, 0x04, 0xFA, 0x7C, 0x84, 0x1A,
0x21, 0x21, 0x1A, 0x3C, 0x04, 0x4B, 0x0B, 0x04, 0x04, 0x00, 0x83, 0x17, 0x45, 0x45, 0x32, 0x04,
0xBE, 0x03, 0x04, 0x34, 0x01, 0x80, 0x47, 0x05, 0x40, 0x01, 0x80, 0x0D, 0x05, 0xF8, 0x7C, 0x86,
0x17, 0x32, 0x03, 0x20, 0x68, 0x03, 0x2D, 0x11, 0x3A, 0x06, 0x19, 0x39, 0x0B, 0x06, 0x17, 0x01,
0x80, 0x23, 0x1A, 0x5F, 0x01, 0x81, 0x2A, 0x03, 0x0F, 0x0D, 0x18, 0x04, 0xB0, 0x1C, 0x13, 0x35,
0x29, 0x0B, 0x40, 0x01, 0x82, 0x4F, 0x03, 0x32, 0x3C, 0x40, 0x01, 0x10, 0x86, 0x02, 0x0A, 0x40,
0x01, 0x17, 0x31, 0x01, 0x81, 0x14, 0x14, 0x04, 0x04, 0x00, 0x0A, 0x3F, 0x01, 0x82, 0x07, 0x27,
0x27, 0x04, 0x00, 0x03, 0x05, 0x40, 0x01, 0x04, 0xF1, 0x7C, 0x06, 0xB5, 0x7B, 0x08, 0xCB, 0x03,
0x04, 0x3E, 0x01, 0x82, 0x17, 0x17, 0x22, 0x04, 0x2F, 0x01, 0x80, 0x47, 0x05, 0x72, 0x02, 0x07,
0x89, 0x07, 0x05, 0x59, 0x01, 0x83, 0x17, 0x1C, 0x03, 0x2C, 0x0F, 0xA1, 0x1C, 0x81, 0x15, 0x2B,
0x04, 0xBE, 0x18, 0x0D, 0x09, 0x06, 0x11, 0x40, 0x01, 0x1D, 0x59, 0x0B, 0x84, 0x2C, 0x11, 0x03,
0x39, 0x0F, 0x0A, 0xC1, 0x25, 0x10, 0xAD, 0x17, 0x05, 0x05, 0x00, 0x80, 0x9E, 0x0C, 0x48, 0x24,
0x82, 0x9E, 0x03, 0x1B, 0x40, 0x48, 0x3F, 0x01, 0x14, 0x30, 0x01, 0x07, 0x32, 0x01, 0x05, 0x28,
0x01, 0x82, 0x14, 0x14, 0x27, 0x08, 0x0B, 0x00, 0x82, 0x27, 0x14, 0x27, 0x05, 0x11, 0x00, 0x06,
0x1C, 0x00, 0x82, 0x27, 0x07, 0x27, 0x04, 0x40, 0x01, 0x04, 0xB9, 0x08, 0x06, 0x40, 0x01, 0x09,
0x3F, 0x01, 0x08, 0x54, 0x10, 0x80, 0x47, 0x06, 0x4B, 0x01, 0x05, 0x08, 0x00, 0x08, 0xA6, 0x11,
0x86, 0x17, 0x1A, 0x11, 0x03, 0x2B, 0x01, 0x36, 0x0C, 0x8E, 0x03, 0x80, 0x35, 0x04, 0x4F, 0x0C,
0x80, 0x13, 0x1E, 0x34, 0x2E, 0x1D, 0x99, 0x0C, 0x06, 0x0F, 0x19, 0x0A, 0x1F, 0x05, 0x15, 0x40,
0x01, 0x80, 0x54, 0x0B, 0x40, 0x01, 0x81, 0x46, 0x6D, 0x40, 0x44, 0xFF, 0x04, 0x1B, 0x6A, 0x02,
0x84, 0x14, 0x3D, 0x0A, 0x14, 0x14, 0x04, 0x2E, 0x01, 0x81, 0x14, 0x14, 0x04, 0x37, 0x01, 0x04,
0x12, 0x00, 0x05, 0x49, 0x01, 0x04, 0x40, 0x01, 0x07, 0x41, 0x01, 0x04, 0x42, 0x01, 0x83, 0x16,
0x16, 0x59, 0x1F, 0x05, 0x77, 0x02, 0x91, 0x1F, 0x22, 0x22, 0x22, 0x22, 0x22, 0x22, 0x1A, 0x1A,
0x1A, 0x22, 0x1A, 0x1A, 0x1F, 0x47, 0x1A, 0x1A, 0x1F, 0x04, 0xBB, 0x08, 0x80, 0x22, 0x05, 0x16,
0x0F, 0x04, 0x2C, 0x7E, 0x05, 0x8A, 0x07, 0x04, 0x47, 0x01, 0x80, 0x32, 0x05, 0x22, 0x33, 0x83,
0x01, 0x15, 0x62, 0x5A, 0x06, 0x83, 0x12, 0x82, 0x2B, 0x23, 0x2C, 0x06, 0xF8, 0x19, 0x22, 0xA1,
0x2B, 0x1D, 0x54, 0x1A, 0x82, 0x01, 0x25, 0x23, 0x07, 0x14, 0x19, 0x83, 0x01, 0x01, 0x01, 0x11,
0x14, 0x40, 0x01, 0x80, 0x33, 0x0B, 0x80, 0x16, 0x82, 0x74, 0x11, 0x45, 0x16, 0x72, 0x03, 0x05,
0x56, 0x01, 0x82, 0x14, 0x14, 0x4B, 0x06, 0x99, 0x03, 0x82, 0x2C, 0x20, 0x5A, 0x05, 0x72, 0x4B,
0x88, 0x11, 0x11, 0x11, 0x33, 0x1C, 0x1E, 0x56, 0x16, 0x16, 0x05, 0x75, 0x03, 0x19, 0x3D, 0x01,
0x08, 0x19, 0x01, 0x05, 0x05, 0x00, 0x80, 0x06, 0x09, 0x0A, 0x00, 0x06, 0x31, 0x01, 0x04, 0x3A,
0x00, 0x05, 0x52, 0x01, 0x81, 0x07, 0x27, 0x05, 0x91, 0x02, 0x05, 0x19, 0x00, 0x82, 0x07, 0x07,
0x59, 0x04, 0x21, 0x01, 0x81, 0x1F, 0x1F, 0x05, 0x40, 0x01, 0x81, 0x32, 0x32, 0x04, 0x42, 0x06,
0x04, 0x45, 0x01, 0x80, 0x47, 0x04, 0x31, 0x01, 0x89, 0x17, 0x17, 0x47, 0x22, 0x1F, 0x1A, 0x22,
0x1A, 0x47, 0x1A, 0x04, 0x5A, 0x01, 0x86, 0x22, 0x1A, 0x1F, 0x1A, 0x22, 0x21, 0x3C, 0x05, 0xFE,
0x4B, 0x04, 0xE0, 0x13, 0x86, 0x30, 0x03, 0x03, 0x1C, 0x35, 0x15, 0x0F, 0x06, 0x79, 0x1C, 0x22,
0xEE, 0x1D, 0x80, 0x25, 0x22, 0x13, 0x2D, 0x80, 0x0F, 0x09, 0x15, 0x04, 0x80, 0x11, 0x14, 0x00,
0x05, 0x80, 0x33, 0x09, 0x55, 0x0B, 0x84, 0x41, 0x46, 0x6D, 0x03, 0x37, 0x18, 0x7A, 0x03, 0x06,
0x40, 0x01, 0x04, 0x41, 0x01, 0x80, 0x1E, 0x05, 0x7A, 0x42, 0x0C, 0xFC, 0x43, 0x81, 0x1F, 0x3D,
0x1E, 0xE9, 0x04, 0x06, 0x56, 0x02, 0x0C, 0x46, 0x01, 0x06, 0xCA, 0x03, 0x80, 0x06, 0x05, 0x86,
0x02, 0x04, 0x61, 0x01, 0x81, 0x07, 0x07, 0x05, 0x0A, 0x00, 0x0B, 0x40, 0x01, 0x04, 0x39, 0x01,
0x83, 0x45, 0x22, 0x22, 0x32, 0x06, 0x80, 0x02, 0x80, 0x1F, 0x04, 0x09, 0x00, 0x80, 0x32, 0x04,
0x91, 0x02, 0x82, 0x47, 0x1F, 0x22, 0x04, 0x38, 0x01, 0x81, 0x22, 0x47, 0x04, 0x5B, 0x01, 0x04,
0x51, 0x0B, 0x82, 0x1A, 0x32, 0x20, 0x08, 0x88, 0x00, 0x04, 0x4A, 0x02, 0x82, 0x15, 0x01, 0x73,
0x04, 0xB7, 0x03, 0x82, 0x11, 0x51, 0x13, 0x25, 0xF2, 0x36, 0x80, 0x35, 0x23, 0x92, 0x20, 0x81,
0x15, 0x28, 0x04, 0x81, 0x1B, 0x80, 0x25, 0x04, 0xC6, 0x21, 0x13, 0x40, 0x01, 0x80, 0x54, 0x0A,
0xFF, 0x0E, 0x82, 0x74, 0x03, 0x03, 0x1B, 0x1B, 0x07, 0x05, 0xDE, 0x00, 0x91, 0x3D, 0x45, 0x03,
0x03, 0x11, 0x88, 0x1F, 0x1E, 0x1E, 0x1E, 0x69, 0x3D, 0x3D, 0x69, 0x37, 0x88, 0x3C, 0x1C, 0x06,
0x5D, 0x36, 0x83, 0x03, 0x33, 0x32, 0x56, 0x13, 0x86, 0x02, 0x06, 0x1F, 0x01, 0x81, 0x07, 0x27,
0x04, 0xBA, 0x02, 0x80, 0x4B, 0x05, 0x47, 0x00, 0x07, 0x65, 0x02, 0x84, 0x06, 0x06, 0x06, 0x14,
0x27, 0x08, 0x0D, 0x00, 0x06, 0x07, 0x00, 0x80, 0x27, 0x04, 0x92, 0x02, 0x81, 0x0A, 0x06, 0x04,
0xA1, 0x02, 0x04, 0x40, 0x01, 0x85, 0x1F, 0x1F, 0x32, 0x45, 0x22, 0x32, 0x05, 0x2C, 0x01, 0x07,
0x40, 0x01, 0x06, 0xCC, 0x03, 0x81, 0x22, 0x1A, 0x05, 0x14, 0x00, 0x06, 0x9A, 0x02, 0x83, 0x21,
0x32, 0x1A, 0x32, 0x05, 0x7C, 0x02, 0x05, 0x40, 0x01, 0x80, 0x62, 0x07, 0x3E, 0x39, 0x84, 0x2C,
0x2B, 0x53, 0x73, 0x73, 0x26, 0xEE, 0x36, 0x80, 0x2A, 0x14, 0x3D, 0x0B, 0x14, 0x62, 0x10, 0x82,
0x03, 0x13, 0x28, 0x04, 0x8D, 0x2F, 0x12, 0x40, 0x01, 0x80, 0x11, 0x09, 0x14, 0x0A, 0x81, 0x46,
0x54, 0x19, 0x40, 0x01, 0x08, 0x46, 0x02, 0x94, 0x1B, 0x33, 0x03, 0x03, 0x81, 0x1E, 0x6C, 0xAC,
0x14, 0x14, 0x05, 0x05, 0x05, 0x05, 0x05, 0x14, 0x6C, 0x6C, 0x6C, 0x1E, 0x1F, 0x07, 0xC1, 0x00,
0x81, 0x3C, 0x1A, 0x11, 0x7C, 0x06, 0x81, 0x27, 0x27, 0x06, 0x50, 0x07, 0x05, 0xBB, 0x02, 0x04,
0x43, 0x01, 0x09, 0xC6, 0x03, 0x81, 0x0A, 0x0A, 0x06, 0xC9, 0x03, 0x80, 0x06, 0x04, 0x49, 0x01,
0x80, 0x14, 0x05, 0xE3, 0x03, 0x07, 0x52, 0x06, 0x83, 0x06, 0x06, 0x0A, 0x06, 0x07, 0x80, 0x02,
0x04, 0x22, 0x01, 0x09, 0x86, 0x02, 0x80, 0x45, 0x06, 0x33, 0x01, 0x08, 0x3B, 0x01, 0x08, 0x1F,
0x00, 0x80, 0x1A, 0x0B, 0xD7, 0x45, 0x80, 0x2A, 0x2A, 0xDE, 0x36, 0x0A, 0x9D, 0x03, 0x26, 0x92,
0x2F, 0x80, 0x15, 0x04, 0x5F, 0x1A, 0x14, 0x00, 0x0A, 0x80, 0x64, 0x09, 0x7F, 0x11, 0x84, 0x41,
0x74, 0x03, 0x03, 0x1C, 0x06, 0xE2, 0x04, 0x10, 0xFD, 0x04, 0x04, 0x9F, 0x04, 0x88, 0x07, 0x27,
0x07, 0x14, 0x3D, 0x03, 0x03, 0x11, 0x3D, 0x05, 0x3A, 0x01, 0x05, 0x05, 0x00, 0x0A, 0x0A, 0x00,
0x82, 0x3D, 0x37, 0x3C, 0x04, 0xD6, 0x03, 0x82, 0x11, 0x3C, 0x17, 0x0D, 0xF8, 0x04, 0x05, 0x41,
0x01, 0x04, 0xE3, 0x04, 0x82, 0x14, 0x06, 0x14, 0x05, 0x3D, 0x01, 0x81, 0x07, 0x4B, 0x04, 0x30,
0x01, 0x80, 0x06, 0x04, 0x24, 0x01, 0x05, 0x07, 0x00, 0x80, 0x06, 0x04, 0x4A, 0x01, 0x06, 0x38,
0x01, 0x06, 0x8B, 0x02, 0x8A, 0x0A, 0x0A, 0x0A, 0x14, 0x06, 0x0A, 0x27, 0x14, 0x1B, 0x50, 0x45,
0x05, 0x21, 0x01, 0x88, 0x3C, 0x50, 0x33, 0x6F, 0x49, 0x22, 0x22, 0x6F, 0x50, 0x08, 0x09, 0x05,
0x04, 0x4F, 0x01, 0x05, 0xCA, 0x03, 0x80, 0x32, 0x04, 0xD2, 0x03, 0x81, 0x3C, 0x33, 0x0B, 0x4D,
0x04, 0x05, 0x36, 0x29, 0x2F, 0x40, 0x01, 0x80, 0x73, 0x2A, 0xD2, 0x26, 0x81, 0x0F, 0x11, 0x14,
0x46, 0x42, 0x82, 0x74, 0x03, 0x9E, 0x08, 0xFF, 0x04, 0x84, 0x11, 0x03, 0x11, 0x59, 0x4B, 0x0F,
0x84, 0x03, 0x07, 0x9D, 0x09, 0x89, 0x60, 0x14, 0x27, 0x4B, 0x4B, 0x56, 0x3C, 0x03, 0x03, 0x69,
0x14, 0x3E, 0x01, 0x06, 0x06, 0x00, 0x82, 0x14, 0x6C, 0x1E, 0x05, 0x46, 0x03, 0x85, 0x1A, 0x16,
0x07, 0x4B, 0x60, 0x4B, 0x05, 0x6B, 0x02, 0x04, 0xB5, 0x03, 0x80, 0x27, 0x04, 0x07, 0x00, 0x05,
0x66, 0x02, 0x04, 0x12, 0x00, 0x80, 0x4B, 0x04, 0x0B, 0x00, 0x06, 0x75, 0x02, 0x82, 0x14, 0x07,
0x06, 0x04, 0x59, 0x01, 0x81, 0x0A, 0x06, 0x04, 0xB9, 0x03, 0x08, 0x1F, 0x05, 0x82, 0x0A, 0x0A,
0x06, 0x05, 0x52, 0x01, 0x88, 0x59, 0x22, 0x6F, 0x6F, 0x6F, 0x6F, 0x6F, 0x6F, 0x3C, 0x06, 0x47,
0x01, 0x83, 0x22, 0x45, 0x6F, 0x45, 0x07, 0x0A, 0x00, 0x06, 0x95, 0x02, 0x80, 0x22, 0x04, 0x59,
0x10, 0x85, 0x6F, 0x50, 0x50, 0x45, 0x22, 0x39, 0x09, 0xAF, 0x22, 0x80, 0x13, 0x04, 0x26, 0x3D,
0x30, 0xE0, 0x31, 0x1D, 0x56, 0x1A, 0x11, 0x48, 0x0F, 0x0F, 0xC1, 0x12, 0x83, 0x41, 0x04, 0x04,
0xCA, 0x08, 0x14, 0x00, 0x84, 0x41, 0x04, 0x03, 0x03, 0x3C, 0x10, 0xC2, 0x04, 0x07, 0xDB, 0x0A,
0x04, 0x0A, 0x00, 0x85, 0x4B, 0x14, 0x3C, 0x03, 0x03, 0x37, 0x06, 0xB8, 0x03, 0x18, 0x43, 0x01,
0x80, 0x69, 0x04, 0xEF, 0x0B, 0x84, 0x03, 0x5A, 0x27, 0x27, 0x07, 0x04, 0x40, 0x01, 0x81, 0x07,
0x07, 0x04, 0xB5, 0x03, 0x06, 0x3C, 0x06, 0x09, 0x41, 0x01, 0x07, 0x85, 0x07, 0x05, 0x92, 0x02,
0x04, 0xAB, 0x08, 0x06, 0x83, 0x07, 0x07, 0x8D, 0x07, 0x05, 0x41, 0x01, 0x80, 0x14, 0x06, 0x40,
0x01, 0x0A, 0xA5, 0x03, 0x07, 0x07, 0x00, 0x8D, 0x45, 0x22, 0x49, 0x49, 0x3C, 0x3C, 0x6F, 0x3C,
0x49, 0x49, 0x49, 0x45, 0x49, 0x49, 0x08, 0xC7, 0x03, 0x84, 0x47, 0x49, 0x03, 0x13, 0x55, 0x08,
0x00, 0x05, 0x83, 0x15, 0x30, 0x30, 0x0B, 0x2F, 0x43, 0x01, 0x1C, 0xD6, 0x1C, 0x11, 0xEC, 0x08,
0x0D, 0xEB, 0x1D, 0x05, 0x34, 0x01, 0x80, 0x5C, 0x05, 0x03, 0x28, 0x05, 0x56, 0x10, 0x84, 0x5C,
0x03, 0x50, 0x3D, 0x27, 0x14, 0xC0, 0x03, 0x05, 0x05, 0x00, 0x85, 0x4B, 0x07, 0x1F, 0x03, 0x11,
0x1F, 0x1D, 0x3E, 0x01, 0x05, 0x05, 0x00, 0x80, 0x1F, 0x04, 0x51, 0x03, 0x81, 0x5A, 0x1E, 0x06,
0x33, 0x00, 0x80, 0x4B, 0x06, 0x87, 0x02, 0x80, 0x14, 0x04, 0xB6, 0x03, 0x04, 0x40, 0x01, 0x08,
0x46, 0x01, 0x80, 0x06, 0x05, 0x1E, 0x00, 0x07, 0x55, 0x05, 0x80, 0x06, 0x04, 0xA2, 0x02, 0x08,
0x5A, 0x01, 0x82, 0x0A, 0x0A, 0x0A, 0x04, 0xC3, 0x03, 0x83, 0x14, 0x59, 0x22, 0x47, 0x0E, 0x3E,
0x01, 0x80, 0x47, 0x04, 0x73, 0x07, 0x81, 0x47, 0x47, 0x06, 0x9B, 0x76, 0x06, 0x06, 0x00, 0x88,
0x1F, 0x1F, 0x47, 0x47, 0x47, 0x47, 0x33, 0x03, 0x0F, 0x04, 0xDF, 0x05, 0x04, 0x41, 0x01, 0x85,
0x68, 0x30, 0x0B, 0x0B, 0x0B, 0x30, 0x2E, 0x65, 0x39, 0x80, 0x13, 0x2A, 0x13, 0x32, 0x80, 0x2A,
0x11, 0x40, 0x01, 0x05, 0xDA, 0x44, 0x08, 0x16, 0x19, 0x82, 0x4F, 0x11, 0x37, 0x18, 0xC8, 0x09,
0x04, 0x48, 0x02, 0x84, 0x1B, 0x11, 0x03, 0x3C, 0x72, 0x22, 0x40, 0x01, 0x82, 0x05, 0x69, 0x32,
0x04, 0xDE, 0x34, 0x88, 0x27, 0x07, 0x07, 0x60, 0x60, 0x4B, 0x4B, 0x07, 0x4B, 0x04, 0x7A, 0x07,
0x05, 0x72, 0x02, 0x04, 0x4A, 0x01, 0x05, 0x40, 0x01, 0x80, 0x06, 0x05, 0x80, 0x02, 0x04, 0xD1,
0x02, 0x04, 0x40, 0x01, 0x04, 0x20, 0x05, 0x04, 0xC0, 0x03, 0x07, 0x88, 0x07, 0x04, 0x3E, 0x01,
0x80, 0x06, 0x0B, 0x40, 0x01, 0x81, 0x47, 0x47, 0x04, 0x08, 0x00, 0x04, 0x3D, 0x01, 0x06, 0x3C,
0x01, 0x80, 0x5B, 0x05, 0x82, 0x0C, 0x80, 0x5B, 0x07, 0x07, 0x00, 0x04, 0x77, 0x11, 0x82, 0x03,
0x2C, 0x25, 0x08, 0xC2, 0x03, 0x87, 0x39, 0x62, 0x0B, 0x0B, 0x0B, 0x0B, 0x0B, 0x0B, 0x2C, 0x9B,
0x2B, 0x80, 0x53, 0x29, 0x01, 0x05, 0x80, 0x25, 0x04, 0xCF, 0x4E, 0x10, 0xC0, 0x12, 0x82, 0x9E,
0x03, 0x03, 0x07, 0xFF, 0x22, 0x82, 0x71, 0x33, 0x1F, 0x19, 0x06, 0x0B, 0x86, 0x27, 0x14, 0x07,
0x37, 0x03, 0x03, 0x32, 0x1E, 0xBD, 0x03, 0x0A, 0x4D, 0x06, 0x04, 0xC6, 0x03, 0x84, 0x37, 0x27,
0x06, 0x06, 0x06, 0x08, 0x66, 0x02, 0x07, 0xD6, 0x02, 0x07, 0x7F, 0x07, 0x06, 0x8D, 0x02, 0x04,
0x77, 0x07, 0x09, 0x9D, 0x0B, 0x80, 0x27, 0x08, 0x82, 0x02, 0x05, 0x1C, 0x05, 0x06, 0x40, 0x01,
0x80, 0x47, 0x04, 0x34, 0x01, 0x04, 0x74, 0x02, 0x05, 0x0A, 0x00, 0x05, 0x7C, 0x02, 0x80, 0x5B,
0x06, 0x40, 0x01, 0x80, 0x0D, 0x04, 0x35, 0x10, 0x04, 0x9C, 0x7F, 0x86, 0x1E, 0x31, 0x1E, 0x3A,
0x03, 0x23, 0x30, 0x08, 0x01, 0x05, 0x82, 0x51, 0x4C, 0x65, 0x05, 0x40, 0x01, 0x2C, 0x81, 0x02,
0x81, 0x2A, 0x11, 0x28, 0x40, 0x01, 0x83, 0x2D, 0x03, 0x03, 0x33, 0x11, 0x40, 0x01, 0x80, 0x33,
0x09, 0x40, 0x01, 0x82, 0x4F, 0x11, 0x56, 0x04, 0x40, 0x01, 0x15, 0x44, 0x01, 0x85, 0x27, 0x37,
0x22, 0x11, 0x03, 0x03, 0x27, 0x3F, 0x01, 0x87, 0x05, 0x14, 0x14, 0x1F, 0x11, 0x03, 0x03, 0x59,
0x04, 0x0C, 0x01, 0x04, 0x64, 0x02, 0x06, 0xEC, 0x04, 0x05, 0x7B, 0x0B, 0x06, 0x36, 0x0B, 0x08,
0x42, 0x06, 0x08, 0x42, 0x01, 0x06, 0xE2, 0x08, 0x80, 0x4B, 0x05, 0xC2, 0x0D, 0x04, 0x3E, 0x01,
0x09, 0xC0, 0x03, 0x07, 0x74, 0x02, 0x83, 0x1F, 0x1F, 0x5B, 0x5B, 0x06, 0x72, 0x02, 0x80, 0x0D,
0x05, 0x37, 0x01, 0x81, 0x31, 0x31, 0x05, 0x3C, 0x01, 0x86, 0x1E, 0x31, 0x31, 0x31, 0x31, 0x1B,
0x32, 0x05, 0xFB, 0x47, 0x07, 0x41, 0x01, 0x80, 0x36, 0x06, 0x80, 0x02, 0x1A, 0x32, 0x10, 0x14,
0x82, 0x02, 0x81, 0x13, 0x13, 0x25, 0x2F, 0x00, 0x04, 0x96, 0x0B, 0x09, 0xEA, 0x1D, 0x0B, 0xB0,
0x1C, 0x07, 0x93, 0x07, 0x82, 0x4F, 0x33, 0x11, 0x0D, 0x47, 0x12, 0x04, 0x2D, 0x02, 0x06, 0xFC,
0x05, 0x87, 0x27, 0x37, 0x03, 0x11, 0x1C, 0x23, 0x03, 0x03, 0x23, 0xFD, 0x04, 0x0A, 0x43, 0x01,
0x83, 0x11, 0x03, 0x03, 0x3D, 0x05, 0xAF, 0x03, 0x81, 0x06, 0x4B, 0x08, 0x73, 0x07, 0x06, 0x85,
0x06, 0x80, 0x14, 0x06, 0xB8, 0x08, 0x04, 0x01, 0x0A, 0x81, 0x06, 0x06, 0x05, 0x3A, 0x01, 0x09,
0x3B, 0x06, 0x80, 0x06, 0x05, 0x3E, 0x0B, 0x06, 0x9B, 0x02, 0x04, 0x40, 0x06, 0x04, 0x3D, 0x01,
0x80, 0x17, 0x05, 0x86, 0x7B, 0x07, 0x3F, 0x01, 0x07, 0x77, 0x02, 0x04, 0x38, 0x01, 0x04, 0x04,
0x00, 0x04, 0x04, 0x00, 0x81, 0x0A, 0x3C, 0x0C, 0x5F, 0x34, 0x80, 0x13, 0x06, 0x40, 0x01, 0x28,
0x81, 0x02, 0x06, 0x27, 0x00, 0x80, 0x0F, 0x1B, 0x31, 0x2D, 0x0B, 0x0B, 0x00, 0x05, 0xE0, 0x4E,
0x0B, 0xEA, 0x1D, 0x08, 0x74, 0x07, 0x07, 0xDA, 0x30, 0x82, 0x9F, 0x11, 0x45, 0x05, 0xCD, 0x00,
0x08, 0x41, 0x06, 0x09, 0x69, 0x0D, 0x88, 0x27, 0x1A, 0x11, 0x13, 0x7E, 0x79, 0x2B, 0x03, 0x81,
0x15, 0xF9, 0x09, 0x18, 0x41, 0x01, 0x80, 0x32, 0x04, 0xEF, 0x03, 0x82, 0x14, 0x06, 0x06, 0x04,
0xF3, 0x0D, 0x05, 0x3E, 0x06, 0x06, 0x71, 0x02, 0x05, 0xCA, 0x08, 0x81, 0x06, 0x38, 0x07, 0x3F,
0x01, 0x07, 0x40, 0x01, 0x82, 0x06, 0x06, 0x27, 0x05, 0xD1, 0x03, 0x05, 0x16, 0x0A, 0x05, 0x5F,
0x01, 0x82, 0x14, 0x14, 0x1B, 0x06, 0xC3, 0x7C, 0x04, 0xE3, 0x04, 0x05, 0x08, 0x00, 0x08, 0x6B,
0x1B, 0x08, 0x79, 0x02, 0x80, 0x1B, 0x07, 0x3F, 0x01, 0x81, 0x59, 0x03, 0x0D, 0x9F, 0x35, 0x07,
0x40, 0x01, 0x2F, 0x81, 0x02, 0x18, 0xA0, 0x16, 0x0E, 0xFE, 0x26, 0x83, 0x2D, 0x13, 0x03, 0x54,
0x10, 0xC1, 0x1C, 0x82, 0x4F, 0x03, 0x49, 0x07, 0xBF, 0x03, 0x82, 0x11, 0x1C, 0x56, 0x06, 0x39,
0x01, 0x80, 0x2F, 0x04, 0x54, 0x08, 0x83, 0x06, 0x06, 0x4B, 0x07, 0x04, 0x7B, 0x08, 0x82, 0x06,
0x06, 0x27, 0x05, 0xD6, 0x1A, 0x82, 0x7E, 0x03, 0x3C, 0x2D, 0x3F, 0x01, 0x86, 0x05, 0x05, 0x31,
0x03, 0x03, 0x1A, 0x3D, 0x08, 0xAB, 0x03, 0x80, 0x60, 0x09, 0xF4, 0x09, 0x07, 0xBE, 0x03, 0x04,
0xA4, 0x03, 0x80, 0x27, 0x04, 0x22, 0x05, 0x04, 0x61, 0x0B, 0x81, 0x06, 0x14, 0x08, 0x40, 0x01,
0x06, 0x98, 0x02, 0x04, 0xA3, 0x11, 0x81, 0x1B, 0x5B, 0x07, 0x36, 0x01, 0x05, 0x2D, 0x06, 0x05,
0x27, 0x1A, 0x87, 0x0D, 0x1B, 0x1B, 0x1E, 0x31, 0x1B, 0x1B, 0x1B, 0x04, 0x32, 0x1F, 0x04, 0x05,
0x00, 0x84, 0x0A, 0x31, 0x31, 0x0A, 0x0A, 0x05, 0x78, 0x11, 0x11, 0x40, 0x01, 0x2C, 0x42, 0x06,
0x83, 0x01, 0x01, 0x30, 0x13, 0x22, 0x83, 0x07, 0x84, 0x20, 0x03, 0x20, 0x15, 0x11, 0x10, 0x40,
0x01, 0x82, 0x41, 0x04, 0x6A, 0x06, 0xEA, 0x49, 0x83, 0x41, 0x04, 0x5B, 0x33, 0x05, 0xFD, 0x04,
0x04, 0x8C, 0x09, 0x82, 0x38, 0x07, 0x38, 0x07, 0x71, 0x03, 0x83, 0x2F, 0x06, 0x14, 0x59, 0x04,
0xB7, 0x02, 0x04, 0xC1, 0x1A, 0x28, 0xFD, 0x04, 0x09, 0xC2, 0x03, 0x84, 0x32, 0x03, 0x11, 0x59,
0x60, 0x07, 0x39, 0x01, 0x80, 0x06, 0x06, 0xC3, 0x03, 0x04, 0x11, 0x04, 0x06, 0x3D, 0x01, 0x08,
0x2B, 0x01, 0x05, 0xA0, 0x0C, 0x08, 0x66, 0x01, 0x06, 0x15, 0x00, 0x04, 0x86, 0x02, 0x04, 0x80,
0x02, 0x06, 0x65, 0x07, 0x04, 0x5D, 0x16, 0x07, 0x7B, 0x02, 0x83, 0x0D, 0x31, 0x1B, 0x1B, 0x05,
0x40, 0x01, 0x04, 0x3C, 0x01, 0x04, 0x04, 0x00, 0x04, 0x6B, 0x01, 0x80, 0x3C, 0x0E, 0x40, 0x01,
0x80, 0x2A, 0x34, 0x40, 0x01, 0x81, 0x15, 0x20, 0x21, 0x96, 0x34, 0x83, 0x28, 0x03, 0x03, 0x35,
0x12, 0x40, 0x01, 0x83, 0x04, 0x46, 0x54, 0x11, 0x06, 0xD2, 0x49, 0x82, 0x46, 0x33, 0x2C, 0x05,
0x40, 0x01, 0x07, 0xE9, 0x00, 0x07, 0x35, 0x02, 0x82, 0x60, 0x06, 0x56, 0x05, 0x1F, 0x0D, 0x83,
0x35, 0x03, 0x03, 0x33, 0x2F, 0x3F, 0x01, 0x85, 0x05, 0x05, 0x69, 0x03, 0x03, 0x37, 0x05, 0xAB,
0x03, 0x07, 0x40, 0x01, 0x05, 0x5B, 0x0C, 0x0B, 0x28, 0x01, 0x06, 0x00, 0x05, 0x05, 0x22, 0x0F,
0x81, 0x06, 0x38, 0x09, 0x78, 0x00, 0x04, 0x14, 0x01, 0x04, 0x40, 0x06, 0x80, 0x1B, 0x07, 0x36,
0x01, 0x06, 0x2C, 0x06, 0x05, 0xAC, 0x03, 0x05, 0x3E, 0x01, 0x06, 0x20, 0x0A, 0x83, 0x0A, 0x0A,
0x0A, 0x3D, 0x05, 0x29, 0x00, 0x8A, 0x07, 0x03, 0x11, 0x30, 0x30, 0x68, 0x03, 0x8C, 0x2A, 0x2A,
0x62, 0x05, 0x40, 0x01, 0x80, 0x55, 0x07, 0xC0, 0x03, 0x2F, 0x60, 0x34, 0x80, 0x2B, 0x1F, 0x46,
0x10, 0x05, 0x66, 0x15, 0x80, 0x0F, 0x04, 0xB6, 0x3F, 0x0F, 0x41, 0x33, 0x05, 0x12, 0x00, 0x86,
0x41, 0x04, 0xBE, 0x11, 0x03, 0x27, 0x06, 0x05, 0x77, 0x02, 0x06, 0xC8, 0x00, 0x82, 0x2F, 0x2F,
0x2F, 0x06, 0x31, 0x02, 0x05, 0xDB, 0x06, 0x81, 0x6E, 0x03, 0x31, 0xBE, 0x03, 0x04, 0x04, 0x00,
0x82, 0x03, 0x03, 0x50, 0x0C, 0x7C, 0x02, 0x05, 0x67, 0x02, 0x06, 0x44, 0x01, 0x08, 0xAB, 0x03,
0x04, 0x84, 0x11, 0x04, 0xFE, 0x04, 0x04, 0x35, 0x04, 0x05, 0x71, 0x00, 0x08, 0x1D, 0x01, 0x81,
0x14, 0x14, 0x04, 0x1F, 0x24, 0x05, 0xA0, 0x08, 0x05, 0x41, 0x01, 0x07, 0x40, 0x01, 0x08, 0x77,
0x02, 0x05, 0x3B, 0x01, 0x06, 0x0A, 0x00, 0x89, 0x03, 0x6E, 0x0B, 0x0B, 0x30, 0x03, 0x6E, 0x2A,
0x0B, 0x79, 0x06, 0x86, 0x07, 0x84, 0x62, 0x0B, 0x66, 0x66, 0x66, 0x30, 0x40, 0x01, 0x81, 0x01,
0x02, 0x15, 0xC4, 0x1C, 0x0C, 0xA1, 0x02, 0x81, 0x03, 0x39, 0x04, 0xC0, 0x08, 0x80, 0x6D, 0x0F,
0x40, 0x4C, 0x80, 0x74, 0x05, 0x45, 0x3D, 0x04, 0xFD, 0x4A, 0x83, 0x33, 0x06, 0x06, 0x38, 0x07,
0x2C, 0x02, 0x06, 0x7C, 0x02, 0x80, 0x2F, 0x04, 0xCE, 0x00, 0x80, 0x27, 0x05, 0x94, 0x00, 0x83,
0x28, 0x03, 0x11, 0x1E, 0x30, 0xBF, 0x03, 0x05, 0x40, 0x01, 0x80, 0x33, 0x09, 0x3E, 0x01, 0x82,
0x06, 0x06, 0x4B, 0x08, 0x46, 0x06, 0x0A, 0x7E, 0x02, 0x04, 0x3F, 0x01, 0x86, 0x14, 0x14, 0x06,
0x38, 0x07, 0x07, 0x2F, 0x06, 0xB1, 0x01, 0x05, 0x1B, 0x01, 0x80, 0x06, 0x05, 0x01, 0x05, 0x80,
0x1B, 0x07, 0x3D, 0x01, 0x08, 0xAB, 0x08, 0x07, 0x30, 0x06, 0x80, 0x31, 0x06, 0x23, 0x00, 0x80,
0x07, 0x05, 0x8F, 0x01, 0x85, 0x0A, 0x06, 0x06, 0x1A, 0x03, 0x8C, 0x04, 0x6F, 0x02, 0x83, 0x51,
0x11, 0x2B, 0x79, 0x07, 0xAB, 0x49, 0x82, 0x0B, 0x0B, 0x66, 0x2E, 0x01, 0x0A, 0x06, 0xA1, 0x1C,
0x1C, 0x5A, 0x38, 0x84, 0x23, 0x03, 0x03, 0x28, 0x15, 0x05, 0x04, 0x2D, 0x0D, 0x2B, 0x2E, 0x05,
0x2F, 0x3D, 0x04, 0xD1, 0x08, 0x84, 0x46, 0xA6, 0x03, 0x11, 0x56, 0x04, 0x3D, 0x01, 0x86, 0x0A,
0x06, 0x06, 0x2F, 0x38, 0x38, 0x38, 0x04, 0xC2, 0x00, 0x8E, 0x06, 0x09, 0x06, 0x06, 0x0A, 0x1B,
0x1C, 0x03, 0x11, 0x03, 0x2C, 0x25, 0x13, 0x11, 0x69, 0x33, 0x3F, 0x01, 0x83, 0x05, 0x33, 0x03,
0x11, 0x0E, 0x2E, 0x01, 0x0D, 0xE8, 0x04, 0x04, 0xAF, 0x01, 0x0A, 0x0C, 0x0A, 0x0C, 0x5A, 0x01,
0x07, 0x40, 0x01, 0x85, 0x0D, 0x0D, 0x1E, 0x31, 0x31, 0x0A, 0x04, 0x41, 0x01, 0x80, 0x31, 0x04,
0x4A, 0x01, 0x81, 0x0A, 0x1B, 0x04, 0x43, 0x01, 0x05, 0x80, 0x02, 0x82, 0x14, 0x06, 0x07, 0x04,
0x72, 0x06, 0x04, 0x56, 0x00, 0x82, 0x3C, 0x03, 0x0F, 0x04, 0xB0, 0x03, 0x83, 0x0F, 0x03, 0x13,
0x25, 0x05, 0x7B, 0x0F, 0x82, 0x03, 0x03, 0x53, 0x31, 0xFF, 0x04, 0x06, 0xC8, 0x08, 0x80, 0x2B,
0x19, 0x5E, 0x56, 0x80, 0x0F, 0x04, 0x7F, 0x1F, 0x80, 0x15, 0x05, 0x11, 0x4B, 0x80, 0x64, 0x0E,
0x40, 0x01, 0x80, 0x74, 0x06, 0x60, 0x47, 0x83, 0x6A, 0x11, 0x03, 0x32, 0x04, 0x0C, 0x07, 0x0B,
0xC3, 0x00, 0x06, 0xF2, 0x00, 0x89, 0x32, 0x03, 0x3C, 0x01, 0x2A, 0x01, 0x28, 0x03, 0x88, 0x6C,
0x33, 0x3F, 0x01, 0x81, 0x05, 0x81, 0x05, 0x40, 0x01, 0x05, 0x49, 0x00, 0x14, 0x40, 0x01, 0x82,
0x07, 0x2F, 0x38, 0x13, 0x3F, 0x01, 0x09, 0x40, 0x01, 0x81, 0x0D, 0x31, 0x05, 0xFE, 0x04, 0x83,
0x31, 0x1E, 0x1E, 0x1B, 0x07, 0xC2, 0x03, 0x80, 0x1B, 0x07, 0xB6, 0x03, 0x0C, 0x94, 0x01, 0x81,
0x03, 0x1C, 0x04, 0xF3, 0x0E, 0x8A, 0x0B, 0x0B, 0x2A, 0x2D, 0x1C, 0x11, 0x03, 0x03, 0x51, 0x36,
0x55, 0x04, 0x81, 0x02, 0x31, 0x7F, 0x02, 0x06, 0x80, 0x2F, 0x84, 0x2D, 0x1C, 0x11, 0x2C, 0x35,
0x10, 0x8D, 0x11, 0x84, 0x35, 0x13, 0x03, 0x03, 0x2D, 0x05, 0x0F, 0x09, 0x81, 0x2A, 0x11, 0x04,
0x42, 0x2E, 0x0D, 0x40, 0x01, 0x04, 0x7D, 0x0C, 0x05, 0xC3, 0x0D, 0x82, 0x32, 0x0A, 0x0A, 0x04,
0xEA, 0x05, 0x05, 0xC1, 0x03, 0x8A, 0x0A, 0x06, 0x0A, 0x09, 0x09, 0x0A, 0x0A, 0x38, 0x2F, 0x2F,
0x32, 0x05, 0x1B, 0x0E, 0x82, 0x35, 0x11, 0x03, 0x35, 0x3F, 0x01, 0x83, 0x05, 0x88, 0x03, 0x03,
0x13, 0x20, 0x01, 0x15, 0x4D, 0x01, 0x80, 0x38, 0x07, 0x70, 0x05, 0x81, 0x38, 0x2F, 0x06, 0x18,
0x01, 0x04, 0x40, 0x01, 0x88, 0x08, 0x0D, 0x0D, 0x31, 0x0A, 0x31, 0x1B, 0x31, 0x1E, 0x04, 0x49,
0x01, 0x05, 0x7D, 0x07, 0x83, 0x1B, 0x0A, 0x06, 0x2F, 0x08, 0x40, 0x01, 0x04, 0x25, 0x03, 0x82,
0x06, 0x06, 0x27, 0x09, 0x71, 0x07, 0x8A, 0x0B, 0x55, 0x03, 0x1C, 0x62, 0x4C, 0x4C, 0x62, 0x23,
0x03, 0x0F, 0x2D, 0xFD, 0x09, 0x0C, 0x8A, 0x20, 0x82, 0x01, 0x01, 0x28, 0x04, 0xC5, 0x02, 0x8F,
0x11, 0x1C, 0x23, 0x23, 0x23, 0x2D, 0x2B, 0x20, 0x1C, 0x1C, 0x13, 0x13, 0x11, 0x03, 0x03, 0x2C,
0x05, 0x56, 0x14, 0x85, 0x15, 0x15, 0x28, 0x11, 0x03, 0x54, 0x0F, 0x81, 0x2A, 0x04, 0xEF, 0x58,
0x05, 0x1C, 0x55, 0x07, 0x0E, 0x03, 0x05, 0x3D, 0x08, 0x06, 0x84, 0x04, 0x83, 0x0A, 0x09, 0x06,
0x0A, 0x06, 0xDB, 0x11, 0x82, 0x13, 0x03, 0x88, 0x35, 0x3F, 0x01, 0x04, 0x43, 0x0B, 0x07, 0x17,
0x01, 0x08, 0x80, 0x0C, 0x82, 0x06, 0x07, 0x07, 0x07, 0x44, 0x02, 0x80, 0x2F, 0x04, 0x6A, 0x0A,
0x08, 0xC9, 0x08, 0x80, 0x2F, 0x04, 0x56, 0x0B, 0x04, 0x0A, 0x00, 0x80, 0x38, 0x04, 0xB9, 0x06,
0x06, 0x86, 0x05, 0x83, 0x1B, 0x0D, 0x0D, 0x08, 0x07, 0xF3, 0x04, 0x05, 0x08, 0x00, 0x80, 0x08,
0x06, 0xB9, 0x08, 0x80, 0x38, 0x07, 0x81, 0x02, 0x04, 0x82, 0x0B, 0x85, 0x06, 0x0A, 0x0A, 0x1B,
0x51, 0x15, 0x06, 0x80, 0x02, 0x8B, 0x0B, 0x0B, 0x2A, 0x13, 0x03, 0x62, 0x4C, 0x4C, 0x4C, 0x7B,
0x03, 0x20, 0x19, 0xE6, 0x2C, 0x23, 0x58, 0x01, 0x83, 0x02, 0x25, 0x53, 0x20, 0x0D, 0xFF, 0x36,
0x80, 0x2C, 0x04, 0x92, 0x2F, 0x05, 0xB8, 0x4D, 0x80, 0x2B, 0x05, 0x2E, 0x01, 0x0F, 0x40, 0x01,
0x80, 0x6A, 0x05, 0xF9, 0x4F, 0x82, 0x11, 0x38, 0x38, 0x09, 0xE9, 0x00, 0x07, 0x23, 0x03, 0x83,
0x0A, 0x38, 0x38, 0x56, 0x06, 0xBA, 0x1F, 0x83, 0x03, 0x03, 0x37, 0xAC, 0x35, 0x40, 0x01, 0x80,
0x1F, 0x08, 0x80, 0x02, 0x08, 0x81, 0x0C, 0x05, 0x9F, 0x0B, 0x07, 0x60, 0x00, 0x82, 0x60, 0x07,
0x4E, 0x09, 0x40, 0x01, 0x04, 0x73, 0x05, 0x80, 0x06, 0x04, 0xB1, 0x06, 0x0A, 0xF9, 0x07, 0x88,
0x06, 0x1B, 0x5B, 0x08, 0x31, 0x31, 0x0D, 0x31, 0x31, 0x04, 0xC4, 0x03, 0x83, 0x08, 0x08, 0x31,
0x0A, 0x04, 0x8A, 0x02, 0x04, 0x81, 0x02, 0x05, 0x33, 0x00, 0x05, 0x6D, 0x04, 0x04, 0x5B, 0x0A,
0x82, 0x0D, 0x03, 0x30, 0x08, 0x40, 0x01, 0x88, 0x30, 0x30, 0x62, 0x11, 0x2B, 0x4C, 0x4C, 0x4C,
0x2B, 0x20, 0x91, 0x1C, 0x23, 0xB3, 0x3A, 0x04, 0xAF, 0x17, 0x82, 0x0F, 0x0F, 0x0F, 0x0D, 0x99,
0x1B, 0x04, 0xC0, 0x17, 0x0A, 0x7E, 0x16, 0x06, 0xC7, 0x03, 0x82, 0x03, 0x33, 0x4F, 0x04, 0xF4,
0x18, 0x81, 0x33, 0x1B, 0x08, 0x50, 0x04, 0x82, 0x38, 0x2F, 0x09, 0x05, 0x41, 0x01, 0x80, 0x45,
0x0C, 0x84, 0x01, 0x81, 0x1C, 0x1E, 0x07, 0xEE, 0x18, 0x2B, 0x3C, 0x01, 0x80, 0x6C, 0x06, 0xD8,
0x0A, 0x82, 0x14, 0x60, 0x06, 0x04, 0xC8, 0x12, 0x0D, 0x41, 0x06, 0x05, 0x53, 0x0B, 0x81, 0x4E,
0x4E, 0x09, 0x69, 0x0A, 0x07, 0x90, 0x08, 0x80, 0x09, 0x0B, 0xAA, 0x02, 0x80, 0x43, 0x04, 0x40,
0x01, 0x87, 0x0D, 0x0D, 0x08, 0x0D, 0x08, 0x31, 0x08, 0x08, 0x06, 0x7F, 0x02, 0x09, 0x39, 0x0B,
0x09, 0x4B, 0x00, 0x04, 0xE5, 0x01, 0x82, 0x0D, 0x03, 0x79, 0x08, 0xC0, 0x03, 0x8B, 0x0B, 0x0B,
0x30, 0x11, 0x13, 0x68, 0x4C, 0x4C, 0x0F, 0x03, 0x03, 0x33, 0x38, 0x7E, 0x02, 0x1C, 0x83, 0x1B,
0x04, 0x12, 0x01, 0x0A, 0x7E, 0x16, 0x05, 0x40, 0x01, 0x88, 0x9F, 0x03, 0x3C, 0x46, 0x5B, 0x03,
0x03, 0x11, 0x17, 0x05, 0xBD, 0x00, 0x07, 0x14, 0x0C, 0x84, 0x06, 0x0A, 0x0A, 0x17, 0x50, 0x0F,
0xA1, 0x1C, 0x81, 0x49, 0x59, 0x24, 0xF9, 0x13, 0x0B, 0x7C, 0x0C, 0x83, 0x69, 0x3C, 0x03, 0x11,
0x04, 0x42, 0x3B, 0x05, 0x43, 0x10, 0x09, 0xBF, 0x0D, 0x07, 0x08, 0x00, 0x80, 0x60, 0x04, 0x67,
0x02, 0x08, 0x13, 0x00, 0x07, 0x79, 0x00, 0x04, 0x04, 0x00, 0x05, 0x7A, 0x02, 0x80, 0x43, 0x08,
0x40, 0x01, 0x05, 0xBF, 0x03, 0x04, 0x40, 0x01, 0x04, 0x77, 0x02, 0x82, 0x1B, 0x08, 0x08, 0x09,
0xF2, 0x09, 0x0A, 0x40, 0x06, 0x83, 0x0A, 0x0A, 0x22, 0x93, 0x08, 0x7F, 0x02, 0x05, 0xC3, 0x03,
0x85, 0x23, 0x03, 0x4C, 0x4C, 0x4C, 0x53, 0x04, 0xA9, 0x30, 0x0A, 0x49, 0x02, 0x87, 0x01, 0x0F,
0x23, 0x13, 0x55, 0x20, 0x2D, 0x62, 0x30, 0x13, 0x0A, 0x0C, 0xF0, 0x26, 0x80, 0x15, 0x04, 0x88,
0x51, 0x11, 0x40, 0x01, 0x83, 0x5C, 0x11, 0x11, 0x4F, 0x04, 0xC6, 0x44, 0x83, 0x3A, 0x0A, 0x09,
0x0A, 0x06, 0xEF, 0x09, 0x80, 0x0A, 0x04, 0x4C, 0x03, 0x92, 0x3A, 0x03, 0x03, 0x03, 0x21, 0x21,
0x61, 0x8E, 0x44, 0x18, 0x44, 0x18, 0x18, 0x8E, 0x8E, 0x70, 0x85, 0x61, 0x45, 0x05, 0x5E, 0x1B,
0x80, 0x1F, 0x1B, 0xFB, 0x18, 0x11, 0x7D, 0x11, 0x05, 0x71, 0x1E, 0x83, 0x25, 0x13, 0x03, 0x1E,
0x0B, 0x56, 0x02, 0x80, 0x60, 0x04, 0x21, 0x01, 0x04, 0x38, 0x01, 0x08, 0x6B, 0x05, 0x80, 0x06,
0x08, 0xDF, 0x0D, 0x05, 0xFC, 0x09, 0x07, 0x7B, 0x02, 0x82, 0x43, 0x43, 0x06, 0x04, 0xB0, 0x02,
0x87, 0x1B, 0x08, 0x31, 0x0A, 0x75, 0x31, 0x31, 0x31, 0x04, 0x47, 0x01, 0x81, 0x1B, 0x1B, 0x05,
0x46, 0x01, 0x08, 0x3C, 0x0B, 0x0B, 0xB9, 0x02, 0x82, 0x49, 0x55, 0x4C, 0x0B, 0x40, 0x01, 0x8A,
0x0B, 0x7F, 0x13, 0x68, 0x62, 0x4C, 0x4C, 0x8D, 0x03, 0x03, 0x36, 0x0B, 0x68, 0x52, 0x87, 0x55,
0x03, 0x03, 0x2B, 0x20, 0x13, 0x11, 0x13, 0x05, 0x52, 0x2A, 0x1D, 0x80, 0x52, 0x07, 0x6E, 0x43,
0x0F, 0x23, 0x00, 0x83, 0x15, 0x15, 0x15, 0x62, 0x07, 0x1C, 0x09, 0x80, 0x74, 0x0F, 0x7A, 0x1B,
0x81, 0x54, 0x5C, 0x04, 0xC0, 0x3A, 0x04, 0xCA, 0x01, 0x82, 0x06, 0x06, 0x2F, 0x06, 0x69, 0x08,
0x8E, 0x0A, 0x06, 0x50, 0x03, 0x03, 0x45, 0x18, 0x18, 0x18, 0x44, 0x44, 0x44, 0x18, 0x18, 0x18,
0x05, 0x09, 0x00, 0x82, 0x18, 0x1A, 0x5A, 0x05, 0x9B, 0x0A, 0x80, 0x32, 0x26, 0x07, 0x0A, 0x81,
0x6C, 0x3C, 0x08, 0x88, 0x37, 0x82, 0x2A, 0x03, 0x33, 0x09, 0x43, 0x10, 0x04, 0x27, 0x06, 0x07,
0xDC, 0x04, 0x06, 0xB1, 0x03, 0x09, 0x7E, 0x02, 0x0C, 0x64, 0x06, 0x83, 0x06, 0x09, 0x43, 0x43,
0x05, 0xF0, 0x03, 0x83, 0x1B, 0x31, 0x31, 0x75, 0x04, 0xBD, 0x03, 0x81, 0x08, 0x08, 0x04, 0x3B,
0x06, 0x05, 0x02, 0x05, 0x07, 0x7A, 0x0C, 0x0A, 0xE8, 0x0B, 0x85, 0x0A, 0x31, 0x50, 0x8D, 0x29,
0x29, 0x06, 0x33, 0x15, 0x07, 0xC3, 0x03, 0x85, 0x03, 0x03, 0x36, 0x4C, 0x4C, 0x4C, 0x0C, 0x84,
0x30, 0x04, 0xD4, 0x5E, 0x05, 0xC9, 0x27, 0x81, 0x11, 0x23, 0x1F, 0x7D, 0x43, 0x07, 0xCB, 0x02,
0x14, 0xB6, 0x4D, 0x07, 0x88, 0x03, 0x0D, 0xAA, 0x3A, 0x8F, 0x46, 0x33, 0x03, 0x49, 0xBF, 0x33,
0x03, 0x11, 0x1B, 0x06, 0x43, 0x09, 0x2F, 0x2F, 0x06, 0x09, 0x04, 0xC5, 0x03, 0x86, 0x38, 0x38,
0x0A, 0x1A, 0x03, 0x1A, 0x9B, 0x04, 0x7A, 0x02, 0x06, 0x3D, 0x01, 0x06, 0x41, 0x01, 0x84, 0xAD,
0x44, 0x18, 0x44, 0x61, 0x05, 0x44, 0x01, 0x81, 0x1C, 0x31, 0x20, 0xCC, 0x08, 0x05, 0x3C, 0x15,
0x08, 0xC3, 0x05, 0x82, 0x11, 0x03, 0x3C, 0x08, 0x28, 0x01, 0x08, 0x26, 0x01, 0x80, 0x2F, 0x05,
0x38, 0x06, 0x81, 0x08, 0x09, 0x05, 0x41, 0x01, 0x07, 0x05, 0x05, 0x81, 0x60, 0x07, 0x06, 0xB1,
0x0B, 0x87, 0x09, 0x09, 0x09, 0x09, 0x43, 0x09, 0x09, 0x43, 0x04, 0x40, 0x01, 0x80, 0x75, 0x04,
0x38, 0x06, 0x81, 0x08, 0x0D, 0x06, 0x44, 0x01, 0x80, 0x1B, 0x0A, 0xBF, 0x03, 0x06, 0x67, 0x0E,
0x06, 0xF5, 0x03, 0x84, 0x31, 0x33, 0xA2, 0x2E, 0x1D, 0x0D, 0x41, 0x01, 0x89, 0x2B, 0x03, 0x03,
0x2B, 0x0F, 0x4C, 0x51, 0x03, 0x03, 0x2D, 0x0A, 0x86, 0x07, 0x8B, 0x15, 0x28, 0x11, 0x11, 0x2D,
0x28, 0x13, 0x03, 0x15, 0x2A, 0x23, 0x5A, 0x1A, 0xC1, 0x3A, 0x84, 0x15, 0x15, 0x0B, 0x0B, 0xA3,
0x13, 0xFD, 0x12, 0x04, 0x3E, 0x47, 0x08, 0x40, 0x01, 0x0D, 0xC3, 0x3F, 0x84, 0x9F, 0x11, 0x03,
0x3C, 0x3C, 0x05, 0xFD, 0x04, 0x86, 0x09, 0x09, 0x09, 0x06, 0x2F, 0x0A, 0x38, 0x05, 0x82, 0x02,
0x83, 0x8E, 0x6F, 0x03, 0x70, 0x09, 0x7B, 0x02, 0x09, 0x41, 0x01, 0x85, 0xA4, 0xA4, 0x44, 0x44,
0x9C, 0x56, 0x05, 0x44, 0x00, 0x81, 0x83, 0x3D, 0x1F, 0x83, 0x1B, 0x05, 0x72, 0x10, 0x07, 0x73,
0x27, 0x82, 0x2D, 0x03, 0x50, 0x09, 0x40, 0x01, 0x09, 0x8B, 0x11, 0x04, 0xAD, 0x08, 0x81, 0x0E,
0x08, 0x07, 0x30, 0x06, 0x80, 0x07, 0x04, 0x95, 0x02, 0x81, 0x2F, 0x60, 0x04, 0x59, 0x02, 0x04,
0x88, 0x00, 0x07, 0x41, 0x01, 0x04, 0xC0, 0x03, 0x04, 0xFC, 0x04, 0x8A, 0x0D, 0x08, 0x08, 0x0D,
0x08, 0x1B, 0x0A, 0x0E, 0x0A, 0x0A, 0x08, 0x0C, 0x02, 0x05, 0x06, 0x70, 0x06, 0x89, 0x09, 0x06,
0x31, 0x11, 0x29, 0x1D, 0x1D, 0x2E, 0x2E, 0x29, 0x0C, 0xC4, 0x03, 0x85, 0x30, 0x23, 0x03, 0x13,
0x62, 0x0F, 0x08, 0x50, 0x34, 0x0A, 0xE7, 0x18, 0x82, 0x23, 0x5A, 0x03, 0x05, 0xCE, 0x09, 0x18,
0xEC, 0x54, 0x05, 0x3D, 0x00, 0x80, 0x66, 0x04, 0x3D, 0x0F, 0x0D, 0x42, 0x01, 0x80, 0x2B, 0x0C,
0x4A, 0x07, 0x0D, 0x82, 0x3E, 0x05, 0xE8, 0x00, 0x80, 0x11, 0x04, 0xB6, 0x00, 0x05, 0x16, 0x03,
0x82, 0x0A, 0x0A, 0x06, 0x04, 0x7B, 0x09, 0x82, 0x1A, 0x03, 0x03, 0x0E, 0x3D, 0x01, 0x09, 0x45,
0x01, 0x85, 0xAD, 0xAD, 0x44, 0x18, 0x70, 0x50, 0x04, 0x4F, 0x00, 0x81, 0x33, 0x72, 0x1B, 0x43,
0x01, 0x06, 0x70, 0x00, 0x07, 0xC7, 0x0B, 0x82, 0x15, 0x03, 0x03, 0x09, 0xB0, 0x04, 0x07, 0x09,
0x00, 0x85, 0x2F, 0x2F, 0x07, 0x2F, 0x2F, 0x38, 0x07, 0xE6, 0x09, 0x05, 0x85, 0x02, 0x80, 0x09,
0x05, 0x9C, 0x02, 0x07, 0x3E, 0x01, 0x80, 0x09, 0x05, 0x41, 0x06, 0x04, 0x29, 0x10, 0x07, 0x79,
0x02, 0x88, 0x0D, 0x31, 0x0A, 0x0A, 0x08, 0x0E, 0x09, 0x0E, 0x08, 0x0A, 0x7B, 0x11, 0x09, 0x46,
0x01, 0x80, 0x1E, 0x05, 0x40, 0x01, 0x82, 0x1D, 0x1D, 0x2E, 0x0D, 0x84, 0x02, 0x83, 0x0B, 0x2B,
0x11, 0x2D, 0x04, 0x40, 0x24, 0x81, 0x20, 0x30, 0x0E, 0xCB, 0x04, 0x83, 0x15, 0x25, 0x2A, 0x23,
0x17, 0x03, 0x37, 0x80, 0x15, 0x08, 0x3B, 0x00, 0x06, 0x40, 0x01, 0x05, 0x01, 0x0E, 0x05, 0x74,
0x0C, 0x07, 0xF9, 0x04, 0x12, 0xC0, 0x03, 0x81, 0x46, 0x64, 0x05, 0x8F, 0x03, 0x88, 0x3A, 0x09,
0x09, 0x2F, 0x09, 0x09, 0x06, 0x43, 0x06, 0x04, 0xC1, 0x03, 0x86, 0x06, 0x2F, 0xB4, 0x2F, 0x50,
0x03, 0x03, 0x05, 0xF3, 0x04, 0x15, 0x44, 0x01, 0x04, 0x47, 0x01, 0x81, 0x18, 0x21, 0x04, 0x5F,
0x1B, 0x19, 0x4B, 0x1A, 0x80, 0x3D, 0x06, 0xF9, 0x24, 0x08, 0xB8, 0x00, 0x80, 0x13, 0x04, 0x9B,
0x0B, 0x09, 0x01, 0x05, 0x0B, 0xE0, 0x09, 0x08, 0xAC, 0x0B, 0x05, 0x48, 0x07, 0x80, 0x06, 0x04,
0x7D, 0x02, 0x82, 0x63, 0x63, 0x63, 0x06, 0x3F, 0x01, 0x80, 0x43, 0x04, 0xD2, 0x01, 0x82, 0x1B,
0x0A, 0x08, 0x04, 0x75, 0x02, 0x81, 0x0A, 0x08, 0x05, 0x7E, 0x07, 0x81, 0x09, 0x0E, 0x0E, 0x7F,
0x02, 0x05, 0xF3, 0x01, 0x83, 0x0A, 0x06, 0x1F, 0x03, 0x05, 0x80, 0x02, 0x84, 0x2E, 0x1D, 0x2E,
0x29, 0x7C, 0x0C, 0x41, 0x01, 0x82, 0x23, 0x03, 0x51, 0x05, 0x86, 0x00, 0x11, 0x74, 0x07, 0x15,
0xDB, 0x1C, 0x04, 0xC1, 0x35, 0x0C, 0x3E, 0x00, 0x04, 0x47, 0x01, 0x0A, 0x72, 0x20, 0x0C, 0x40,
0x01, 0x0C, 0xC0, 0x03, 0x80, 0xA6, 0x05, 0xCF, 0x21, 0x80, 0x1B, 0x04, 0xBC, 0x03, 0x05, 0xC1,
0x03, 0x81, 0x09, 0x0E, 0x04, 0x07, 0x00, 0x83, 0x60, 0x22, 0x03, 0x03, 0x1C, 0x3F, 0x01, 0x84,
0x18, 0x18, 0x18, 0x9B, 0x8E, 0x04, 0x90, 0x07, 0x81, 0x1E, 0x6C, 0x15, 0xD3, 0x08, 0x80, 0x14,
0x06, 0x83, 0x20, 0x09, 0x32, 0x2B, 0x80, 0x1C, 0x0C, 0x40, 0x01, 0x04, 0x6E, 0x02, 0x07, 0xA1,
0x0D, 0x07, 0xF1, 0x09, 0x08, 0x11, 0x01, 0x80, 0x09, 0x04, 0x3B, 0x01, 0x06, 0x40, 0x01, 0x81,
0x43, 0x43, 0x05, 0x12, 0x03, 0x83, 0x1B, 0x0A, 0x0E, 0x1B, 0x04, 0x81, 0x02, 0x88, 0x0A, 0x1B,
0x1B, 0x08, 0x1B, 0x0A, 0x09, 0x0E, 0x0E, 0x0E, 0xB9, 0x12, 0x06, 0xCE, 0x02, 0x80, 0x17, 0x04,
0x40, 0x01, 0x05, 0x82, 0x02, 0x84, 0x1D, 0x2E, 0xAE, 0x0B, 0x0B, 0x07, 0x01, 0x06, 0x87, 0x30,
0x2A, 0x23, 0x03, 0x03, 0x35, 0x30, 0x68, 0x04, 0x42, 0x01, 0x27, 0xFB, 0x0E, 0x0C, 0x06, 0x09,
0x08, 0x40, 0x01, 0x80, 0x25, 0x08, 0xD7, 0x25, 0x0A, 0x40, 0x01, 0x0B, 0x00, 0x37, 0x04, 0x7F,
0x02, 0x85, 0x13, 0x51, 0x03, 0x11, 0x0A, 0x38, 0x05, 0x40, 0x03, 0x85, 0x0A, 0x09, 0x06, 0x2F,
0x38, 0x09, 0x04, 0xF9, 0x0E, 0x82, 0x50, 0x03, 0x45, 0x0E, 0x3F, 0x06, 0x11, 0x41, 0x01, 0x83,
0xA4, 0xA4, 0x9B, 0xCB, 0x04, 0x25, 0x01, 0x14, 0x83, 0x02, 0x80, 0x3D, 0x0F, 0x81, 0x37, 0x80,
0x1C, 0x04, 0xC0, 0x03, 0x07, 0xE1, 0x07, 0x04, 0x7A, 0x02, 0x04, 0xE8, 0x0C, 0x82, 0x09, 0x2F,
0x2F, 0x04, 0x30, 0x06, 0x04, 0x75, 0x02, 0x07, 0x16, 0x01, 0x07, 0xBB, 0x03, 0x80, 0x08, 0x08,
0xC4, 0x03, 0x05, 0x40, 0x01, 0x05, 0xF4, 0x09, 0x81, 0x0E, 0x08, 0x04, 0x47, 0x06, 0x08, 0x3E,
0x01, 0x09, 0x81, 0x02, 0x80, 0x09, 0x06, 0xC1, 0x07, 0x0B, 0x40, 0x01, 0x80, 0x1D, 0x0A, 0x89,
0x07, 0x87, 0x2A, 0x2C, 0x03, 0x03, 0x23, 0x30, 0x2A, 0x30, 0x05, 0x3F, 0x4C, 0x25, 0x36, 0x0B,
0x09, 0xBF, 0x03, 0x0B, 0x40, 0x01, 0x05, 0x3A, 0x2D, 0x1A, 0x40, 0x01, 0x87, 0x1F, 0x03, 0x03,
0x13, 0x30, 0x0F, 0x51, 0x03, 0x04, 0x3F, 0x06, 0x80, 0x0E, 0x04, 0xBD, 0x05, 0x05, 0xC0, 0x12,
0x86, 0x0A, 0x09, 0x0A, 0x1F, 0x03, 0x11, 0x3A, 0x1F, 0x41, 0x01, 0x82, 0x18, 0x18, 0x18, 0x04,
0x25, 0x0A, 0x81, 0x20, 0x72, 0x12, 0x4B, 0x06, 0x84, 0x1E, 0x03, 0x1C, 0x1C, 0x13, 0x0B, 0xF6,
0x01, 0x80, 0x13, 0x07, 0x00, 0x05, 0x04, 0x6D, 0x02, 0x80, 0x2F, 0x06, 0xA3, 0x10, 0x80, 0x2F,
0x04, 0xC5, 0x03, 0x05, 0xC8, 0x09, 0x80, 0x09, 0x04, 0x70, 0x00, 0x82, 0x1B, 0x0A, 0x1B, 0x08,
0x40, 0x01, 0x04, 0xBD, 0x03, 0x09, 0x40, 0x01, 0x04, 0xBB, 0x03, 0x81, 0x0A, 0x0A, 0x04, 0xC6,
0x03, 0x04, 0x0C, 0x00, 0x81, 0x0A, 0x0E, 0x06, 0xC0, 0x03, 0x07, 0xF3, 0x0D, 0x07, 0x0C, 0x00,
0x80, 0x0D, 0x05, 0xC0, 0x03, 0x04, 0x40, 0x01, 0x80, 0x29, 0x04, 0x06, 0x05, 0x80, 0x86, 0x04,
0x40, 0x07, 0x85, 0x30, 0x23, 0x03, 0x77, 0x29, 0x6B, 0x08, 0x50, 0x0B, 0x81, 0x03, 0x11, 0x24,
0x9F, 0x26, 0x80, 0x30, 0x05, 0x39, 0x06, 0x07, 0xFB, 0x04, 0x05, 0x05, 0x00, 0x04, 0x4B, 0x42,
0x12, 0x40, 0x01, 0x0A, 0x7E, 0x16, 0x8D, 0x4F, 0x11, 0x03, 0x13, 0x2A, 0x30, 0x0B, 0x0B, 0x87,
0x03, 0x1A, 0x0A, 0x0E, 0x0E, 0x07, 0xE4, 0x00, 0x80, 0x09, 0x05, 0x14, 0x07, 0x83, 0x0A, 0x03,
0x03, 0x5A, 0x1E, 0x40, 0x01, 0x04, 0x1E, 0x00, 0x82, 0x44, 0x8E, 0x61, 0x04, 0x09, 0x28, 0x10,
0xFB, 0x09, 0x80, 0x33, 0x0F, 0x63, 0x09, 0x83, 0x13, 0x03, 0x0A, 0x2F, 0x05, 0xE1, 0x02, 0x07,
0xF7, 0x04, 0x80, 0x2F, 0x04, 0x6B, 0x05, 0x80, 0xB4, 0x04, 0x2F, 0x09, 0x06, 0x29, 0x0E, 0x80,
0x06, 0x04, 0x5A, 0x02, 0x81, 0x08, 0x09, 0x04, 0xFA, 0x02, 0x08, 0x40, 0x01, 0x82, 0x43, 0x06,
0x43, 0x04, 0x40, 0x01, 0x05, 0x01, 0x05, 0x81, 0x06, 0x06, 0x04, 0x37, 0x01, 0x04, 0x04, 0x00,
0x81, 0x63, 0x63, 0x08, 0xF8, 0x03, 0x07, 0x7E, 0x11, 0x04, 0x09, 0x00, 0x82, 0x1E, 0x11, 0x7C,
0x04, 0x39, 0x01, 0x04, 0x41, 0x06, 0x84, 0x2E, 0x29, 0x2E, 0x1D, 0x29, 0x05, 0x38, 0x01, 0x82,
0x03, 0x77, 0x82, 0x06, 0x0F, 0x05, 0x81, 0x30, 0x7F, 0x04, 0x82, 0x02, 0x05, 0x72, 0x48, 0x1E,
0x86, 0x02, 0x80, 0x15, 0x0D, 0x40, 0x01, 0x05, 0x81, 0x07, 0x0E, 0x74, 0x51, 0x08, 0x08, 0x00,
0x0A, 0xA8, 0x35, 0x83, 0x3C, 0x03, 0x03, 0x2B, 0x04, 0x28, 0x00, 0x86, 0x62, 0x03, 0x11, 0x1B,
0x0E, 0x08, 0x0A, 0x05, 0xFC, 0x04, 0x05, 0x02, 0x0A, 0x89, 0x09, 0x09, 0x0A, 0x5A, 0x03, 0x03,
0x3A, 0x9C, 0x44, 0xAD, 0x0B, 0x43, 0x0B, 0x16, 0x47, 0x01, 0x83, 0x70, 0x5A, 0x03, 0x03, 0x0F,
0xD7, 0x17, 0x80, 0x69, 0x10, 0x0D, 0x21, 0x04, 0x80, 0x02, 0x83, 0x09, 0x06, 0x06, 0x60, 0x04,
0x9A, 0x01, 0x80, 0x09, 0x09, 0xCB, 0x08, 0x82, 0x2F, 0x2F, 0x2F, 0x07, 0xAD, 0x01, 0x04, 0x08,
0x01, 0x80, 0x0E, 0x09, 0xC1, 0x03, 0x05, 0x8B, 0x05, 0x05, 0xBA, 0x15, 0x83, 0x0A, 0x1B, 0x06,
0x08, 0x05, 0xB5, 0x03, 0x80, 0x08, 0x05, 0x96, 0x00, 0x05, 0x43, 0x01, 0x0A, 0x7A, 0x02, 0x08,
0x02, 0x05, 0x85, 0x1B, 0x33, 0x0B, 0x0B, 0x0B, 0x29, 0x05, 0xC4, 0x03, 0x81, 0x1D, 0x2E, 0x06,
0xC6, 0x03, 0x88, 0x13, 0x03, 0x82, 0x29, 0x29, 0x2E, 0x2E, 0x2E, 0x7C, 0x05, 0x0C, 0x0A, 0x83,
0x11, 0x2A, 0x30, 0x2D, 0x05, 0xC0, 0x62, 0x20, 0x40, 0x01, 0x0A, 0xBA, 0x03, 0x83, 0x66, 0x0B,
0x66, 0x0B, 0x15, 0x7D, 0x02, 0x0A, 0x3D, 0x2E, 0x81, 0x41, 0x41, 0x04, 0x77, 0x0C, 0x06, 0x35,
0x00, 0x82, 0x11, 0x03, 0x03, 0x04, 0x41, 0x01, 0x81, 0x2F, 0x06, 0x04, 0xE3, 0x06, 0x05, 0xD3,
0x00, 0x89, 0x09, 0x06, 0x0A, 0x50, 0x03, 0x03, 0x5A, 0x9C, 0x18, 0xA4, 0x1F, 0x85, 0x02, 0x85,
0x44, 0x18, 0x8E, 0x5A, 0x03, 0x32, 0x0D, 0x50, 0x0B, 0x80, 0x11, 0x10, 0xAC, 0x00, 0x82, 0x03,
0x03, 0x1B, 0x04, 0x00, 0x01, 0x05, 0xFC, 0x04, 0x81, 0x09, 0x09, 0x04, 0x39, 0x07, 0x04, 0x7A,
0x02, 0x82, 0x06, 0x2F, 0x08, 0x07, 0xEC, 0x02, 0x0A, 0xD2, 0x04, 0x05, 0x3F, 0x01, 0x80, 0x06,
0x05, 0xCA, 0x01, 0x06, 0x40, 0x01, 0x04, 0x58, 0x01, 0x04, 0xA0, 0x02, 0x05, 0x6C, 0x07, 0x82,
0x08, 0x08, 0x06, 0x04, 0x09, 0x00, 0x08, 0xFC, 0x09, 0x07, 0xC0, 0x0C, 0x85, 0x0A, 0x33, 0x2A,
0x0B, 0x0B, 0x4C, 0x06, 0x41, 0x01, 0x06, 0x88, 0x02, 0x82, 0x51, 0x03, 0x51, 0x04, 0x3E, 0x01,
0x89, 0x2E, 0x2E, 0x2E, 0x4C, 0x0B, 0x03, 0x03, 0x03, 0x93, 0x30, 0x05, 0x4B, 0x02, 0x0A, 0x06,
0x5F, 0x17, 0xB6, 0x12, 0x0D, 0x40, 0x01, 0x80, 0x0B, 0x05, 0x72, 0x48, 0x13, 0x3F, 0x01, 0x08,
0x7D, 0x2A, 0x82, 0x41, 0x41, 0x84, 0x09, 0xAB, 0x1F, 0x87, 0x1C, 0x03, 0x03, 0x1B, 0x08, 0x08,
0x0E, 0x08, 0x06, 0x79, 0x04, 0x04, 0xEA, 0x00, 0x88, 0x38, 0x43, 0x2F, 0x06, 0x03, 0x03, 0x03,
0x45, 0x9B, 0x1F, 0x03, 0x05, 0x87, 0x44, 0x18, 0x18, 0x44, 0x70, 0x03, 0x11, 0x37, 0x0C, 0x7E,
0x07, 0x10, 0xA0, 0x0A, 0x89, 0x15, 0x03, 0x03, 0x1B, 0x09, 0x63, 0x0A, 0x06, 0x2F, 0x2F, 0x04,
0x15, 0x01, 0x81, 0x06, 0x09, 0x05, 0xF3, 0x04, 0x05, 0x88, 0x02, 0x06, 0x04, 0x01, 0x07, 0x13,
0x01, 0x0A, 0x38, 0x06, 0x81, 0x09, 0x0E, 0x05, 0x4E, 0x04, 0x07, 0x29, 0x1A, 0x04, 0x99, 0x05,
0x0B, 0x2C, 0x1A, 0x08, 0x5B, 0x13, 0x05, 0x37, 0x00, 0x05, 0x1A, 0x00, 0x81, 0x6F, 0x7B, 0x05,
0x80, 0x11, 0x81, 0x29, 0x29, 0x04, 0x05, 0x05, 0x85, 0x7D, 0x29, 0x8D, 0x77, 0x11, 0x78, 0x04,
0x09, 0x05, 0x04, 0x89, 0x02, 0x80, 0x36, 0x04, 0xF1, 0x00, 0x05, 0x5E, 0x15, 0x85, 0x30, 0x7B,
0x03, 0x03, 0x03, 0x2B, 0x1D, 0x5C, 0x29, 0x0B, 0x41, 0x06, 0x81, 0x62, 0x78, 0x05, 0xFC, 0x08,
0x14, 0x40, 0x01, 0x05, 0x3F, 0x10, 0x04, 0xF0, 0x18, 0x83, 0x4F, 0x03, 0x03, 0x23, 0x04, 0xFE,
0x04, 0x06, 0xF1, 0x0C, 0x85, 0x49, 0x0A, 0x09, 0x08, 0x08, 0x0E, 0x04, 0x9C, 0x04, 0x04, 0x41,
0x01, 0x04, 0x43, 0x08, 0x82, 0x06, 0x06, 0x1F, 0x04, 0x47, 0x78, 0x80, 0x8E, 0x1D, 0x0A, 0x0A,
0x05, 0x99, 0x0C, 0x81, 0x11, 0x03, 0x0C, 0x9D, 0x16, 0x80, 0x14, 0x10, 0x0C, 0x26, 0x82, 0x0F,
0x03, 0x03, 0x05, 0xCD, 0x16, 0x07, 0x23, 0x09, 0x07, 0x74, 0x0C, 0x04, 0x8B, 0x0C, 0x05, 0x0C,
0x00, 0x81, 0x0A, 0x1B, 0x07, 0x41, 0x01, 0x80, 0x0E, 0x05, 0x43, 0x01, 0x05, 0x05, 0x00, 0x07,
0xA6, 0x03, 0x04, 0x59, 0x09, 0x07, 0x30, 0x01, 0x09, 0x7F, 0x07, 0x06, 0x79, 0x01, 0x05, 0xF1,
0x03, 0x88, 0x0A, 0x06, 0x06, 0x0E, 0x0E, 0x06, 0x0A, 0x45, 0x87, 0x07, 0x7B, 0x03, 0x84, 0x4C,
0x29, 0x29, 0x29, 0x78, 0x04, 0xB8, 0x0B, 0x81, 0x2A, 0xA3, 0x04, 0x12, 0x05, 0x81, 0x29, 0x29,
0x06, 0xF9, 0x1A, 0x08, 0x94, 0x0C, 0x80, 0x2A, 0x04, 0x92, 0x03, 0x81, 0x23, 0x35, 0x05, 0x3E,
0x10, 0x18, 0xC1, 0x6C, 0x05, 0xFC, 0x26, 0x81, 0x30, 0x30, 0x19, 0x3E, 0x01, 0x07, 0x0F, 0x64,
0x86, 0x41, 0x41, 0x97, 0x33, 0x03, 0x03, 0x2D, 0x08, 0x2D, 0x09, 0x88, 0x0F, 0x03, 0x03, 0x3C,
0x0A, 0x43, 0x09, 0x08, 0x08, 0x07, 0x3D, 0x08, 0x81, 0x06, 0x09, 0x04, 0x2B, 0x02, 0x80, 0x2F,
0x04, 0xC8, 0x08, 0x04, 0x4F, 0x1D, 0x81, 0x9B, 0x44, 0x09, 0xC6, 0x03, 0x10, 0xD5, 0x0D, 0x80,
0xA4, 0x04, 0x83, 0x02, 0x80, 0x03, 0x0C, 0x40, 0x01, 0x81, 0x14, 0xBA, 0x10, 0x2B, 0x35, 0x85,
0x20, 0x03, 0x11, 0x09, 0x09, 0x43, 0x05, 0xED, 0x0E, 0x81, 0x2F, 0x2F, 0x04, 0x81, 0x02, 0x04,
0x08, 0x00, 0x04, 0x88, 0x11, 0x82, 0x2F, 0x60, 0x60, 0x06, 0x21, 0x01, 0x82, 0x2F, 0x06, 0x09,
0x04, 0xDC, 0x04, 0x05, 0xC3, 0x17, 0x05, 0x8D, 0x0C, 0x04, 0xEA, 0x08, 0x80, 0x07, 0x05, 0xC0,
0x03, 0x04, 0x1F, 0x00, 0x04, 0x8D, 0x02, 0x05, 0xA7, 0x07, 0x05, 0x3F, 0x01, 0x80, 0x0A, 0x04,
0x3B, 0x10, 0x09, 0x87, 0x02, 0x84, 0x09, 0x06, 0x0A, 0x22, 0x23, 0x08, 0xBB, 0x04, 0x89, 0x65,
0x29, 0x78, 0x77, 0x03, 0x03, 0x20, 0x20, 0x55, 0xC0, 0x04, 0xFF, 0x04, 0x87, 0x29, 0xC0, 0x03,
0x03, 0x53, 0x03, 0x1C, 0x7F, 0x09, 0xDA, 0x12, 0x80, 0x0B, 0x05, 0xCD, 0x09, 0x09, 0x11, 0x38,
0x16, 0xB5, 0x67, 0x05, 0xEF, 0x54, 0x10, 0x7D, 0x4D, 0x0A, 0x0A, 0x00, 0x07, 0xFD, 0x1D, 0x80,
0x71, 0x04, 0x3F, 0x01, 0x09, 0x32, 0x05, 0x89, 0x62, 0x03, 0x03, 0x49, 0x09, 0x43, 0x09, 0x08,
0x0E, 0x09, 0x06, 0x42, 0x01, 0x82, 0x06, 0x06, 0x60, 0x04, 0x42, 0x0D, 0x81, 0x09, 0x09, 0x05,
0xB5, 0x12, 0x82, 0x03, 0x61, 0x9C, 0x04, 0xA7, 0x03, 0x1A, 0xC3, 0x03, 0x80, 0x50, 0x0C, 0x07,
0x0A, 0x81, 0x14, 0x3C, 0x10, 0xC1, 0x47, 0x82, 0x13, 0x03, 0x33, 0x05, 0xE1, 0x0C, 0x08, 0x5C,
0x14, 0x07, 0x62, 0x16, 0x06, 0x68, 0x05, 0x06, 0x60, 0x02, 0x04, 0xF9, 0x0C, 0x82, 0x1B, 0x0E,
0x38, 0x04, 0xBB, 0x17, 0x07, 0xD7, 0x03, 0x06, 0x40, 0x01, 0x07, 0x5F, 0x06, 0x82, 0x09, 0x09,
0x08, 0x0B, 0xC2, 0x03, 0x04, 0xE1, 0x10, 0x06, 0x3C, 0x01, 0x06, 0xBE, 0x0C, 0x80, 0x17, 0x0A,
0x40, 0x15, 0x92, 0x03, 0x03, 0x03, 0x89, 0x2B, 0x2C, 0x2B, 0x2C, 0x20, 0x2C, 0x36, 0x13, 0x77,
0x03, 0x03, 0x82, 0x29, 0x03, 0x11, 0x0A, 0xDC, 0x12, 0x84, 0x30, 0x30, 0x2A, 0x2A, 0x2A, 0x06,
0x5A, 0x02, 0x81, 0x23, 0x0F, 0x15, 0x0D, 0x05, 0x0B, 0x14, 0x00, 0x81, 0x02, 0x23, 0x16, 0x44,
0x01, 0x05, 0xBE, 0x12, 0x04, 0xF5, 0x72, 0x80, 0x23, 0x07, 0x67, 0x28, 0x07, 0x80, 0x02, 0x80,
0x17, 0x04, 0xE8, 0x0B, 0x06, 0x86, 0x0C, 0x05, 0x83, 0x02, 0x04, 0x4E, 0x0B, 0x8C, 0x09, 0x0A,
0x11, 0x03, 0x11, 0x14, 0x3D, 0xA5, 0x03, 0x03, 0x03, 0x3B, 0x9B, 0x04, 0x89, 0x07, 0x12, 0x44,
0x01, 0x04, 0x59, 0x01, 0x80, 0x44, 0x0D, 0x99, 0x20, 0x81, 0x69, 0x33, 0x10, 0x1E, 0x53, 0x04,
0xDD, 0x02, 0x04, 0x5A, 0x00, 0x05, 0xD6, 0x1D, 0x06, 0x9A, 0x1A, 0x05, 0xC5, 0x08, 0x06, 0xEA,
0x07, 0x09, 0x56, 0x0C, 0x81, 0x08, 0x08, 0x05, 0x63, 0x06, 0x80, 0x09, 0x04, 0x5D, 0x0B, 0x05,
0xC5, 0x1A, 0x04, 0x80, 0x02, 0x07, 0x62, 0x06, 0x04, 0xD7, 0x03, 0x08, 0x7C, 0x07, 0x09, 0x7D,
0x02, 0x05, 0x4A, 0x01, 0x83, 0x06, 0x0A, 0x0A, 0x0D, 0x06, 0xBF, 0x1C, 0x88, 0x0B, 0x30, 0x2A,
0x8C, 0x03, 0x11, 0x95, 0x20, 0x2B, 0x04, 0x80, 0x00, 0x89, 0x2B, 0x23, 0x20, 0x1C, 0x11, 0x11,
0x29, 0x94, 0x03, 0x1C, 0x0C, 0x1A, 0x14, 0x81, 0x36, 0x55, 0x04, 0x0E, 0x1A, 0x05, 0x19, 0x01,
0x82, 0x11, 0x23, 0x73, 0x05, 0x06, 0x0F, 0x0E, 0x67, 0x11, 0x0D, 0x10, 0x0A, 0x04, 0x38, 0x37,
0x11, 0x40, 0x01, 0x83, 0x1F, 0x5C, 0x04, 0x46, 0x04, 0x56, 0x79, 0x80, 0x8C, 0x07, 0xFB, 0x04,
0x08, 0x40, 0x01, 0x81, 0x1B, 0x09, 0x05, 0xBF, 0x03, 0x80, 0x2F, 0x04, 0x52, 0x03, 0x04, 0x86,
0x02, 0x04, 0x08, 0x05, 0x87, 0x09, 0x0A, 0x03, 0x03, 0x32, 0x05, 0x05, 0x6C, 0x04, 0x4C, 0x2A,
0x81, 0x5A, 0x61, 0x05, 0x41, 0x01, 0x04, 0xD2, 0x08, 0x0D, 0xFC, 0x04, 0x86, 0x18, 0x44, 0x44,
0x8E, 0x03, 0x03, 0x81, 0x0A, 0x40, 0x01, 0x80, 0xA9, 0x11, 0xBE, 0x47, 0x82, 0x03, 0x03, 0x1F,
0x07, 0x3D, 0x0B, 0x08, 0xDF, 0x13, 0x04, 0xE5, 0x04, 0x09, 0x0C, 0x00, 0x80, 0x0E, 0x04, 0x37,
0x0E, 0x84, 0x08, 0x0E, 0x08, 0x1B, 0x0E, 0x08, 0x18, 0x0B, 0x09, 0x9E, 0x25, 0x82, 0x1B, 0x0A,
0x63, 0x07, 0xF3, 0x0E, 0x06, 0x7A, 0x01, 0x07, 0xF4, 0x09, 0x06, 0x2D, 0x05, 0x04, 0x06, 0x00,
0x04, 0x26, 0x00, 0x83, 0x09, 0x1B, 0x03, 0x8D, 0x05, 0x2B, 0x0B, 0x86, 0x36, 0x03, 0x03, 0x8C,
0x1C, 0x23, 0x13, 0x04, 0xC2, 0x1D, 0x8A, 0x15, 0x2D, 0x28, 0x0F, 0x28, 0x20, 0x13, 0x20, 0x23,
0x11, 0x35, 0x08, 0x1C, 0x19, 0x87, 0x30, 0x93, 0x20, 0x35, 0x0F, 0x0F, 0x0F, 0x0F, 0x04, 0x04,
0x00, 0x83, 0x0F, 0x28, 0x2B, 0x20, 0x04, 0xDD, 0x09, 0x81, 0x1C, 0x2C, 0x0E, 0xCB, 0x12, 0x0A,
0x40, 0x01, 0x07, 0x2A, 0x3D, 0x14, 0x01, 0x05, 0x04, 0xB4, 0x0D, 0x80, 0x28, 0x09, 0xF2, 0x1B,
0x05, 0x05, 0x00, 0x82, 0x13, 0x03, 0x03, 0x04, 0x32, 0x06, 0x80, 0x09, 0x05, 0x82, 0x0E, 0x83,
0x09, 0x0E, 0x0E, 0x08, 0x05, 0x41, 0x08, 0x82, 0x43, 0x06, 0x0D, 0x07, 0xA9, 0x30, 0x81, 0x14,
0x14, 0x06, 0x1B, 0x35, 0x81, 0x50, 0x3A, 0x0E, 0x0F, 0x0A, 0x04, 0x12, 0x14, 0x81, 0x45, 0x51,
0x0D, 0xD9, 0x21, 0x81, 0x72, 0x3C, 0x11, 0xCA, 0x29, 0x05, 0xE0, 0x11, 0x07, 0xAD, 0x0E, 0x05,
0x81, 0x07, 0x04, 0x0B, 0x05, 0x08, 0xE9, 0x09, 0x04, 0xAC, 0x01, 0x04, 0x0B, 0x14, 0x05, 0x68,
0x11, 0x83, 0x1B, 0x0A, 0x0A, 0x0E, 0x05, 0x57, 0x07, 0x07, 0x66, 0x02, 0x81, 0x1B, 0x09, 0x05,
0x37, 0x06, 0x80, 0x0E, 0x0A, 0xE5, 0x08, 0x0C, 0xEE, 0x08, 0x07, 0x32, 0x12, 0x85, 0x09, 0x0A,
0x03, 0x80, 0x29, 0xCC, 0x04, 0xBC, 0x1C, 0x84, 0x03, 0x77, 0x93, 0x1C, 0x0F, 0x05, 0x01, 0x1F,
0x8C, 0x0F, 0x2B, 0x2A, 0x15, 0x25, 0x25, 0x28, 0x13, 0x13, 0x2D, 0x23, 0x23, 0x0F, 0x06, 0x14,
0x06, 0x83, 0x0F, 0x3B, 0x25, 0x02, 0x09, 0x40, 0x01, 0x04, 0x04, 0x00, 0x81, 0x2D, 0x89, 0x04,
0xD3, 0x00, 0x06, 0x93, 0x07, 0x16, 0x52, 0x06, 0x19, 0x05, 0x05, 0x80, 0x2A, 0x0E, 0x3F, 0x01,
0x81, 0x79, 0x03, 0x05, 0xE2, 0x05, 0x05, 0xB8, 0x03, 0x82, 0x63, 0x09, 0x63, 0x04, 0xEC, 0x05,
0x06, 0x5B, 0x03, 0x82, 0x1F, 0x03, 0x49, 0x07, 0xD9, 0x04, 0x82, 0x3D, 0x72, 0x49, 0x06, 0x7E,
0x01, 0x83, 0x51, 0x22, 0x3A, 0x9B, 0x05, 0x89, 0x02, 0x80, 0x9C, 0x05, 0x05, 0x00, 0x80, 0x70,
0x05, 0x81, 0x10, 0x0B, 0xC3, 0x0D, 0x80, 0x69, 0x12, 0xBF, 0x46, 0x85, 0x03, 0x33, 0x0A, 0x0A,
0x2F, 0x43, 0x06, 0x8B, 0x03, 0x04, 0x08, 0x05, 0x05, 0x9E, 0x01, 0x05, 0x92, 0x03, 0x05, 0x08,
0x00, 0x83, 0x0E, 0x08, 0x0E, 0x06, 0x04, 0x3D, 0x09, 0x05, 0x43, 0x01, 0x80, 0x0E, 0x04, 0x31,
0x0B, 0x80, 0x09, 0x06, 0x07, 0x14, 0x04, 0x40, 0x01, 0x06, 0x2B, 0x00, 0x06, 0x47, 0x06, 0x0D,
0xC7, 0x08, 0x05, 0xC4, 0x1C, 0x05, 0x10, 0x00, 0x04, 0x26, 0x03, 0x89, 0x86, 0x2E, 0x82, 0x13,
0x03, 0x51, 0x82, 0x78, 0x28, 0x2B, 0x06, 0x7E, 0x00, 0x9D, 0x23, 0x23, 0x20, 0x0F, 0x25, 0x2A,
0x15, 0x2C, 0x13, 0x01, 0x2A, 0x20, 0x23, 0x2B, 0x51, 0x36, 0x35, 0x62, 0x13, 0x28, 0x02, 0x34,
0x35, 0xBB, 0xBB, 0xBB, 0x2D, 0x2D, 0x2B, 0x28, 0x0A, 0x43, 0x01, 0x07, 0x53, 0x02, 0x16, 0x75,
0x20, 0x04, 0x7C, 0x10, 0x10, 0x3A, 0x01, 0x83, 0x13, 0x13, 0x23, 0x7B, 0x0F, 0x27, 0x0F, 0x80,
0x25, 0x04, 0x5A, 0x51, 0x81, 0x17, 0x08, 0x05, 0xF9, 0x10, 0x82, 0x63, 0x43, 0xB4, 0x05, 0xBB,
0x08, 0x80, 0x2F, 0x05, 0x02, 0x11, 0x81, 0x0A, 0x11, 0x0D, 0x2F, 0x29, 0x82, 0x6C, 0x6C, 0x3D,
0x10, 0xF5, 0x36, 0x05, 0x69, 0x1E, 0x80, 0x37, 0x0C, 0x85, 0x11, 0x80, 0x1E, 0x11, 0x8A, 0x2D,
0x84, 0x7B, 0x03, 0x37, 0x0A, 0x09, 0x04, 0xDD, 0x16, 0x07, 0x1D, 0x0E, 0x06, 0x14, 0x01, 0x83,
0x06, 0x0E, 0x0E, 0x0E, 0x04, 0x4B, 0x01, 0x04, 0x38, 0x01, 0x83, 0x0E, 0x08, 0x06, 0x08, 0x04,
0x03, 0x47, 0x82, 0x08, 0x0D, 0x0D, 0x04, 0x27, 0x10, 0x04, 0xC4, 0x0B, 0x04, 0x4D, 0x04, 0x82,
0x0A, 0x0A, 0x1B, 0x04, 0xD8, 0x03, 0x04, 0x28, 0x00, 0x08, 0x39, 0x01, 0x0A, 0x88, 0x02, 0x04,
0x46, 0x0F, 0x04, 0x78, 0x06, 0x04, 0x8E, 0x07, 0x81, 0x3C, 0x03, 0x04, 0x77, 0x07, 0x85, 0x29,
0x2E, 0x2E, 0x80, 0x0F, 0x13, 0x06, 0x7B, 0x0A, 0x86, 0x15, 0x2D, 0x0F, 0x2C, 0x13, 0x1C, 0x23,
0x07, 0x4B, 0x04, 0x86, 0x2A, 0x2C, 0x20, 0x20, 0x2B, 0x1C, 0x2D, 0x05, 0x38, 0x01, 0x89, 0x7B,
0x7B, 0x68, 0x0F, 0x7E, 0x2C, 0x1C, 0x1C, 0x2D, 0x2B, 0x07, 0x43, 0x01, 0x82, 0x2A, 0x35, 0x20,
0x04, 0xB6, 0x20, 0x05, 0x8C, 0x02, 0x83, 0x76, 0x35, 0x35, 0x2A, 0x09, 0xAC, 0x61, 0x08, 0x0C,
0x22, 0x0B, 0xEC, 0x00, 0x89, 0x23, 0x0F, 0x4C, 0x4C, 0x4C, 0x4C, 0x4C, 0x4C, 0x4C, 0x7F, 0x04,
0x81, 0x02, 0x8D, 0x30, 0x30, 0x0B, 0x2A, 0x7B, 0x8C, 0x93, 0x51, 0x13, 0x03, 0x03, 0x1F, 0x09,
0x60, 0x04, 0xF9, 0x10, 0x05, 0xC1, 0x08, 0x06, 0xC4, 0x08, 0x04, 0x00, 0x05, 0x80, 0x1A, 0x13,
0x29, 0x33, 0x8E, 0xAC, 0x3D, 0x72, 0x69, 0x1F, 0xBA, 0x3C, 0x33, 0x83, 0x81, 0x3C, 0x3C, 0x49,
0x1E, 0x69, 0x11, 0x3D, 0x10, 0x80, 0xA9, 0x10, 0x40, 0x01, 0x82, 0x2A, 0x89, 0x50, 0x05, 0x31,
0x01, 0x05, 0x93, 0x12, 0x05, 0x41, 0x01, 0x04, 0x65, 0x00, 0x04, 0xE5, 0x02, 0x85, 0x08, 0x0A,
0x08, 0x08, 0x09, 0x0E, 0x04, 0x34, 0x01, 0x83, 0x0D, 0x0D, 0x0D, 0x08, 0x04, 0x3E, 0x01, 0x05,
0x0C, 0x00, 0x06, 0x89, 0x02, 0x82, 0x08, 0x08, 0x0D, 0x05, 0x80, 0x16, 0x81, 0x08, 0x08, 0x05,
0xDD, 0x15, 0x80, 0x38, 0x08, 0x0A, 0x0A, 0x06, 0x77, 0x0B, 0x08, 0xB9, 0x0C, 0x80, 0x38, 0x05,
0x10, 0x00, 0x8D, 0x45, 0x03, 0x80, 0x03, 0x51, 0xB0, 0x2E, 0x1D, 0x2E, 0xAA, 0x0F, 0x28, 0x23,
0x2B, 0x05, 0x6E, 0x11, 0x85, 0x20, 0x20, 0x2B, 0x28, 0x2C, 0x2B, 0x05, 0xFB, 0x68, 0x05, 0xBA,
0x27, 0x93, 0x20, 0x13, 0x2D, 0x0F, 0x0F, 0x2B, 0x87, 0x20, 0x23, 0x55, 0x55, 0x1C, 0x20, 0x2D,
0x37, 0x28, 0x37, 0x2D, 0x23, 0x20, 0x05, 0x42, 0x01, 0x87, 0x1C, 0x2C, 0x25, 0x30, 0x2A, 0x0F,
0x8C, 0x20, 0x07, 0x2D, 0x01, 0x8A, 0x11, 0x51, 0x13, 0x13, 0x23, 0x20, 0x2C, 0x35, 0x2A, 0x25,
0x25, 0x05, 0xAD, 0x1C, 0x0D, 0x3F, 0x01, 0x80, 0x55, 0x08, 0x3F, 0x01, 0x04, 0x42, 0x01, 0x8D,
0x0B, 0x0B, 0x0F, 0x8C, 0x36, 0x93, 0x03, 0x03, 0x1C, 0x0F, 0x2D, 0x03, 0x11, 0x1B, 0x05, 0xB1,
0x0F, 0x04, 0x42, 0x0B, 0x80, 0x08, 0x04, 0x95, 0x0E, 0x88, 0x09, 0x09, 0x43, 0x0E, 0x06, 0x0A,
0x0E, 0x3C, 0x03, 0x16, 0xB2, 0x1C, 0x8A, 0x14, 0x6C, 0x3D, 0x72, 0x72, 0x72, 0x8F, 0x6C, 0x14,
0x6C, 0xAC, 0x11, 0x55, 0x1F, 0x11, 0x40, 0x01, 0x82, 0x2D, 0x03, 0x17, 0x05, 0x81, 0x03, 0x07,
0x3F, 0x01, 0x06, 0xF6, 0x04, 0x82, 0x63, 0x63, 0x09, 0x04, 0x07, 0x05, 0x04, 0x5F, 0x02, 0x07,
0x40, 0x01, 0x80, 0x75, 0x05, 0x3F, 0x01, 0x05, 0x3D, 0x01, 0x80, 0x63, 0x07, 0x41, 0x01, 0x06,
0x40, 0x01, 0x05, 0xA4, 0x11, 0x04, 0x95, 0x05, 0x0B, 0x22, 0x0F, 0x08, 0xC9, 0x03, 0x05, 0xD0,
0x0C, 0x87, 0x0A, 0x09, 0x1C, 0x03, 0x03, 0xA2, 0x2E, 0x29, 0x04, 0x44, 0x15, 0x86, 0x51, 0x13,
0x2B, 0x0F, 0x0F, 0x2B, 0x13, 0x04, 0xC2, 0x4E, 0x81, 0x15, 0x28, 0x04, 0xA3, 0x7B, 0x81, 0x2A,
0x23, 0x04, 0xBF, 0x3A, 0x94, 0x2C, 0x13, 0x28, 0x0F, 0x0F, 0x11, 0x1A, 0xC1, 0x9D, 0x98, 0x57,
0x58, 0x57, 0x58, 0x98, 0x98, 0x98, 0x9B, 0x1A, 0x5A, 0x1C, 0x04, 0x6C, 0x01, 0x84, 0x0F, 0x0F,
0x0F, 0xA7, 0x6E, 0x09, 0xCD, 0x04, 0x84, 0x2A, 0x2A, 0x2A, 0x0F, 0x7B, 0x04, 0x80, 0x7A, 0x16,
0xF6, 0x04, 0x81, 0x23, 0x62, 0x04, 0xDC, 0x20, 0x83, 0x62, 0x0F, 0x68, 0x53, 0x07, 0xC4, 0x07,
0x82, 0x6E, 0x23, 0x0F, 0x04, 0x59, 0x05, 0x04, 0xBD, 0x0D, 0x80, 0x63, 0x04, 0x78, 0x02, 0x07,
0x7D, 0x02, 0x09, 0x01, 0x02, 0x80, 0x11, 0x10, 0x1A, 0x10, 0x23, 0x78, 0x1B, 0x80, 0x1E, 0x0F,
0x0A, 0x30, 0x86, 0x35, 0x11, 0x03, 0x07, 0x38, 0x09, 0x43, 0x05, 0x91, 0x08, 0x06, 0xFD, 0x00,
0x80, 0x0E, 0x04, 0x43, 0x01, 0x07, 0xA8, 0x03, 0x83, 0x08, 0x08, 0x06, 0x0E, 0x07, 0x74, 0x02,
0x84, 0x0D, 0x08, 0x0E, 0x26, 0x26, 0x0A, 0x80, 0x02, 0x82, 0x3F, 0x10, 0x10, 0x05, 0x00, 0x05,
0x80, 0x0E, 0x05, 0x36, 0x05, 0x04, 0x3F, 0x01, 0x05, 0x95, 0x0C, 0x06, 0x42, 0x00, 0x09, 0x09,
0x05, 0x06, 0x4A, 0x01, 0x80, 0x03, 0x04, 0xBD, 0x03, 0x05, 0x72, 0x0C, 0x89, 0x2D, 0x35, 0x13,
0x2C, 0x35, 0x0F, 0x28, 0x2D, 0x13, 0x13, 0x08, 0xC4, 0x0B, 0x80, 0x13, 0x04, 0x90, 0x07, 0x9D,
0x11, 0x13, 0x0F, 0x0F, 0x2D, 0x35, 0x4A, 0x58, 0x58, 0x58, 0x58, 0x58, 0x57, 0x57, 0x57, 0x57,
0x9D, 0x98, 0x58, 0xC2, 0x3B, 0x23, 0x0F, 0x0F, 0x11, 0x2D, 0x35, 0x0F, 0x0F, 0x23, 0x0F, 0x39,
0x15, 0x8C, 0x30, 0x03, 0x03, 0x55, 0x86, 0x86, 0xB5, 0x78, 0x78, 0x78, 0x03, 0x2D, 0x2A, 0x0D,
0x06, 0x0A, 0x84, 0x1C, 0x23, 0x36, 0x87, 0x23, 0x06, 0xE7, 0x34, 0x85, 0x13, 0x2D, 0x2B, 0x0F,
0x30, 0x79, 0x05, 0x39, 0x00, 0x80, 0x23, 0x04, 0x3D, 0x10, 0x83, 0x63, 0x63, 0x08, 0x63, 0x04,
0x67, 0x03, 0x07, 0x40, 0x01, 0x04, 0x06, 0x00, 0x83, 0x0E, 0x0D, 0x11, 0x03, 0x32, 0xB3, 0x26,
0x80, 0x31, 0x0F, 0x40, 0x01, 0x83, 0x21, 0x03, 0x03, 0x38, 0x04, 0xA3, 0x08, 0x04, 0xF8, 0x13,
0x06, 0xFE, 0x04, 0x05, 0xF8, 0x04, 0x04, 0xCD, 0x18, 0x05, 0x08, 0x00, 0x81, 0x09, 0x0A, 0x05,
0x80, 0x02, 0x04, 0x04, 0x00, 0x87, 0x08, 0x10, 0x10, 0x3E, 0x10, 0x10, 0x3E, 0x10, 0x04, 0x42,
0x01, 0x81, 0x10, 0x10, 0x05, 0x40, 0x01, 0x80, 0x08, 0x04, 0x5F, 0x06, 0x04, 0x70, 0x06, 0x04,
0x2D, 0x00, 0x07, 0x55, 0x10, 0x07, 0x09, 0x0A, 0x80, 0x38, 0x06, 0xC4, 0x1C, 0x86, 0x38, 0x56,
0x17, 0x11, 0x51, 0x0F, 0x0B, 0x04, 0x7E, 0x02, 0x82, 0x7D, 0x2E, 0xBC, 0x04, 0x48, 0x07, 0x84,
0x2B, 0x13, 0x2C, 0x28, 0x28, 0x04, 0x86, 0x02, 0x04, 0xB2, 0x59, 0x06, 0xC1, 0x06, 0x8C, 0x20,
0x0F, 0x28, 0x5A, 0x3A, 0x58, 0x57, 0x57, 0x58, 0x5D, 0x5D, 0x5D, 0x58, 0x05, 0x06, 0x00, 0x8C,
0x5D, 0x58, 0x57, 0x5D, 0x76, 0x1C, 0x0F, 0x2B, 0x13, 0x0F, 0x0F, 0x0F, 0x13, 0x09, 0x40, 0x01,
0x88, 0x65, 0x65, 0x65, 0x7C, 0x6B, 0x6B, 0x03, 0x03, 0x03, 0x06, 0xCD, 0x11, 0x05, 0x9F, 0x12,
0x08, 0x58, 0x32, 0x8B, 0x2B, 0x79, 0x30, 0x79, 0x79, 0x30, 0x79, 0x79, 0x30, 0x79, 0x30, 0x30,
0x08, 0xB8, 0x0D, 0x07, 0x6F, 0x01, 0x81, 0x3C, 0x09, 0x04, 0xBD, 0x03, 0x81, 0x09, 0x3F, 0x08,
0xBF, 0x0D, 0x8B, 0x09, 0x09, 0x43, 0xB4, 0x09, 0x0E, 0x08, 0x0D, 0x17, 0x11, 0x11, 0x37, 0x30,
0x82, 0x02, 0x81, 0x72, 0x81, 0x0D, 0x40, 0x01, 0x83, 0x15, 0x03, 0x03, 0x22, 0x08, 0x54, 0x00,
0x06, 0xC2, 0x03, 0x05, 0x0A, 0x01, 0x04, 0x52, 0x02, 0x07, 0x6C, 0x05, 0x80, 0x38, 0x08, 0xEE,
0x02, 0x05, 0xC0, 0x03, 0x81, 0x10, 0x0D, 0x04, 0x3F, 0x01, 0x80, 0x09, 0x05, 0x41, 0x01, 0x06,
0x00, 0x0F, 0x05, 0xCF, 0x01, 0x07, 0xB3, 0x07, 0x80, 0x09, 0x04, 0xF1, 0x04, 0x05, 0xBF, 0x03,
0x83, 0x38, 0x38, 0x38, 0x38, 0x04, 0x32, 0x23, 0x87, 0x38, 0x38, 0x1A, 0x11, 0x03, 0x0F, 0x79,
0x0B, 0x04, 0x70, 0x11, 0x82, 0x29, 0x2E, 0x80, 0x06, 0x29, 0x57, 0x82, 0x23, 0x1C, 0x23, 0x04,
0x41, 0x01, 0x83, 0x2D, 0x1C, 0x20, 0x0F, 0x05, 0x01, 0x05, 0x84, 0x11, 0x2D, 0x2B, 0x39, 0xB3,
0x05, 0x79, 0x02, 0x80, 0x58, 0x06, 0x40, 0x01, 0x98, 0x4A, 0x5D, 0x5D, 0x5D, 0x57, 0x58, 0x5D,
0x9C, 0x39, 0x68, 0x2B, 0x2B, 0x0F, 0x0F, 0x11, 0x0F, 0x0B, 0xA3, 0x7C, 0x7C, 0x6B, 0x6B, 0x29,
0x29, 0x29, 0x04, 0xF7, 0x0D, 0x83, 0x1D, 0xC3, 0x03, 0x03, 0x04, 0x4F, 0x19, 0x82, 0x1D, 0x29,
0x51, 0x05, 0x60, 0x11, 0x09, 0x95, 0x2E, 0x10, 0xE0, 0x17, 0x07, 0xD5, 0x0C, 0x86, 0x03, 0x11,
0x1A, 0x0E, 0x09, 0x06, 0x43, 0x05, 0xFF, 0x0E, 0x05, 0x1D, 0x02, 0x04, 0xEC, 0x00, 0x89, 0x2F,
0x3F, 0x0D, 0x10, 0x10, 0x17, 0x50, 0x03, 0x11, 0x88, 0x30, 0x82, 0x02, 0x80, 0x49, 0x0D, 0x40,
0x01, 0x82, 0x28, 0x03, 0x33, 0x05, 0x5A, 0x16, 0x06, 0xBE, 0x03, 0x81, 0x0E, 0x0E, 0x07, 0x61,
0x00, 0x80, 0x43, 0x04, 0x46, 0x06, 0x05, 0x5D, 0x02, 0x81, 0x0E, 0x38, 0x06, 0xBB, 0x08, 0x06,
0x3D, 0x01, 0x81, 0x0D, 0x0D, 0x04, 0x79, 0x02, 0x80, 0x3F, 0x04, 0xC0, 0x03, 0x80, 0x3F, 0x08,
0x40, 0x01, 0x85, 0x0A, 0x0A, 0x09, 0x0E, 0x09, 0x0E, 0x06, 0x73, 0x0B, 0x04, 0x05, 0x00, 0x04,
0xBD, 0x08, 0x08, 0x3E, 0x1F, 0x84, 0x38, 0x27, 0x45, 0x03, 0x13, 0x05, 0x49, 0x0D, 0x8A, 0x7C,
0x29, 0x1D, 0x2E, 0x8D, 0x23, 0x01, 0x7A, 0x11, 0x1C, 0x1C, 0x04, 0xBE, 0x44, 0x8A, 0x2A, 0x2B,
0x1C, 0x1C, 0x2C, 0x25, 0x35, 0x28, 0x2B, 0x13, 0x23, 0x04, 0x86, 0x1E, 0x83, 0x25, 0x1C, 0x39,
0x38, 0x04, 0x34, 0x01, 0x81, 0x57, 0x57, 0x07, 0x80, 0x02, 0x81, 0x58, 0x9D, 0x04, 0x4E, 0x01,
0x87, 0x98, 0x1A, 0x13, 0x23, 0x20, 0x92, 0x2D, 0x51, 0x06, 0x3D, 0x14, 0x05, 0x05, 0x00, 0x04,
0x78, 0x02, 0x82, 0x55, 0x03, 0x55, 0x05, 0x92, 0x15, 0x81, 0x65, 0x36, 0x04, 0xDA, 0x0C, 0x05,
0x57, 0x06, 0x80, 0x68, 0x0E, 0xF2, 0x09, 0x0A, 0x3F, 0x01, 0x84, 0x2A, 0x6E, 0x11, 0x17, 0x0E,
0x09, 0x78, 0x02, 0x07, 0x0C, 0x02, 0x81, 0x09, 0x2F, 0x05, 0x02, 0x02, 0x86, 0x17, 0x33, 0x0F,
0x68, 0x11, 0x33, 0xA9, 0x2E, 0xF7, 0x22, 0x81, 0x1E, 0x11, 0x0A, 0x74, 0x1D, 0x83, 0x2A, 0x13,
0x03, 0x3C, 0x05, 0x3F, 0x01, 0x06, 0x83, 0x03, 0x05, 0x1F, 0x06, 0x80, 0x0D, 0x06, 0x6E, 0x00,
0x05, 0x2C, 0x13, 0x06, 0x6D, 0x00, 0x80, 0x09, 0x0A, 0x7D, 0x02, 0x04, 0x04, 0x00, 0x82, 0x08,
0x10, 0x3F, 0x05, 0x45, 0x01, 0x06, 0x00, 0x05, 0x05, 0x7C, 0x06, 0x80, 0x08, 0x06, 0x2A, 0x1E,
0x05, 0x4A, 0x01, 0x04, 0xC1, 0x03, 0x06, 0xF9, 0x1C, 0x82, 0x38, 0x38, 0x06, 0x04, 0x3F, 0x01,
0x08, 0x20, 0x10, 0x8A, 0x29, 0xB5, 0x80, 0x28, 0x01, 0x1C, 0x20, 0x20, 0x2C, 0x23, 0x1C, 0x05,
0xC3, 0x3F, 0x85, 0x2B, 0x1C, 0x11, 0x0F, 0x35, 0x0F, 0x04, 0xC8, 0x08, 0x05, 0x0E, 0x00, 0x90,
0x5A, 0xB9, 0x4A, 0x4A, 0x57, 0x57, 0xC4, 0x5D, 0x58, 0x57, 0x57, 0x5D, 0x4A, 0x58, 0x57, 0x57,
0xC4, 0x04, 0x8C, 0x02, 0x86, 0x58, 0xB3, 0x28, 0x13, 0x28, 0x76, 0x77, 0x06, 0x01, 0x1D, 0x07,
0x3F, 0x01, 0x8E, 0x7D, 0x1D, 0xA2, 0x03, 0x03, 0x78, 0x29, 0x7D, 0x29, 0x6B, 0x0B, 0x2A, 0x11,
0x20, 0x2A, 0x04, 0x40, 0x01, 0x80, 0x6E, 0x06, 0x21, 0x0E, 0x14, 0x40, 0x01, 0x82, 0x68, 0x03,
0x50, 0x06, 0xC9, 0x05, 0x04, 0x91, 0x04, 0x06, 0x09, 0x00, 0x81, 0x08, 0x0E, 0x04, 0x84, 0x07,
0x8A, 0x0E, 0x0D, 0x0D, 0x17, 0x03, 0x2A, 0x15, 0x25, 0x03, 0x11, 0x1C, 0x2D, 0xC4, 0x03, 0x81,
0x72, 0x81, 0x0A, 0x4C, 0x3B, 0x83, 0x13, 0x03, 0x03, 0x85, 0x04, 0x79, 0x07, 0x82, 0x06, 0x0E,
0x0E, 0x04, 0x04, 0x01, 0x81, 0x10, 0x0D, 0x04, 0x62, 0x00, 0x05, 0xE4, 0x0C, 0x04, 0xAE, 0x06,
0x04, 0xAE, 0x10, 0x08, 0xBC, 0x03, 0x85, 0x3E, 0x10, 0x0D, 0x26, 0x3E, 0x3E, 0x06, 0x7F, 0x02,
0x04, 0x04, 0x00, 0x81, 0x10, 0x26, 0x07, 0xC0, 0x03, 0x04, 0x79, 0x02, 0x05, 0x72, 0x06, 0x05,
0x7A, 0x06, 0x86, 0x0E, 0x09, 0x1B, 0x06, 0x38, 0x0A, 0x38, 0x06, 0xC5, 0x12, 0x83, 0x38, 0x38,
0x2F, 0x50, 0x09, 0x6D, 0x34, 0x04, 0x80, 0x0C, 0x8B, 0x23, 0x01, 0x23, 0x23, 0x23, 0x11, 0x13,
0x03, 0x1C, 0x2B, 0x2D, 0x1C, 0x05, 0xFC, 0x04, 0x88, 0x15, 0x28, 0x13, 0x1C, 0x2B, 0x0F, 0x0F,
0x20, 0x11, 0x04, 0x74, 0x11, 0x84, 0x25, 0x2D, 0x11, 0x3A, 0xC1, 0x05, 0x77, 0x02, 0x05, 0x89,
0x02, 0x06, 0x06, 0x05, 0x86, 0x9D, 0x55, 0x2B, 0x11, 0x28, 0x03, 0xA2, 0x05, 0x00, 0x1D, 0x09,
0x80, 0x02, 0x83, 0x29, 0x94, 0x03, 0x03, 0x06, 0x77, 0x10, 0x85, 0x2A, 0x03, 0x55, 0x2A, 0x68,
0x13, 0x04, 0xA5, 0x17, 0x17, 0x40, 0x01, 0x84, 0x2A, 0x11, 0x03, 0x3A, 0x08, 0x04, 0xB7, 0x00,
0x04, 0x7E, 0x11, 0x83, 0x0E, 0x0E, 0x08, 0x10, 0x04, 0x55, 0x03, 0x08, 0x09, 0x1B, 0x8A, 0x17,
0x03, 0x2A, 0x01, 0x02, 0x15, 0x28, 0x5A, 0x03, 0x81, 0xB7, 0x2C, 0x78, 0x25, 0x08, 0x32, 0x1C,
0x85, 0x0F, 0x6E, 0x03, 0x03, 0x33, 0x0E, 0x04, 0xD9, 0x0C, 0x80, 0x08, 0x05, 0x7C, 0x02, 0x83,
0x0E, 0x0A, 0x0D, 0x0D, 0x04, 0xA2, 0x01, 0x05, 0x37, 0x01, 0x09, 0xEC, 0x02, 0x07, 0xF4, 0x09,
0x04, 0x80, 0x02, 0x81, 0x3E, 0x10, 0x07, 0xC2, 0x03, 0x80, 0x0D, 0x04, 0xFE, 0x02, 0x80, 0x26,
0x08, 0x80, 0x02, 0x06, 0x38, 0x05, 0x08, 0x87, 0x07, 0x04, 0xFB, 0x04, 0x06, 0x8E, 0x0C, 0x83,
0x06, 0x2F, 0x07, 0x11, 0x08, 0x7B, 0x2A, 0x8B, 0x03, 0x13, 0x23, 0x03, 0x13, 0x15, 0x01, 0x13,
0x2D, 0x03, 0x11, 0x13, 0x05, 0x3F, 0x2A, 0x82, 0x23, 0x20, 0x23, 0x06, 0xEA, 0x54, 0x87, 0x15,
0x0F, 0x20, 0x20, 0x2B, 0x0F, 0x2D, 0x1C, 0x04, 0x8E, 0x23, 0x86, 0x25, 0xA7, 0x1C, 0xB3, 0xCD,
0x9D, 0x58, 0x04, 0xBD, 0x03, 0x05, 0x3F, 0x01, 0x88, 0x5D, 0x58, 0x57, 0x21, 0x2D, 0x2D, 0x28,
0x77, 0xA2, 0x04, 0x3C, 0x19, 0x06, 0x41, 0x01, 0x84, 0x2E, 0x2E, 0x1D, 0x29, 0x1D, 0x04, 0x39,
0x14, 0x08, 0xDA, 0x0E, 0x80, 0x2D, 0x18, 0x3B, 0x01, 0x92, 0x65, 0x4C, 0xAE, 0x29, 0x29, 0x51,
0x03, 0x11, 0x0D, 0x08, 0x10, 0x0A, 0x0E, 0x10, 0x0E, 0x0E, 0x09, 0x0E, 0x3F, 0x05, 0x8B, 0x04,
0x07, 0xCB, 0x03, 0x89, 0x0E, 0x0E, 0x09, 0x17, 0x03, 0x25, 0x15, 0x4A, 0x02, 0x15, 0x04, 0x7A,
0x42, 0x81, 0x1C, 0x1E, 0x2A, 0x85, 0x02, 0x8C, 0x3D, 0x81, 0x03, 0x2D, 0x35, 0x62, 0x28, 0x03,
0x03, 0x83, 0x03, 0x03, 0x1A, 0x05, 0x50, 0x1E, 0x04, 0x53, 0x0F, 0x04, 0x9F, 0x01, 0x04, 0xAC,
0x08, 0x07, 0xA4, 0x0B, 0x04, 0xC3, 0x08, 0x07, 0x3F, 0x01, 0x81, 0x0D, 0x10, 0x07, 0xC0, 0x03,
0x82, 0x26, 0x26, 0x10, 0x05, 0x3E, 0x01, 0x07, 0x83, 0x02, 0x08, 0x00, 0x05, 0x07, 0x17, 0x08,
0x06, 0xDC, 0x15, 0x80, 0x0E, 0x04, 0x74, 0x0C, 0x05, 0x7B, 0x11, 0x04, 0x2E, 0x14, 0x09, 0x40,
0x01, 0x04, 0x97, 0x12, 0x87, 0x2B, 0x01, 0x01, 0x20, 0x13, 0x03, 0x11, 0x11, 0x06, 0x0B, 0x0B,
0x81, 0x11, 0x2B, 0x08, 0x48, 0x5C, 0x87, 0x15, 0x2C, 0x13, 0x1C, 0x0F, 0x7B, 0x2B, 0x1C, 0x04,
0x11, 0x60, 0x84, 0xB1, 0x20, 0x5A, 0xCE, 0x9C, 0x04, 0x04, 0x05, 0x8D, 0x58, 0x5D, 0x58, 0x58,
0x57, 0x98, 0x58, 0x57, 0x3B, 0x20, 0x2B, 0x2B, 0x03, 0x94, 0x06, 0x39, 0x06, 0x04, 0xF2, 0x17,
0x81, 0x29, 0x29, 0x04, 0x4A, 0x0A, 0x80, 0x51, 0x08, 0xDA, 0x18, 0x87, 0x36, 0x03, 0x13, 0x4C,
0x7C, 0x7C, 0xAE, 0xAE, 0x05, 0x34, 0x0B, 0x84, 0x7C, 0x6B, 0x6B, 0x6B, 0x6B, 0x04, 0x04, 0x00,
0x83, 0x6B, 0x6B, 0x86, 0x86, 0x05, 0x33, 0x00, 0x83, 0x29, 0x03, 0x03, 0x17, 0x04, 0x58, 0x03,
0x8A, 0x0A, 0x0E, 0x08, 0x3F, 0x08, 0x43, 0x43, 0x09, 0x0E, 0x0D, 0x10, 0x09, 0x25, 0x07, 0x8F,
0x0E, 0x09, 0x22, 0x03, 0x30, 0x15, 0x4A, 0x15, 0x02, 0x4A, 0x15, 0x73, 0x53, 0x03, 0x33, 0xA5,
0x29, 0x00, 0x2D, 0x82, 0x14, 0x69, 0x9A, 0x04, 0xED, 0x79, 0x82, 0x11, 0x32, 0x59, 0x05, 0xD7,
0x11, 0x04, 0x7A, 0x07, 0x07, 0x40, 0x01, 0x05, 0x6D, 0x02, 0x05, 0x1D, 0x09, 0x04, 0x17, 0x01,
0x06, 0xF1, 0x0E, 0x81, 0x0E, 0x09, 0x06, 0xF9, 0x04, 0x05, 0x40, 0x01, 0x04, 0x7E, 0x02, 0x07,
0x45, 0x06, 0x06, 0xC0, 0x08, 0x82, 0x0D, 0x0D, 0x0E, 0x05, 0x55, 0x1D, 0x81, 0x06, 0x0E, 0x05,
0x43, 0x14, 0x04, 0xDA, 0x10, 0x06, 0xC6, 0x0D, 0x80, 0x38, 0x05, 0xE4, 0x2B, 0x8C, 0x50, 0x03,
0x39, 0x0B, 0x30, 0x25, 0x0B, 0x65, 0x7C, 0x94, 0x03, 0x13, 0x2D, 0x04, 0xC5, 0x36, 0x81, 0x2B,
0x23, 0x04, 0x41, 0x01, 0x04, 0x98, 0x46, 0x80, 0x03, 0x07, 0xCB, 0x0D, 0x07, 0x04, 0x17, 0x85,
0x1C, 0x11, 0x0F, 0x0F, 0x0F, 0x23, 0x05, 0x1B, 0x5A, 0x83, 0x25, 0x2D, 0x5A, 0x56, 0x04, 0x07,
0x05, 0x04, 0x09, 0x0A, 0x90, 0x57, 0x61, 0x23, 0x0F, 0x20, 0x03, 0x2D, 0x2D, 0x6E, 0x8D, 0x86,
0x29, 0x29, 0x4C, 0x4C, 0x4C, 0xA3, 0x05, 0xC5, 0x08, 0x82, 0x65, 0x2A, 0x11, 0x07, 0x14, 0x13,
0x82, 0x7F, 0x13, 0x03, 0x06, 0xDD, 0x1B, 0x0D, 0x62, 0x06, 0x06, 0x06, 0x00, 0x84, 0x29, 0x1D,
0x2E, 0x78, 0x11, 0x04, 0x52, 0x03, 0x84, 0x0D, 0x0D, 0x10, 0x08, 0x43, 0x05, 0x1C, 0x07, 0x80,
0x0E, 0x04, 0xDD, 0x05, 0x80, 0x06, 0x04, 0x2D, 0x0D, 0x04, 0x45, 0x01, 0x85, 0x11, 0x03, 0x02,
0x02, 0x02, 0x02, 0x04, 0x04, 0x00, 0x80, 0x02, 0x04, 0x88, 0x1F, 0x81, 0x11, 0x32, 0x2B, 0x09,
0x05, 0x81, 0x72, 0x72, 0x04, 0x89, 0x1B, 0x81, 0x45, 0x38, 0x05, 0xA7, 0x08, 0x05, 0x2F, 0x0B,
0x07, 0x6E, 0x02, 0x0A, 0x26, 0x0E, 0x08, 0x8C, 0x02, 0x80, 0x0E, 0x04, 0x39, 0x0B, 0x06, 0x42,
0x01, 0x04, 0x3B, 0x01, 0x07, 0xFE, 0x09, 0x06, 0x40, 0x01, 0x05, 0xD0, 0x1A, 0x04, 0x90, 0x00,
0x88, 0x0E, 0x0E, 0x09, 0x2F, 0x2F, 0x38, 0x09, 0x0E, 0x0E, 0x06, 0xF9, 0x0E, 0x04, 0x01, 0x0A,
0x80, 0x06, 0x04, 0xBA, 0x30, 0x87, 0x11, 0x65, 0xA3, 0x7C, 0x29, 0x2E, 0x2E, 0x94, 0x06, 0xB0,
0x1F, 0x80, 0x2B, 0x05, 0xBE, 0x03, 0x05, 0x4E, 0x45, 0x10, 0x37, 0x6A, 0x87, 0x35, 0x03, 0x20,
0x0F, 0x35, 0x0F, 0x20, 0x2D, 0x05, 0xCA, 0x1C, 0x83, 0x11, 0x50, 0x70, 0x98, 0x06, 0x4E, 0x0B,
0x8A, 0x24, 0x20, 0x0F, 0x20, 0x95, 0x0F, 0x99, 0x28, 0x2B, 0x55, 0x4C, 0x05, 0xA8, 0x11, 0x07,
0x17, 0x06, 0x82, 0x36, 0x03, 0x36, 0x08, 0x81, 0x02, 0x81, 0x82, 0x29, 0x04, 0x2B, 0x01, 0x10,
0x3D, 0x01, 0x04, 0xE0, 0x08, 0x85, 0x1D, 0x29, 0x80, 0x3C, 0x0D, 0x10, 0x04, 0xA4, 0x00, 0x83,
0x0D, 0x0E, 0x43, 0x38, 0x04, 0xE3, 0x00, 0x81, 0x0E, 0x10, 0x05, 0xAE, 0x0A, 0x06, 0xAC, 0x05,
0x83, 0x85, 0x03, 0x03, 0x01, 0x09, 0x41, 0x01, 0x05, 0x05, 0x4A, 0x80, 0x33, 0x2E, 0x84, 0x2F,
0x82, 0xA1, 0x03, 0x17, 0x06, 0x0D, 0x10, 0x05, 0xED, 0x09, 0x04, 0x7E, 0x02, 0x80, 0x10, 0x04,
0xDF, 0x02, 0x82, 0x08, 0x08, 0x3F, 0x06, 0x04, 0x05, 0x09, 0x76, 0x11, 0x06, 0x39, 0x01, 0x04,
0xBF, 0x0D, 0x80, 0x0D, 0x05, 0xBD, 0x08, 0x0A, 0xC0, 0x03, 0x05, 0xB8, 0x02, 0x04, 0x20, 0x05,
0x04, 0x0A, 0x05, 0x05, 0x59, 0x1A, 0x04, 0x27, 0x26, 0x07, 0xBA, 0x26, 0x84, 0x0A, 0x0A, 0x1B,
0x11, 0x03, 0x04, 0x2B, 0x1A, 0x83, 0x2E, 0x2E, 0x2E, 0xCF, 0x08, 0x42, 0x48, 0x82, 0x20, 0x13,
0x23, 0x04, 0x5F, 0x0D, 0x81, 0x11, 0x2C, 0x12, 0x54, 0x11, 0x80, 0x2A, 0x05, 0x4E, 0x06, 0x81,
0x28, 0x1C, 0x05, 0xD3, 0x08, 0x89, 0x7F, 0x39, 0x76, 0xB9, 0x4A, 0x5D, 0x58, 0x50, 0x2B, 0x0F,
0x05, 0xAF, 0x19, 0x87, 0x15, 0x23, 0x2D, 0x2B, 0x93, 0x2D, 0x0F, 0x7F, 0x05, 0x17, 0x10, 0x84,
0x0B, 0x0B, 0x30, 0x1C, 0x11, 0x07, 0x95, 0x15, 0x04, 0x0C, 0x1D, 0x83, 0x1D, 0x29, 0x7D, 0x7D,
0x12, 0x40, 0x01, 0x04, 0x21, 0x0A, 0x84, 0x0A, 0x08, 0x26, 0x10, 0x10, 0x04, 0x45, 0x03, 0x82,
0x10, 0x10, 0x10, 0x04, 0x40, 0x01, 0x82, 0x08, 0x3F, 0x3F, 0x05, 0xF1, 0x10, 0x86, 0x0E, 0x3F,
0x3F, 0x10, 0x1A, 0x03, 0x11, 0x0A, 0x40, 0x01, 0x04, 0x04, 0x00, 0x84, 0x68, 0x1C, 0x03, 0x03,
0x33, 0x2A, 0x93, 0x0C, 0x83, 0x14, 0x49, 0x5A, 0x85, 0x05, 0xAD, 0x08, 0x04, 0x3A, 0x0B, 0x04,
0x98, 0x01, 0x06, 0x9C, 0x0D, 0x82, 0x09, 0x08, 0x10, 0x05, 0x44, 0x06, 0x0B, 0x30, 0x09, 0x06,
0x45, 0x01, 0x05, 0x06, 0x00, 0x04, 0xFD, 0x0E, 0x06, 0x4F, 0x01, 0x05, 0x40, 0x01, 0x06, 0x64,
0x01, 0x04, 0x40, 0x01, 0x04, 0x41, 0x01, 0x04, 0xDB, 0x01, 0x04, 0x87, 0x1A, 0x06, 0x80, 0x24,
0x81, 0x0A, 0x06, 0x04, 0x40, 0x01, 0x06, 0x3D, 0x24, 0x84, 0x29, 0xAA, 0x03, 0x33, 0x2D, 0x06,
0x70, 0x28, 0x86, 0x2A, 0x2C, 0x1C, 0x20, 0x20, 0x11, 0x20, 0x14, 0x24, 0x6A, 0x95, 0x25, 0x2B,
0x1C, 0x2C, 0x28, 0x0F, 0x7E, 0x2C, 0x23, 0x2B, 0x35, 0x15, 0x01, 0x2A, 0x2C, 0x39, 0x56, 0xC2,
0x98, 0x39, 0x0F, 0x7B, 0x07, 0x2A, 0x21, 0x87, 0x35, 0x2D, 0x2D, 0x2D, 0x20, 0x20, 0x0F, 0x2A,
0x06, 0x40, 0x01, 0x82, 0x2D, 0x03, 0x87, 0x08, 0x4D, 0x28, 0x80, 0x80, 0x04, 0x13, 0x05, 0x12,
0xBD, 0x03, 0x8A, 0x1D, 0x7D, 0xB0, 0x03, 0x03, 0x0E, 0x10, 0x26, 0x10, 0x0D, 0x0D, 0x05, 0xB9,
0x03, 0x80, 0x0D, 0x05, 0xE1, 0x24, 0x80, 0x08, 0x04, 0x00, 0x02, 0x81, 0x43, 0x43, 0x04, 0x40,
0x01, 0x85, 0x22, 0x03, 0x13, 0x01, 0x02, 0x4A, 0x0B, 0x40, 0x01, 0x82, 0x15, 0x30, 0x55, 0x04,
0x63, 0x48, 0x80, 0x1E, 0x27, 0x86, 0x02, 0x83, 0x72, 0x3C, 0x39, 0x85, 0x05, 0x18, 0x09, 0x07,
0x53, 0x05, 0x06, 0x09, 0x01, 0x81, 0x08, 0x08, 0x06, 0xA4, 0x03, 0x0B, 0x3C, 0x01, 0x06, 0x16,
0x00, 0x06, 0x3D, 0x10, 0x07, 0x10, 0x00, 0x07, 0x40, 0x01, 0x04, 0x3E, 0x2E, 0x84, 0x08, 0x08,
0x09, 0x0D, 0x08, 0x04, 0x06, 0x05, 0x04, 0x84, 0x02, 0x80, 0x0E, 0x05, 0xC6, 0x1B, 0x06, 0xF8,
0x21, 0x04, 0x46, 0x06, 0x80, 0x33, 0x04, 0x9F, 0x04, 0x88, 0x7D, 0x29, 0x94, 0x8D, 0x6E, 0x11,
0x13, 0x13, 0x51, 0x08, 0x75, 0x02, 0x82, 0x15, 0x25, 0x1C, 0x18, 0xB3, 0x21, 0x82, 0x15, 0x35,
0x23, 0x04, 0x9D, 0x0C, 0x8A, 0x7B, 0x2B, 0x13, 0x28, 0x15, 0x01, 0xBD, 0x23, 0x11, 0x87, 0x0F,
0x08, 0x29, 0x00, 0x8B, 0x0F, 0x1C, 0x2D, 0x1C, 0x2D, 0x20, 0x2D, 0x2B, 0x87, 0x68, 0x0B, 0x30,
0x04, 0x40, 0x01, 0x81, 0x03, 0x68, 0x08, 0xA0, 0x0D, 0x80, 0xAA, 0x14, 0xFC, 0x04, 0x85, 0x1D,
0x7D, 0xAA, 0x03, 0x03, 0x6F, 0x04, 0x14, 0x07, 0x04, 0xEF, 0x01, 0x04, 0x9A, 0x05, 0x04, 0xEA,
0x00, 0x81, 0x06, 0x43, 0x04, 0xFB, 0x0B, 0x89, 0x3F, 0x10, 0x3F, 0x0E, 0x09, 0x09, 0x6F, 0x03,
0x55, 0x15, 0x0D, 0x40, 0x01, 0x85, 0x02, 0x4A, 0x01, 0x02, 0x15, 0x0F, 0x04, 0x50, 0x22, 0x80,
0x54, 0x1F, 0x40, 0x29, 0x05, 0x05, 0x00, 0x85, 0xBF, 0x11, 0x17, 0x0E, 0x3F, 0x08, 0x05, 0x6E,
0x02, 0x81, 0x10, 0x10, 0x05, 0x3F, 0x02, 0x05, 0x1B, 0x01, 0x80, 0x10, 0x04, 0x29, 0x01, 0x07,
0x7B, 0x02, 0x80, 0x10, 0x05, 0x93, 0x0C, 0x80, 0x0D, 0x04, 0x3E, 0x09, 0x06, 0x46, 0x01, 0x04,
0xC8, 0x01, 0x04, 0x5F, 0x01, 0x87, 0x10, 0x08, 0x08, 0x10, 0x3D, 0x3D, 0x1B, 0x08, 0x04, 0x5B,
0x06, 0x07, 0x2B, 0x0A, 0x80, 0x06, 0x07, 0x3B, 0x05, 0x06, 0x45, 0x10, 0x05, 0x03, 0x0A, 0x82,
0x09, 0x06, 0x49, 0x04, 0xF7, 0x13, 0x81, 0x94, 0x77, 0x06, 0xDB, 0x14, 0x04, 0xDC, 0x18, 0x08,
0x7C, 0x0A, 0x1B, 0x2C, 0x1F, 0x80, 0x20, 0x04, 0x4F, 0x10, 0x82, 0x0F, 0x0F, 0x1C, 0x04, 0x67,
0x0B, 0x82, 0x25, 0x11, 0x11, 0x08, 0xA9, 0x02, 0x80, 0x2B, 0x04, 0xE2, 0x12, 0x87, 0x23, 0x13,
0x89, 0x20, 0x23, 0x13, 0x68, 0x25, 0x04, 0x56, 0x11, 0x80, 0x23, 0x08, 0x94, 0x1A, 0x80, 0x51,
0x07, 0x42, 0x06, 0x0E, 0x49, 0x06, 0x87, 0x29, 0x77, 0x03, 0x03, 0x32, 0x0E, 0x0E, 0x0D, 0x04,
0xBC, 0x05, 0x82, 0x10, 0x10, 0x09, 0x04, 0x7F, 0x02, 0x04, 0x44, 0x0B, 0x04, 0xCF, 0x03, 0x8B,
0x08, 0x0D, 0x0D, 0x09, 0xB6, 0xB6, 0x50, 0x03, 0x20, 0x02, 0x15, 0x15, 0x0D, 0xC2, 0x03, 0x06,
0x4C, 0x06, 0x04, 0x49, 0x4B, 0x82, 0x88, 0x59, 0x6C, 0x20, 0x43, 0x01, 0x87, 0x32, 0x03, 0x0E,
0x09, 0x63, 0x3F, 0xD0, 0x3F, 0x04, 0x0C, 0x01, 0x05, 0xF9, 0x04, 0x82, 0x3F, 0x3F, 0x10, 0x04,
0xD8, 0x09, 0x04, 0x7E, 0x02, 0x80, 0x63, 0x04, 0xA8, 0x03, 0x81, 0x10, 0x09, 0x04, 0x6F, 0x05,
0x05, 0x75, 0x0A, 0x05, 0x81, 0x02, 0x06, 0xD1, 0x03, 0x05, 0xFC, 0x04, 0x04, 0x06, 0x00, 0x83,
0x3D, 0x3D, 0x1B, 0x06, 0x04, 0x56, 0x01, 0x05, 0x75, 0x07, 0x04, 0xEF, 0x12, 0x81, 0x06, 0x2F,
0x04, 0x27, 0x00, 0x04, 0xC4, 0x08, 0x04, 0x83, 0x02, 0x80, 0x0E, 0x04, 0xB0, 0x1B, 0x85, 0x1A,
0x03, 0x87, 0x30, 0x8C, 0x1C, 0x04, 0x0A, 0x1A, 0x81, 0x2D, 0x11, 0x04, 0x41, 0x01, 0x82, 0x13,
0x13, 0x1C, 0x24, 0x5D, 0x7A, 0x88, 0x35, 0x23, 0x11, 0x1C, 0x28, 0x0F, 0x0F, 0x13, 0x20, 0x0A,
0x26, 0x32, 0x80, 0x25, 0x05, 0x55, 0x01, 0x88, 0x0F, 0x0F, 0x20, 0x23, 0x68, 0x1C, 0x2C, 0x1C,
0x2B, 0x04, 0x37, 0x10, 0x84, 0x30, 0x0B, 0x65, 0x29, 0x2E, 0x04, 0x52, 0x1E, 0x80, 0x82, 0x05,
0x1B, 0x0F, 0x05, 0x05, 0x00, 0x05, 0x05, 0x00, 0x85, 0x6B, 0xAE, 0x65, 0x65, 0x0B, 0x65, 0x04,
0xB2, 0x35, 0x80, 0x10, 0x04, 0x3C, 0x06, 0x04, 0x1B, 0x02, 0x84, 0x10, 0x08, 0x0E, 0x10, 0x3F,
0x07, 0xED, 0x10, 0x89, 0x0A, 0x09, 0x09, 0xB6, 0x0D, 0x3A, 0x22, 0x03, 0x03, 0x21, 0x13, 0x40,
0x01, 0x86, 0x01, 0x02, 0x02, 0x15, 0x15, 0x01, 0x2C, 0x04, 0x07, 0x2B, 0x83, 0x11, 0x32, 0x69,
0x3D, 0x1A, 0x93, 0x07, 0x83, 0x69, 0x11, 0x03, 0x1B, 0x05, 0x8D, 0x06, 0x83, 0x3F, 0x3F, 0x3F,
0x43, 0x04, 0x9D, 0x10, 0x04, 0x1A, 0x04, 0x83, 0x08, 0x10, 0x10, 0x0D, 0x04, 0x0A, 0x01, 0x81,
0x06, 0x06, 0x04, 0x8A, 0x02, 0x81, 0x08, 0x09, 0x04, 0x57, 0x0B, 0x05, 0x82, 0x00, 0x04, 0x1B,
0x00, 0x04, 0x80, 0x0A, 0x8D, 0x0D, 0x10, 0x08, 0x3F, 0x08, 0x0E, 0x3F, 0x3F, 0x0E, 0x08, 0x3F,
0x3D, 0x3D, 0x1B, 0x06, 0x5C, 0x0B, 0x05, 0x58, 0x04, 0x05, 0x03, 0x05, 0x04, 0x87, 0x0B, 0x81,
0x09, 0x43, 0x06, 0x4D, 0x1F, 0x05, 0x12, 0x14, 0x84, 0x56, 0x11, 0x13, 0x23, 0x1C, 0x04, 0xB6,
0x1D, 0x80, 0x0F, 0x07, 0x3F, 0x01, 0x04, 0x85, 0x02, 0x0F, 0xEF, 0x72, 0x88, 0x28, 0x2D, 0x23,
0x23, 0x96, 0x93, 0x1C, 0x23, 0x20, 0x06, 0x5B, 0x15, 0x09, 0xD3, 0x08, 0x80, 0x20, 0x05, 0x9C,
0x0C, 0x81, 0x1C, 0x2D, 0x06, 0xCB, 0x1C, 0x87, 0x13, 0x2B, 0x2B, 0x23, 0x20, 0x2C, 0x28, 0x2B,
0x04, 0x00, 0x4A, 0x82, 0x35, 0x28, 0x2D, 0x04, 0x5F, 0x1A, 0x80, 0x62, 0x05, 0xBB, 0x08, 0x81,
0x29, 0xB0, 0x08, 0x51, 0x3C, 0x0E, 0x7A, 0x0C, 0x84, 0x55, 0x03, 0x17, 0x0D, 0x10, 0x07, 0xB6,
0x08, 0x04, 0xF7, 0x09, 0x04, 0x3C, 0x06, 0x04, 0x0C, 0x00, 0x04, 0x41, 0x06, 0x81, 0x0E, 0x0A,
0x06, 0xC1, 0x2C, 0x12, 0x7D, 0x02, 0x08, 0x0B, 0x05, 0x86, 0x15, 0x01, 0x25, 0x76, 0x2C, 0x55,
0x5A, 0x05, 0x1F, 0x13, 0x99, 0x33, 0x1C, 0x49, 0xA9, 0xA9, 0x1E, 0x72, 0x3D, 0x3D, 0x3D, 0x3D,
0x72, 0x69, 0x69, 0x69, 0x69, 0x69, 0x69, 0x1E, 0x1E, 0x1E, 0xA5, 0x03, 0x11, 0x23, 0x83, 0x05,
0xCA, 0x0A, 0x88, 0x50, 0x49, 0x22, 0x17, 0x1B, 0x06, 0x43, 0x63, 0x3F, 0x05, 0xF8, 0x04, 0x04,
0x69, 0x07, 0x06, 0xE7, 0x04, 0x80, 0x63, 0x06, 0x94, 0x03, 0x82, 0x0E, 0x0E, 0x0D, 0x04, 0x43,
0x01, 0x05, 0xD1, 0x03, 0x05, 0x87, 0x05, 0x8A, 0x10, 0x10, 0x3F, 0x0E, 0x0E, 0x3F, 0x3F, 0x3F,
0x56, 0x56, 0x1B, 0x04, 0x2F, 0x00, 0x04, 0x82, 0x16, 0x04, 0x47, 0x01, 0x80, 0x0D, 0x07, 0xF1,
0x08, 0x81, 0x43, 0x09, 0x04, 0x2F, 0x19, 0x90, 0x0E, 0x1B, 0x0E, 0x0E, 0x1B, 0x0A, 0x0A, 0x27,
0x33, 0x03, 0x11, 0x68, 0x15, 0x15, 0x15, 0x68, 0x5A, 0x05, 0xC0, 0x03, 0x07, 0x42, 0x01, 0x0B,
0x02, 0x1C, 0x8E, 0x0F, 0x20, 0x1C, 0x20, 0x28, 0x2B, 0x2B, 0x28, 0x28, 0x28, 0x2B, 0x2C, 0x2D,
0x1C, 0x23, 0x0C, 0x16, 0x05, 0x89, 0x15, 0x35, 0x13, 0x1C, 0x2C, 0x0F, 0x28, 0x2D, 0x1C, 0x23,
0x04, 0x00, 0x19, 0x83, 0x11, 0x2B, 0x0F, 0x28, 0x04, 0xB3, 0x11, 0x04, 0xEB, 0x0D, 0x81, 0x2B,
0x68, 0x05, 0xBF, 0x6C, 0x80, 0x36, 0x05, 0x40, 0x01, 0x83, 0x2E, 0x29, 0x80, 0x03, 0x0B, 0xEC,
0x1D, 0x08, 0x08, 0x00, 0x85, 0x28, 0x03, 0x50, 0x0E, 0x0D, 0x10, 0x05, 0xD8, 0x0F, 0x07, 0xF8,
0x0E, 0x80, 0x3F, 0x06, 0xEC, 0x05, 0x04, 0x08, 0x00, 0x87, 0x0D, 0x1A, 0x03, 0x03, 0x13, 0x03,
0x11, 0x73, 0x15, 0x3A, 0x01, 0x07, 0x88, 0x02, 0x04, 0xB2, 0x29, 0x83, 0x2A, 0x35, 0x3B, 0x23,
0x07, 0x73, 0x3B, 0x8C, 0x11, 0x81, 0x81, 0x1C, 0x3C, 0x1C, 0x81, 0x33, 0x33, 0x33, 0x33, 0x33,
0x33, 0x05, 0xC1, 0x0A, 0x84, 0x2C, 0x25, 0x73, 0x0F, 0x2C, 0x06, 0xB0, 0x1E, 0x85, 0x33, 0x50,
0x3C, 0x0E, 0x0A, 0x0A, 0x06, 0x97, 0x08, 0x04, 0x12, 0x01, 0x07, 0x29, 0x06, 0x05, 0xBF, 0x03,
0x83, 0x0E, 0x08, 0x0D, 0x0A, 0x05, 0x99, 0x0C, 0x80, 0x0D, 0x05, 0x3F, 0x01, 0x06, 0x5E, 0x06,
0x87, 0x0E, 0x0E, 0x0E, 0x10, 0x56, 0x56, 0x1B, 0x09, 0x05, 0x0E, 0x00, 0x05, 0x1D, 0x00, 0x06,
0x17, 0x00, 0x80, 0x08, 0x04, 0x78, 0x10, 0x04, 0x29, 0x08, 0x80, 0x0E, 0x05, 0x3F, 0x01, 0x82,
0x09, 0x0A, 0x1A, 0x06, 0x38, 0x43, 0x04, 0xB7, 0x68, 0x0B, 0x41, 0x01, 0x07, 0xD4, 0x04, 0x87,
0x15, 0x20, 0x03, 0x0F, 0x0F, 0x35, 0x25, 0x25, 0x0B, 0x76, 0x1B, 0x05, 0xF6, 0x04, 0x0C, 0x5B,
0x56, 0x8E, 0x11, 0x23, 0x0F, 0x0F, 0x0F, 0x2C, 0x1C, 0x03, 0x25, 0x01, 0x2A, 0x13, 0x23, 0x2B,
0x0F, 0x04, 0xFF, 0x03, 0x89, 0x25, 0x13, 0x0F, 0x20, 0x80, 0x03, 0x1C, 0x20, 0x03, 0xAF, 0x05,
0x40, 0x01, 0x81, 0x1D, 0xAF, 0x0A, 0x53, 0x41, 0x0C, 0xF3, 0x1D, 0x81, 0x0E, 0x09, 0x04, 0xD0,
0x0F, 0x07, 0x82, 0x02, 0x05, 0x9E, 0x04, 0x80, 0x3F, 0x05, 0x90, 0x02, 0x89, 0x43, 0xB6, 0x1A,
0x03, 0x03, 0x39, 0x25, 0x25, 0x03, 0x1C, 0x0E, 0xBF, 0x08, 0x19, 0x8D, 0x02, 0x07, 0x21, 0x0A,
0x8C, 0x53, 0x20, 0x39, 0x1C, 0x39, 0x20, 0x21, 0x2C, 0x2C, 0x2C, 0x2C, 0x35, 0x25, 0x05, 0xE9,
0x03, 0x09, 0x1D, 0x00, 0x80, 0x2B, 0x05, 0x54, 0x0D, 0x83, 0x3C, 0x37, 0x3A, 0x17, 0x04, 0x63,
0x0C, 0x80, 0x0D, 0x04, 0x2E, 0x09, 0x05, 0x04, 0x05, 0x06, 0xEC, 0x0E, 0x04, 0x26, 0x06, 0x80,
0x09, 0x04, 0x57, 0x01, 0x04, 0x00, 0x0D, 0x04, 0x0D, 0x08, 0x05, 0x87, 0x05, 0x87, 0x10, 0x56,
0x56, 0x3A, 0x10, 0x0E, 0x09, 0x0E, 0x04, 0x84, 0x39, 0x83, 0x10, 0x26, 0x10, 0x0A, 0x05, 0x07,
0x0A, 0x06, 0x40, 0x01, 0x05, 0x14, 0x05, 0x04, 0x26, 0x03, 0x82, 0x09, 0x06, 0x1B, 0x06, 0xAE,
0x03, 0x81, 0x25, 0x23, 0x0C, 0x40, 0x01, 0x80, 0x11, 0x07, 0x01, 0x26, 0x80, 0x1C, 0x04, 0xD4,
0x04, 0x88, 0x35, 0x35, 0x2C, 0x23, 0x96, 0x1C, 0x1C, 0x20, 0x7B, 0x06, 0x41, 0x01, 0x10, 0xDE,
0x58, 0x81, 0x2A, 0x23, 0x04, 0x0A, 0x05, 0x88, 0x35, 0x28, 0x11, 0x1C, 0x28, 0x01, 0x35, 0x23,
0x13, 0x04, 0xB5, 0x2D, 0x8A, 0x2A, 0x51, 0x0F, 0x20, 0x6E, 0x03, 0x13, 0x0F, 0x03, 0x55, 0xC5,
0x05, 0x58, 0x10, 0x83, 0x2E, 0x03, 0x03, 0x2C, 0x09, 0x63, 0x37, 0x07, 0x07, 0x00, 0x82, 0x87,
0x03, 0x03, 0x05, 0x3B, 0x0B, 0x04, 0x37, 0x06, 0x06, 0x55, 0x17, 0x04, 0xA8, 0x04, 0x05, 0x96,
0x00, 0x82, 0x09, 0x10, 0x33, 0x04, 0x45, 0x69, 0x82, 0x0F, 0x03, 0x2C, 0x2C, 0x40, 0x01, 0x80,
0x02, 0x0D, 0xD5, 0x2E, 0x11, 0x1B, 0x00, 0x80, 0x15, 0x05, 0xA7, 0x02, 0x82, 0x33, 0x1F, 0x17,
0x04, 0xA2, 0x12, 0x80, 0x0A, 0x07, 0x3F, 0x01, 0x05, 0x2D, 0x06, 0x09, 0x3C, 0x15, 0x04, 0xA9,
0x08, 0x80, 0x10, 0x05, 0x40, 0x01, 0x80, 0x08, 0x04, 0xC8, 0x01, 0x04, 0x40, 0x01, 0x06, 0x9F,
0x02, 0x07, 0xDF, 0x08, 0x81, 0x09, 0x09, 0x05, 0x5D, 0x15, 0x06, 0xEF, 0x01, 0x82, 0x0E, 0x0E,
0x06, 0x05, 0x55, 0x0A, 0x80, 0x0A, 0x07, 0xF8, 0x46, 0x81, 0x15, 0x0F, 0x07, 0x41, 0x01, 0x83,
0x03, 0x1C, 0x20, 0x0F, 0x07, 0x13, 0x00, 0x80, 0x2C, 0x04, 0x9C, 0x03, 0x81, 0x2B, 0x0F, 0x04,
0xC6, 0x12, 0x04, 0x3A, 0x01, 0x82, 0x2B, 0x2D, 0x13, 0x05, 0x34, 0x1A, 0x80, 0x20, 0x10, 0x61,
0x6B, 0x81, 0x15, 0x28, 0x06, 0x9D, 0x1B, 0x82, 0x1C, 0x13, 0x20, 0x05, 0xBF, 0x07, 0x8A, 0x2A,
0x11, 0x0F, 0x20, 0x77, 0x03, 0x11, 0xB5, 0x03, 0x03, 0x94, 0x04, 0xD3, 0x25, 0x81, 0x2E, 0x86,
0x04, 0x94, 0x24, 0x07, 0x19, 0x2C, 0x05, 0xA3, 0x16, 0x83, 0x29, 0x29, 0x29, 0x03, 0x04, 0xF7,
0x13, 0x08, 0xD7, 0x15, 0x06, 0x62, 0x0D, 0x82, 0x3F, 0x0E, 0x09, 0x04, 0xC3, 0x03, 0x8A, 0x09,
0x0E, 0x17, 0x03, 0x03, 0x35, 0x02, 0x01, 0x20, 0x11, 0x15, 0x0D, 0xBD, 0x08, 0x1D, 0x3C, 0x01,
0x80, 0x4A, 0x06, 0x2B, 0x00, 0x04, 0x07, 0x00, 0x80, 0x4A, 0x08, 0x0D, 0x00, 0x0E, 0x21, 0x00,
0x83, 0x02, 0x15, 0x15, 0x2C, 0x04, 0xB9, 0x07, 0x80, 0x3C, 0x05, 0x83, 0x02, 0x07, 0x73, 0x07,
0x05, 0xCC, 0x08, 0x05, 0xB6, 0x03, 0x04, 0x05, 0x08, 0x04, 0x97, 0x02, 0x81, 0x10, 0x26, 0x04,
0x8E, 0x05, 0x05, 0xDD, 0x03, 0x05, 0x40, 0x01, 0x05, 0xAD, 0x03, 0x06, 0xA9, 0x0C, 0x80, 0x09,
0x05, 0x8E, 0x07, 0x06, 0xE5, 0x15, 0x04, 0x16, 0x00, 0x05, 0x19, 0x14, 0x80, 0x0A, 0x05, 0x5B,
0x57, 0x83, 0x15, 0x15, 0x62, 0x55, 0x07, 0x41, 0x06, 0x80, 0x11, 0x09, 0x81, 0x07, 0x82, 0x28,
0x23, 0x1C, 0x04, 0x76, 0x1B, 0x0B, 0xBD, 0x03, 0x81, 0x2B, 0x20, 0x04, 0x49, 0x1A, 0x81, 0x0F,
0x2C, 0x11, 0x4C, 0x29, 0x83, 0x0F, 0x20, 0x13, 0x2C, 0x05, 0x20, 0x00, 0x82, 0x1C, 0x2C, 0x2A,
0x04, 0xA8, 0x0C, 0x88, 0x0F, 0x23, 0x80, 0x03, 0x11, 0x53, 0x6E, 0x03, 0x6E, 0x04, 0x7E, 0x02,
0x87, 0x6B, 0x65, 0x13, 0x03, 0x03, 0x8D, 0xC6, 0x29, 0x04, 0x33, 0x10, 0x05, 0xA3, 0x16, 0x85,
0x29, 0x29, 0x2E, 0xB5, 0x03, 0x3C, 0x07, 0x5D, 0x1D, 0x07, 0x75, 0x16, 0x04, 0xBD, 0x03, 0x04,
0x3C, 0x0D, 0x84, 0x0E, 0x09, 0x0E, 0x1B, 0x50, 0x04, 0xF9, 0x09, 0x82, 0x15, 0x51, 0x23, 0x2E,
0x7F, 0x02, 0x23, 0xA1, 0x02, 0x87, 0x25, 0x28, 0x20, 0x03, 0x03, 0x33, 0x17, 0x17, 0x04, 0x28,
0x1A, 0x05, 0x69, 0x0C, 0x04, 0x7A, 0x11, 0x06, 0x1B, 0x0F, 0x83, 0x10, 0x0D, 0x0D, 0x10, 0x04,
0xB5, 0x03, 0x81, 0x10, 0x26, 0x05, 0x81, 0x02, 0x04, 0x28, 0x01, 0x05, 0xC0, 0x03, 0x04, 0x92,
0x00, 0x80, 0x06, 0x05, 0x43, 0x01, 0x05, 0x73, 0x0B, 0x06, 0x66, 0x0B, 0x05, 0x7D, 0x10, 0x04,
0xF7, 0x06, 0x84, 0x09, 0x09, 0x1B, 0x33, 0x25, 0x05, 0xB2, 0x63, 0x04, 0xAB, 0x38, 0x08, 0xBF,
0x03, 0x06, 0x25, 0x06, 0x80, 0x20, 0x05, 0x33, 0x10, 0x05, 0xAE, 0x21, 0x80, 0x7E, 0x08, 0x84,
0x02, 0x83, 0x35, 0x0F, 0x2B, 0x13, 0x04, 0xF0, 0x04, 0x09, 0xD9, 0x1C, 0x05, 0x7A, 0x07, 0x80,
0x1C, 0x04, 0x76, 0x02, 0x81, 0x25, 0x2C, 0x04, 0xBC, 0x1B, 0x92, 0x0F, 0x0F, 0x28, 0x23, 0x20,
0x0F, 0x13, 0x0F, 0x11, 0x8D, 0x03, 0x03, 0x78, 0x2E, 0x77, 0x03, 0x4C, 0x6B, 0x7C, 0x04, 0x04,
0x2C, 0x83, 0x11, 0x03, 0x03, 0x7D, 0x06, 0xE2, 0x2F, 0x04, 0xD1, 0x03, 0x85, 0x7D, 0x29, 0xA2,
0x03, 0x37, 0x0A, 0x05, 0x7F, 0x00, 0x07, 0x70, 0x16, 0x08, 0x86, 0x02, 0x04, 0x1B, 0x03, 0x89,
0x17, 0x11, 0x03, 0x35, 0x02, 0x02, 0x4A, 0x0F, 0x11, 0x02, 0x2B, 0x80, 0x02, 0x26, 0xE0, 0x03,
0x83, 0x4A, 0x02, 0x01, 0x25, 0x04, 0xC0, 0x1A, 0x81, 0x33, 0x0D, 0x06, 0x4D, 0x07, 0x07, 0x90,
0x03, 0x0A, 0xB3, 0x0D, 0x04, 0x50, 0x01, 0x06, 0xC1, 0x12, 0x80, 0x0D, 0x04, 0x40, 0x01, 0x04,
0xC0, 0x0D, 0x05, 0x31, 0x01, 0x06, 0x07, 0x0F, 0x04, 0x08, 0x00, 0x09, 0x6E, 0x1A, 0x04, 0x78,
0x01, 0x04, 0x9F, 0x0C, 0x80, 0x03, 0x04, 0x3D, 0x07, 0x81, 0x28, 0x51, 0x0D, 0x3E, 0x06, 0x05,
0x46, 0x0B, 0x81, 0x03, 0x23, 0x04, 0x34, 0x01, 0x83, 0x28, 0x1C, 0x03, 0x1C, 0x04, 0x42, 0x06,
0x82, 0x2B, 0x20, 0x11, 0x04, 0x78, 0x0C, 0x04, 0x22, 0x01, 0x83, 0x13, 0x28, 0x0F, 0x2B, 0x0C,
0x83, 0x75, 0x84, 0x23, 0x28, 0x2D, 0x13, 0x11, 0x04, 0xF5, 0x17, 0x83, 0x15, 0x28, 0x13, 0x11,
0x04, 0x24, 0x00, 0x84, 0x28, 0x2C, 0x28, 0x03, 0x78, 0x04, 0xBD, 0x03, 0x83, 0x29, 0x03, 0x23,
0x13, 0x06, 0x3B, 0x06, 0x82, 0x13, 0x03, 0xAF, 0x04, 0x78, 0x02, 0x04, 0xC8, 0x0D, 0x85, 0x2E,
0x7D, 0x2E, 0x51, 0x03, 0x11, 0x05, 0xB6, 0x08, 0x80, 0x0D, 0x05, 0x75, 0x16, 0x07, 0x59, 0x0E,
0x81, 0x0E, 0x43, 0x05, 0x64, 0x0D, 0x04, 0x7A, 0x07, 0x04, 0x63, 0x07, 0x80, 0x39, 0x0B, 0x3D,
0x10, 0x40, 0x4D, 0x47, 0x01, 0x04, 0xD0, 0x5B, 0x81, 0x03, 0x5A, 0x04, 0xF0, 0x25, 0x80, 0x10,
0x04, 0x48, 0x10, 0x06, 0x14, 0x14, 0x04, 0xFA, 0x04, 0x05, 0xB6, 0x03, 0x05, 0x84, 0x02, 0x06,
0x4C, 0x10, 0x82, 0x56, 0x56, 0x3A, 0x09, 0x72, 0x02, 0x07, 0x68, 0x01, 0x05, 0xCA, 0x03, 0x07,
0x64, 0x15, 0x07, 0x35, 0x05, 0x80, 0x5A, 0x04, 0x78, 0x49, 0x80, 0x15, 0x0B, 0x7E, 0x02, 0x05,
0x45, 0x0B, 0x82, 0x01, 0x01, 0x0F, 0x06, 0x10, 0x0B, 0x04, 0x36, 0x01, 0x84, 0x2A, 0x25, 0x25,
0x2A, 0x0F, 0x04, 0xD6, 0x1C, 0x06, 0x41, 0x01, 0x84, 0x20, 0x13, 0x7E, 0x0F, 0x23, 0x0A, 0x65,
0x18, 0x80, 0x25, 0x04, 0xDF, 0x14, 0x82, 0x2C, 0x23, 0x23, 0x04, 0x2F, 0x1E, 0x04, 0x63, 0x10,
0x8C, 0x20, 0x28, 0x0F, 0x0F, 0x28, 0x03, 0x82, 0x03, 0x03, 0x87, 0x1D, 0x29, 0x80, 0x05, 0xCC,
0x43, 0x04, 0xE2, 0x27, 0x83, 0x11, 0xAA, 0x29, 0x7D, 0x07, 0x45, 0x10, 0x83, 0x29, 0x29, 0x03,
0x33, 0x08, 0x6C, 0x0E, 0x06, 0x5A, 0x1D, 0x0A, 0x22, 0x1B, 0x82, 0x0E, 0x3F, 0x3C, 0x05, 0xA8,
0x43, 0x82, 0x02, 0x25, 0x1C, 0x40, 0x58, 0x40, 0x01, 0x84, 0x02, 0x01, 0x73, 0x1C, 0x03, 0x04,
0xB7, 0x15, 0x05, 0xAC, 0x10, 0x05, 0xE1, 0x09, 0x04, 0x30, 0x06, 0x81, 0x26, 0x10, 0x04, 0xAD,
0x03, 0x06, 0x1F, 0x06, 0x06, 0x10, 0x05, 0x04, 0xC0, 0x03, 0x09, 0x60, 0x06, 0x05, 0x69, 0x15,
0x08, 0x63, 0x1F, 0x09, 0x3E, 0x01, 0x04, 0x12, 0x0E, 0x84, 0x3C, 0x03, 0x2D, 0x35, 0x28, 0x08,
0x7E, 0x07, 0x06, 0x90, 0x5A, 0x83, 0x13, 0x28, 0x01, 0x35, 0x05, 0xBD, 0x03, 0x87, 0x96, 0x13,
0x0F, 0x2B, 0x2D, 0x23, 0x20, 0x2D, 0x05, 0xD2, 0x1C, 0x04, 0x0C, 0x19, 0x06, 0x10, 0x05, 0x82,
0x23, 0x0F, 0x0F, 0x05, 0x66, 0x1A, 0x06, 0xF9, 0x4A, 0x04, 0x06, 0x23, 0x86, 0x11, 0x11, 0x11,
0x23, 0x20, 0x1C, 0x23, 0x04, 0xFE, 0x04, 0x8E, 0x01, 0x2A, 0x2C, 0x13, 0x13, 0x53, 0x29, 0x03,
0x03, 0x93, 0x29, 0x94, 0x77, 0x1C, 0x0F, 0x07, 0xA1, 0x15, 0x81, 0x0F, 0x51, 0x05, 0xCD, 0x08,
0x04, 0x3F, 0x01, 0x80, 0xAA, 0x04, 0xCF, 0x2D, 0x07, 0xD5, 0x19, 0x05, 0xF8, 0x0E, 0x07, 0x43,
0x01, 0x81, 0x0E, 0x3F, 0x04, 0x2A, 0x0D, 0x89, 0x03, 0x03, 0x53, 0x15, 0x15, 0x15, 0x02, 0x35,
0x11, 0x03, 0x14, 0x07, 0x06, 0x3E, 0x3A, 0x01, 0x07, 0x51, 0x00, 0x88, 0x4A, 0x02, 0x62, 0x21,
0x11, 0x03, 0x50, 0x17, 0x0D, 0x04, 0xEE, 0x04, 0x80, 0x26, 0x07, 0x71, 0x02, 0x05, 0xB8, 0x0D,
0x05, 0x1F, 0x01, 0x81, 0x10, 0x10, 0x05, 0x49, 0x15, 0x82, 0x0D, 0x27, 0x27, 0x08, 0x40, 0x01,
0x06, 0xD6, 0x03, 0x81, 0x0D, 0x0D, 0x08, 0x6B, 0x15, 0x05, 0x2A, 0x00, 0x07, 0x4A, 0x0A, 0x80,
0x3A, 0x04, 0x9A, 0x14, 0x81, 0x11, 0x83, 0x0A, 0x7C, 0x02, 0x81, 0x28, 0x2B, 0x04, 0x4A, 0x02,
0x81, 0x20, 0x96, 0x04, 0x28, 0x01, 0x8B, 0x13, 0x0F, 0x13, 0x13, 0x1C, 0x20, 0x2C, 0x2D, 0x20,
0x1C, 0x13, 0x1C, 0x05, 0x41, 0x06, 0x80, 0x89, 0x06, 0x11, 0x05, 0x80, 0x8C, 0x0A, 0x44, 0x06,
0x04, 0x5C, 0x43, 0x81, 0x03, 0x13, 0x04, 0xB5, 0x16, 0x80, 0x11, 0x04, 0x7B, 0x1A, 0x05, 0x1F,
0x14, 0x88, 0x20, 0x62, 0x2A, 0x0B, 0x13, 0x03, 0x80, 0x8D, 0x77, 0x07, 0x46, 0x15, 0x04, 0x6F,
0x0C, 0x81, 0x51, 0xAF, 0x06, 0x9F, 0x16, 0x81, 0x29, 0x80, 0x05, 0x95, 0x18, 0x04, 0x3A, 0x01,
0x05, 0x05, 0x00, 0x04, 0x76, 0x0E, 0x06, 0x38, 0x06, 0x89, 0x10, 0x10, 0x3F, 0x3F, 0x0E, 0x0A,
0x03, 0x51, 0x62, 0x15, 0x04, 0xB4, 0x17, 0x81, 0x03, 0x13, 0x40, 0x52, 0x40, 0x01, 0x0B, 0x0B,
0x00, 0x04, 0x0E, 0x4A, 0x85, 0x17, 0x0D, 0x10, 0x3E, 0x26, 0x3E, 0x07, 0xFA, 0x04, 0x80, 0x0E,
0x06, 0xC2, 0x03, 0x05, 0x47, 0x1F, 0x80, 0x26, 0x05, 0x00, 0x0F, 0x82, 0x27, 0x27, 0x3A, 0x05,
0x5D, 0x01, 0x80, 0x3F, 0x04, 0x94, 0x0F, 0x04, 0x81, 0x0C, 0x81, 0x0D, 0x26, 0x04, 0xFD, 0x12,
0x06, 0xE0, 0x17, 0x80, 0x08, 0x04, 0x39, 0x12, 0x04, 0x09, 0x00, 0x04, 0x6F, 0x02, 0x0E, 0xFD,
0x04, 0x04, 0xE1, 0x09, 0x80, 0x2B, 0x04, 0x26, 0x06, 0x82, 0x28, 0x2D, 0x11, 0x05, 0x36, 0x01,
0x07, 0x7D, 0x07, 0x05, 0x43, 0x01, 0x80, 0x89, 0x04, 0x68, 0x07, 0x83, 0x0F, 0x11, 0x28, 0x0F,
0x07, 0x67, 0x1D, 0x82, 0x2A, 0x13, 0x28, 0x04, 0x7D, 0x02, 0x05, 0x41, 0x01, 0x05, 0x2F, 0x37,
0x83, 0x1C, 0x15, 0x01, 0x28, 0x04, 0xF4, 0x18, 0x04, 0x7B, 0x2E, 0x08, 0x4B, 0x50, 0x84, 0x0B,
0x0B, 0x79, 0x55, 0x23, 0x05, 0x89, 0x02, 0x83, 0x2A, 0x2D, 0x03, 0x11, 0x04, 0x32, 0x01, 0x06,
0x3B, 0x01, 0x05, 0x53, 0x12, 0x04, 0x43, 0x01, 0x04, 0xFB, 0x04, 0x05, 0x36, 0x21, 0x81, 0x0E,
0x22, 0x04, 0x3B, 0x6E, 0x83, 0x02, 0x02, 0x02, 0x20, 0x30, 0xFE, 0x09, 0x21, 0xF7, 0x04, 0x86,
0x35, 0x11, 0x35, 0x15, 0x15, 0x02, 0x4A, 0x05, 0xE3, 0x08, 0x87, 0x15, 0x02, 0x01, 0x30, 0x36,
0x03, 0x03, 0x1A, 0x06, 0x34, 0x01, 0x84, 0x26, 0x10, 0x10, 0x0D, 0x26, 0x04, 0xFD, 0x18, 0x05,
0x4A, 0x01, 0x88, 0x3F, 0x09, 0x08, 0x26, 0x26, 0x10, 0x26, 0x26, 0x26, 0x08, 0x40, 0x01, 0x05,
0x4D, 0x01, 0x80, 0x09, 0x06, 0x73, 0x02, 0x07, 0x5F, 0x10, 0x80, 0x26, 0x04, 0xA4, 0x02, 0x05,
0x7B, 0x13, 0x82, 0x0D, 0x1C, 0x13, 0x0B, 0x40, 0x01, 0x05, 0x4D, 0x01, 0x04, 0x40, 0x01, 0x05,
0x5F, 0x25, 0x82, 0x20, 0x11, 0x20, 0x0D, 0xBF, 0x08, 0x04, 0x41, 0x06, 0x05, 0x0B, 0x23, 0x82,
0x0F, 0x23, 0x23, 0x09, 0x40, 0x01, 0x82, 0x1C, 0x1C, 0x1C, 0x04, 0x41, 0x01, 0x81, 0x1C, 0x20,
0x04, 0xD2, 0x0F, 0x86, 0x03, 0x03, 0x1C, 0x2B, 0x01, 0x15, 0x55, 0x04, 0x76, 0x02, 0x04, 0xD6,
0x03, 0x80, 0x78, 0x09, 0x0F, 0x36, 0x82, 0x2C, 0x03, 0x2B, 0x04, 0x76, 0x20, 0x84, 0x30, 0x6E,
0x03, 0x03, 0x1B, 0x04, 0x06, 0x17, 0x05, 0x3E, 0x01, 0x09, 0x00, 0x16, 0x04, 0x59, 0x13, 0x87,
0x3F, 0x10, 0x0E, 0x08, 0x09, 0x3F, 0x0D, 0x54, 0x05, 0xFE, 0x04, 0x84, 0x02, 0x4A, 0x1C, 0x03,
0x76, 0x40, 0x4F, 0x37, 0x06, 0x84, 0x25, 0x1C, 0x03, 0x39, 0x35, 0x04, 0x9B, 0x01, 0x05, 0x21,
0x0A, 0x81, 0x01, 0x15, 0x04, 0x0C, 0x44, 0x80, 0x22, 0x04, 0x1A, 0x01, 0x80, 0x3F, 0x04, 0x6D,
0x07, 0x06, 0x55, 0x02, 0x04, 0xC7, 0x08, 0x80, 0x0D, 0x05, 0x9F, 0x0C, 0x06, 0x40, 0x01, 0x04,
0xE2, 0x03, 0x05, 0x2F, 0x01, 0x80, 0x3E, 0x05, 0x45, 0x01, 0x06, 0x19, 0x19, 0x04, 0x0E, 0x00,
0x04, 0x20, 0x00, 0x80, 0x09, 0x04, 0x2D, 0x00, 0x82, 0x33, 0x7E, 0x1C, 0x04, 0xAA, 0x2B, 0x0A,
0x41, 0x01, 0x81, 0x2A, 0x2A, 0x04, 0x83, 0x03, 0x04, 0x7F, 0x02, 0x81, 0x2D, 0x03, 0x0D, 0x3E,
0x01, 0x04, 0x12, 0x00, 0x83, 0x13, 0x2B, 0x0F, 0x2C, 0x04, 0x58, 0x06, 0x81, 0x2B, 0x13, 0x06,
0x76, 0x16, 0x06, 0xE2, 0x24, 0x81, 0x1C, 0x20, 0x04, 0x85, 0x0E, 0x80, 0x1C, 0x04, 0xF7, 0x17,
0x85, 0x2C, 0x2B, 0x01, 0x01, 0x1C, 0x28, 0x04, 0x6C, 0x0C, 0x80, 0x1C, 0x04, 0x45, 0x32, 0x82,
0x1D, 0x29, 0x29, 0x04, 0x0F, 0x36, 0x04, 0x7F, 0x33, 0x04, 0x45, 0x06, 0x83, 0x23, 0x03, 0x11,
0x22, 0x06, 0x94, 0x28, 0x07, 0x03, 0x0D, 0x80, 0x0D, 0x06, 0x13, 0x20, 0x07, 0x00, 0x05, 0x05,
0x73, 0x1B, 0x05, 0x7D, 0x07, 0x84, 0x02, 0x02, 0x03, 0x11, 0x25, 0x40, 0x50, 0x37, 0x06, 0x80,
0x15, 0x05, 0xC6, 0x0D, 0x83, 0x11, 0x23, 0x35, 0x25, 0x04, 0xA1, 0x01, 0x88, 0x02, 0x4A, 0x02,
0x25, 0x23, 0x03, 0x3C, 0x0D, 0x1B, 0x07, 0xD9, 0x0E, 0x89, 0x0D, 0x10, 0x17, 0x0D, 0x0D, 0x85,
0x17, 0x26, 0x17, 0x17, 0x05, 0xB3, 0x12, 0x81, 0x0D, 0x0D, 0x04, 0xC0, 0x03, 0x06, 0x14, 0x05,
0x08, 0x38, 0x0F, 0x07, 0x98, 0x1B, 0x81, 0x3E, 0x3E, 0x04, 0xE9, 0x1C, 0x81, 0x26, 0x3E, 0x05,
0x67, 0x06, 0x86, 0x50, 0x2B, 0x2B, 0x1C, 0x2D, 0xA7, 0x23, 0x0A, 0x41, 0x01, 0x06, 0x99, 0x08,
0x04, 0x79, 0x02, 0x0C, 0xBD, 0x03, 0x09, 0x41, 0x01, 0x81, 0x0F, 0x28, 0x04, 0x40, 0x01, 0x80,
0x28, 0x0C, 0x40, 0x01, 0x04, 0xB2, 0x16, 0x87, 0x23, 0x20, 0x11, 0x03, 0x1C, 0x11, 0x03, 0x13,
0x04, 0x28, 0x47, 0x06, 0x91, 0x25, 0x82, 0x03, 0x13, 0x53, 0x05, 0x55, 0x3C, 0x80, 0x29, 0x04,
0x06, 0x1E, 0x04, 0xA6, 0x1F, 0x80, 0x30, 0x04, 0x85, 0x33, 0x04, 0x2B, 0x12, 0x05, 0x2E, 0x01,
0x07, 0xD0, 0x19, 0x05, 0xBF, 0x19, 0x82, 0x0E, 0x09, 0x08, 0x04, 0xFB, 0x04, 0x04, 0x16, 0x00,
0x82, 0x3C, 0x03, 0x28, 0x07, 0x40, 0x01, 0x80, 0x13, 0x40, 0x53, 0xBA, 0x08, 0x80, 0x25, 0x06,
0x42, 0x01, 0x8D, 0x1C, 0x2C, 0x25, 0x01, 0x02, 0x02, 0x01, 0x4A, 0x15, 0x02, 0x2C, 0x03, 0x33,
0x45, 0x05, 0xFE, 0x69, 0x84, 0x1A, 0x22, 0x3C, 0x3C, 0x50, 0x06, 0x7C, 0x10, 0x84, 0x50, 0x50,
0x45, 0x17, 0x26, 0x04, 0x1E, 0x06, 0x07, 0x40, 0x01, 0x80, 0x09, 0x04, 0xE5, 0x12, 0x05, 0x91,
0x0C, 0x06, 0x64, 0x06, 0x88, 0x3E, 0x10, 0x08, 0x3E, 0x3E, 0x3E, 0x0D, 0x26, 0x26, 0x04, 0x0B,
0x05, 0x8A, 0x26, 0x26, 0x45, 0x11, 0x11, 0x28, 0x0F, 0x20, 0x2D, 0x2A, 0x2A, 0x08, 0x42, 0x0B,
0x04, 0x43, 0x07, 0x84, 0x15, 0x2C, 0x0F, 0x0F, 0x1C, 0x04, 0x84, 0x02, 0x05, 0x76, 0x7B, 0x82,
0x13, 0x03, 0x11, 0x07, 0x2E, 0x29, 0x83, 0x0F, 0x0F, 0x20, 0x0F, 0x05, 0x56, 0x01, 0x81, 0x13,
0x2D, 0x0F, 0x67, 0x27, 0x81, 0x25, 0x1C, 0x04, 0x81, 0x07, 0x04, 0x56, 0x01, 0x80, 0x52, 0x04,
0x1A, 0x2E, 0x84, 0x23, 0x03, 0x23, 0x30, 0x65, 0x05, 0xD5, 0x1C, 0x04, 0x85, 0x33, 0x83, 0x13,
0x2A, 0x30, 0x79, 0x04, 0xDB, 0x07, 0x81, 0x1A, 0x1B, 0x05, 0x65, 0x16, 0x04, 0xAD, 0x1C, 0x08,
0x18, 0x1B, 0x04, 0x17, 0x20, 0x04, 0x89, 0x07, 0x80, 0x3F, 0x04, 0xFE, 0x0E, 0x83, 0x3F, 0x17,
0x11, 0x03, 0x07, 0xB3, 0x17, 0x81, 0x03, 0x0F, 0x40, 0x4F, 0x3E, 0x0B, 0x09, 0x09, 0x00, 0x80,
0x34, 0x05, 0x61, 0x27, 0x83, 0x5A, 0x15, 0x15, 0x01, 0x04, 0x0B, 0x05, 0x80, 0x76, 0x09, 0xAB,
0x32, 0x85, 0x1C, 0x36, 0x2C, 0x53, 0x2B, 0x2B, 0x06, 0xDA, 0x2D, 0x81, 0x33, 0xC7, 0x06, 0xC0,
0x03, 0x06, 0x98, 0x07, 0x80, 0x0D, 0x04, 0x3B, 0x01, 0x04, 0x25, 0x1C, 0x89, 0x0E, 0x08, 0x10,
0x26, 0x3E, 0x26, 0x26, 0x26, 0x0D, 0x3E, 0x04, 0xB7, 0x07, 0x04, 0x09, 0x00, 0x8E, 0x0D, 0x10,
0x0D, 0x26, 0x47, 0x32, 0x33, 0x1C, 0x0F, 0x28, 0x1C, 0x20, 0x25, 0x25, 0x2B, 0x04, 0x87, 0x08,
0x05, 0xFD, 0x0E, 0x80, 0x20, 0x04, 0x17, 0x24, 0x83, 0x0F, 0x0F, 0x20, 0x03, 0x08, 0x34, 0x2E,
0x80, 0x2D, 0x07, 0x43, 0x01, 0x81, 0x13, 0x8C, 0x06, 0x40, 0x01, 0x80, 0x11, 0x13, 0x16, 0x3C,
0x80, 0x2B, 0x04, 0x3B, 0x14, 0x86, 0x15, 0x13, 0x30, 0x0B, 0x62, 0x03, 0x11, 0x04, 0xDD, 0x31,
0x80, 0x86, 0x05, 0x14, 0x27, 0x05, 0xDD, 0x16, 0x84, 0x03, 0x03, 0x11, 0x33, 0x1A, 0x04, 0x3A,
0x01, 0x07, 0xF8, 0x1A, 0x05, 0xFF, 0x0B, 0x07, 0x12, 0x12, 0x08, 0x08, 0x00, 0x84, 0x08, 0x3F,
0x08, 0x6F, 0x03, 0x06, 0xB3, 0x1C, 0x82, 0x15, 0x35, 0x13, 0x40, 0x50, 0xBF, 0x03, 0x0E, 0x8A,
0x02, 0x83, 0x23, 0x03, 0x13, 0x2A, 0x05, 0x4C, 0x06, 0x04, 0x6E, 0x13, 0x83, 0x5A, 0x03, 0x13,
0x28, 0x0A, 0xAA, 0x15, 0x8B, 0x4A, 0x4A, 0x02, 0x73, 0x13, 0x03, 0x22, 0x0D, 0x08, 0x27, 0x27,
0x1E, 0x06, 0xB0, 0x03, 0x04, 0x04, 0x05, 0x05, 0x20, 0x0F, 0x80, 0x08, 0x06, 0x40, 0x01, 0x82,
0x3E, 0x3E, 0x26, 0x04, 0x2C, 0x1E, 0x82, 0x26, 0x3E, 0x26, 0x04, 0x93, 0x07, 0x8A, 0x10, 0x3E,
0x26, 0x17, 0x49, 0x20, 0x28, 0x35, 0x20, 0x13, 0x23, 0x04, 0xA0, 0x0D, 0x06, 0xC0, 0x03, 0x81,
0x1C, 0x7E, 0x04, 0x40, 0x0B, 0x04, 0xC4, 0x3F, 0x80, 0x0F, 0x06, 0xFB, 0x09, 0x82, 0x0F, 0x7E,
0x89, 0x05, 0x4D, 0x06, 0x81, 0x23, 0x2D, 0x06, 0x40, 0x01, 0x08, 0xDD, 0x42, 0x84, 0x25, 0x2B,
0x20, 0x0F, 0x2A, 0x08, 0xFA, 0x6D, 0x89, 0x15, 0x2A, 0x01, 0x01, 0x28, 0x13, 0x30, 0x62, 0x13,
0x11, 0x05, 0x75, 0x2E, 0x85, 0x0B, 0x6B, 0x29, 0x2E, 0x29, 0x82, 0x06, 0x9E, 0x13, 0x81, 0x3C,
0x17, 0x05, 0x27, 0x1A, 0x04, 0x2A, 0x01, 0x04, 0x60, 0x04, 0x80, 0x06, 0x08, 0x3D, 0x06, 0x05,
0xC2, 0x12, 0x07, 0x5D, 0x0E, 0x82, 0x08, 0x08, 0x50, 0x07, 0x40, 0x01, 0x83, 0x02, 0x2C, 0x23,
0x30, 0x3D, 0xE3, 0x09, 0x20, 0x27, 0x00, 0x84, 0x30, 0x1C, 0x03, 0x1C, 0x2A, 0x05, 0x2D, 0x00,
0x87, 0x01, 0x15, 0x15, 0x02, 0x1C, 0x11, 0x03, 0x11, 0x0D, 0x44, 0x00, 0x83, 0x73, 0x11, 0x33,
0x1A, 0x04, 0x80, 0x02, 0x07, 0xAE, 0x08, 0x81, 0x26, 0x3E, 0x08, 0x60, 0x06, 0x06, 0xFC, 0x09,
0x04, 0x7B, 0x02, 0x81, 0x3E, 0x3E, 0x04, 0x4B, 0x01, 0x05, 0x85, 0x02, 0x86, 0x26, 0x10, 0x10,
0x17, 0x32, 0x50, 0x2C, 0x04, 0xAD, 0x0D, 0x06, 0xE1, 0x45, 0x82, 0x01, 0x01, 0x2C, 0x05, 0xA8,
0x03, 0x87, 0x11, 0x89, 0x11, 0x2D, 0xA7, 0x2B, 0x28, 0x2D, 0x05, 0xA3, 0x12, 0x81, 0x0F, 0x28,
0x04, 0x3A, 0x01, 0x82, 0x2D, 0x13, 0x6E, 0x04, 0x40, 0x06, 0x05, 0xB0, 0x0D, 0x05, 0xDC, 0x26,
0x08, 0xB8, 0x07, 0x81, 0x20, 0x2B, 0x05, 0x78, 0x10, 0x83, 0x0F, 0x13, 0x2A, 0x13, 0x07, 0x74,
0x0C, 0x04, 0x04, 0x00, 0x83, 0x68, 0x13, 0x03, 0x22, 0x04, 0xB5, 0x03, 0x05, 0xEE, 0x10, 0x06,
0x28, 0x01, 0x05, 0xB1, 0x0F, 0x05, 0x74, 0x0E, 0x81, 0x0E, 0x09, 0x04, 0x9C, 0x18, 0x07, 0xF4,
0x0B, 0x04, 0xF5, 0x24, 0x83, 0x0D, 0x11, 0x03, 0x51, 0x06, 0xEC, 0x05, 0x83, 0x13, 0x2B, 0x01,
0x02, 0x13, 0xFB, 0x18, 0x24, 0x27, 0x06, 0x05, 0xC0, 0x07, 0x22, 0x28, 0x00, 0x80, 0x21, 0x08,
0xAB, 0x01, 0x05, 0x9B, 0x11, 0x10, 0xF2, 0x12, 0x83, 0x2A, 0x03, 0x50, 0xC7, 0x05, 0xC0, 0x03,
0x06, 0x11, 0x0A, 0x80, 0x10, 0x04, 0x78, 0x1F, 0x07, 0xF8, 0x0E, 0x04, 0x3A, 0x01, 0x85, 0x08,
0x08, 0x26, 0x26, 0x26, 0x26, 0x04, 0x04, 0x00, 0x04, 0x04, 0x00, 0x04, 0x20, 0x00, 0x83, 0x0E,
0x0D, 0x54, 0x1C, 0x04, 0x42, 0x01, 0x82, 0x20, 0x1C, 0x28, 0x05, 0xC1, 0x30, 0x80, 0x13, 0x04,
0x80, 0x02, 0x82, 0x03, 0x13, 0x28, 0x04, 0x93, 0x02, 0x83, 0x28, 0x28, 0x28, 0x13, 0x04, 0xFF,
0x13, 0x81, 0x2C, 0x7E, 0x04, 0xC8, 0x03, 0x04, 0x40, 0x06, 0x80, 0x2C, 0x09, 0x00, 0x0F, 0x0B,
0xFC, 0x08, 0x80, 0x13, 0x04, 0xE1, 0x21, 0x85, 0x20, 0x2D, 0x35, 0x03, 0x51, 0x78, 0x0B, 0x45,
0x41, 0x80, 0x03, 0x04, 0x69, 0x02, 0x80, 0x3F, 0x05, 0x25, 0x26, 0x04, 0x81, 0x1D, 0x05, 0xBA,
0x03, 0x07, 0xE1, 0x10, 0x80, 0x3F, 0x04, 0x39, 0x06, 0x08, 0xC6, 0x1E, 0x05, 0x2B, 0x03, 0x04,
0xF6, 0x48, 0x05, 0xC0, 0x00, 0x82, 0x11, 0x0F, 0x15, 0x38, 0x40, 0x01, 0x06, 0x40, 0x0A, 0x21,
0xA8, 0x02, 0x83, 0x25, 0x1C, 0x03, 0x15, 0x1A, 0x62, 0x0A, 0x86, 0x01, 0x03, 0x50, 0x26, 0x27,
0x27, 0x0D, 0x04, 0x27, 0x0B, 0x81, 0x09, 0x10, 0x05, 0xF1, 0x12, 0x06, 0x4B, 0x01, 0x86, 0x08,
0x06, 0x26, 0x3E, 0x3E, 0x47, 0x26, 0x05, 0x85, 0x07, 0x04, 0x7A, 0x02, 0x05, 0x84, 0x02, 0x05,
0xA5, 0x07, 0x04, 0x51, 0x03, 0x81, 0x47, 0x03, 0x04, 0x69, 0x02, 0x80, 0x2B, 0x04, 0x3F, 0x7A,
0x87, 0x2D, 0x13, 0x03, 0x0F, 0x2B, 0x2C, 0x35, 0x2C, 0x04, 0xCF, 0x0D, 0x89, 0x11, 0x11, 0x11,
0x2D, 0x35, 0x2B, 0x23, 0x0F, 0x28, 0x2D, 0x04, 0x12, 0x05, 0x04, 0x08, 0x05, 0x09, 0xDF, 0x2B,
0x81, 0x01, 0x15, 0x0A, 0xBB, 0x07, 0x8D, 0x13, 0x13, 0x13, 0x6E, 0x03, 0x1C, 0x13, 0x03, 0xC3,
0xC5, 0x2E, 0x2E, 0x86, 0x65, 0x05, 0x06, 0x1E, 0x83, 0x20, 0x03, 0x33, 0x0D, 0x06, 0x24, 0x01,
0x07, 0xEE, 0x1F, 0x05, 0x48, 0x01, 0x09, 0xAD, 0x1E, 0x05, 0xEF, 0x0B, 0x81, 0x0E, 0x08, 0x05,
0x7A, 0x0E, 0x05, 0xA7, 0x0A, 0x82, 0x03, 0x03, 0x68, 0x05, 0x9F, 0x04, 0x82, 0x2A, 0x03, 0x25,
0x37, 0x3F, 0x01, 0x82, 0x02, 0x02, 0x1C, 0x24, 0x3A, 0x05, 0x80, 0x15, 0x04, 0xA1, 0x10, 0x80,
0x15, 0x1A, 0xA4, 0x01, 0x82, 0x15, 0x03, 0x3C, 0x04, 0xC0, 0x03, 0x82, 0x09, 0x08, 0x10, 0x05,
0x67, 0x07, 0x05, 0x02, 0x05, 0x04, 0x7A, 0x04, 0x84, 0x0D, 0x08, 0x0D, 0x3E, 0x3E, 0x04, 0x3C,
0x01, 0x83, 0x3E, 0x47, 0x3E, 0x47, 0x04, 0x02, 0x05, 0x82, 0x26, 0x26, 0x0D, 0x05, 0x42, 0x2D,
0x05, 0x61, 0x10, 0x84, 0x0D, 0x33, 0x03, 0x03, 0x53, 0x04, 0x83, 0x12, 0x88, 0x11, 0x2A, 0x0F,
0x11, 0x13, 0x2C, 0x2C, 0x7E, 0x0F, 0x05, 0xDA, 0x0E, 0x04, 0x41, 0x01, 0x88, 0x1C, 0x0F, 0x13,
0x20, 0x28, 0x2C, 0x0F, 0x0F, 0x13, 0x05, 0xCB, 0x03, 0x06, 0xC0, 0x12, 0x86, 0x15, 0x35, 0x35,
0x35, 0x15, 0x35, 0x6E, 0x0D, 0xBE, 0x0C, 0x05, 0x4C, 0x2D, 0x06, 0xB7, 0x08, 0x04, 0xF8, 0x09,
0x84, 0x33, 0x1E, 0x08, 0x08, 0x43, 0x08, 0xA4, 0x17, 0x05, 0x6B, 0x16, 0x07, 0xF1, 0x04, 0x81,
0x0E, 0x0A, 0x08, 0x3C, 0x21, 0x08, 0x43, 0x0B, 0x04, 0x43, 0x01, 0x04, 0x39, 0x15, 0x04, 0xBE,
0x00, 0x81, 0x2B, 0x03, 0x05, 0xE3, 0x00, 0x37, 0x40, 0x01, 0x80, 0x01, 0x22, 0x05, 0x05, 0x05,
0xA1, 0x10, 0x1A, 0xE9, 0x03, 0x86, 0x01, 0x01, 0x03, 0x45, 0x10, 0x27, 0x4D, 0x05, 0xB9, 0x17,
0x04, 0x64, 0x02, 0x04, 0x2A, 0x06, 0x06, 0x0B, 0x19, 0x80, 0x0D, 0x05, 0x7B, 0x02, 0x05, 0x41,
0x0B, 0x82, 0x08, 0x3E, 0x47, 0x04, 0x4A, 0x06, 0x81, 0x0D, 0x10, 0x05, 0x09, 0x0A, 0x04, 0x65,
0x1E, 0x94, 0x0D, 0x11, 0x03, 0x68, 0x78, 0x93, 0x6E, 0x23, 0x2B, 0x0F, 0x2B, 0x23, 0x2C, 0x13,
0x11, 0x23, 0x7E, 0x35, 0x03, 0x23, 0x2D, 0x07, 0x41, 0x01, 0x82, 0x11, 0x0F, 0x23, 0x05, 0x86,
0x2F, 0x04, 0x7F, 0x02, 0x80, 0x7E, 0x05, 0x61, 0x29, 0x80, 0x1C, 0x06, 0x7A, 0x02, 0x80, 0x89,
0x09, 0x39, 0x01, 0x05, 0x3E, 0x5F, 0x80, 0x53, 0x07, 0x6C, 0x20, 0x85, 0x29, 0x65, 0x7F, 0x03,
0x03, 0x11, 0x04, 0x5D, 0x25, 0x06, 0x36, 0x13, 0x06, 0x29, 0x10, 0x07, 0xFA, 0x09, 0x06, 0xC1,
0x15, 0x05, 0xC4, 0x0D, 0x04, 0xC1, 0x17, 0x05, 0x61, 0x04, 0x04, 0x24, 0x00, 0x82, 0x03, 0x03,
0x0F, 0x04, 0x09, 0x07, 0x80, 0x01, 0x04, 0xC7, 0x08, 0x38, 0xE4, 0x09, 0x25, 0xBA, 0x07, 0x86,
0x15, 0x02, 0x73, 0x51, 0x03, 0x25, 0x02, 0x04, 0x6A, 0x01, 0x15, 0xAD, 0x16, 0x83, 0x62, 0x11,
0x1A, 0x26, 0x05, 0x40, 0x01, 0x83, 0x3E, 0x26, 0x10, 0x26, 0x04, 0x70, 0x02, 0x06, 0x93, 0x0C,
0x81, 0x0E, 0x08, 0x05, 0x3E, 0x01, 0x05, 0x3D, 0x06, 0x80, 0x3E, 0x06, 0xCC, 0x08, 0x08, 0x58,
0x06, 0x99, 0x08, 0x09, 0x10, 0x26, 0x17, 0x03, 0x03, 0x30, 0x4C, 0xC6, 0x82, 0x55, 0x51, 0x55,
0x7B, 0x0F, 0x28, 0x20, 0x03, 0x11, 0x28, 0x0F, 0x23, 0x13, 0x2C, 0x6E, 0x06, 0x3F, 0x01, 0x84,
0x03, 0x0F, 0x23, 0x03, 0x7B, 0x05, 0x7B, 0x11, 0x80, 0x0F, 0x06, 0xE4, 0x35, 0x81, 0x15, 0x20,
0x0C, 0xBA, 0x03, 0x81, 0x03, 0x03, 0x05, 0x38, 0x28, 0x82, 0x03, 0x23, 0x4C, 0x07, 0x40, 0x01,
0x85, 0x2E, 0x6B, 0x36, 0x03, 0x03, 0x1F, 0x06, 0x67, 0x07, 0x05, 0x83, 0x14, 0x08, 0xB7, 0x1A,
0x06, 0xEE, 0x18, 0x09, 0xE6, 0x33, 0x04, 0x40, 0x01, 0x04, 0xDD, 0x01, 0x05, 0x43, 0x0D, 0x04,
0xB3, 0x1C, 0x04, 0xBD, 0x12, 0x81, 0x03, 0x11, 0x39, 0xFD, 0x09, 0x82, 0x25, 0x13, 0x76, 0x25,
0x7C, 0x01, 0x85, 0x35, 0x03, 0x03, 0x1C, 0x20, 0x28, 0x0D, 0x66, 0x1A, 0x0B, 0x80, 0x02, 0x85,
0x23, 0x50, 0x85, 0x10, 0x4D, 0x27, 0x05, 0x1F, 0x0F, 0x06, 0x3E, 0x01, 0x06, 0x2A, 0x06, 0x05,
0xB2, 0x03, 0x05, 0x3E, 0x0B, 0x84, 0x47, 0x3E, 0x3E, 0x3E, 0x47, 0x04, 0x49, 0x06, 0x04, 0xC4,
0x11, 0x05, 0xFF, 0x01, 0x82, 0x10, 0x10, 0x17, 0x04, 0x4E, 0x1F, 0x05, 0xA5, 0x18, 0x83, 0x6B,
0x78, 0x80, 0x51, 0x04, 0x7F, 0x11, 0x81, 0x28, 0x0F, 0x06, 0xD1, 0x12, 0x05, 0x40, 0x01, 0x81,
0x96, 0x11, 0x06, 0x15, 0x0A, 0x81, 0x0F, 0x20, 0x06, 0x7C, 0x11, 0x81, 0x15, 0x23, 0x0B, 0x3D,
0x06, 0x05, 0xD0, 0x08, 0x80, 0x15, 0x04, 0xA4, 0x4E, 0x80, 0x8D, 0x05, 0xFC, 0x3F, 0x85, 0x29,
0xA2, 0x77, 0x03, 0x03, 0x1A, 0x05, 0x76, 0x0A, 0x06, 0x68, 0x11, 0x04, 0x58, 0x20, 0x04, 0x7B,
0x07, 0x04, 0x4E, 0x2B, 0x06, 0x8D, 0x22, 0x04, 0x48, 0x01, 0x04, 0x5A, 0x2C, 0x08, 0x4E, 0x1C,
0x85, 0x09, 0x08, 0x08, 0x03, 0x03, 0x2C, 0x04, 0x40, 0x01, 0x82, 0x21, 0x03, 0x13, 0x3B, 0x40,
0x01, 0x80, 0x20, 0x25, 0x40, 0x01, 0x80, 0x15, 0x04, 0x11, 0x0F, 0x81, 0x03, 0x11, 0x05, 0x30,
0x04, 0x11, 0x3F, 0x01, 0x87, 0x1C, 0x03, 0x17, 0x26, 0x26, 0x4D, 0x4D, 0x3A, 0x05, 0x76, 0x11,
0x83, 0x08, 0x26, 0x26, 0x0E, 0x05, 0xB3, 0x08, 0x04, 0x42, 0x01, 0x04, 0xBA, 0x03, 0x87, 0x3E,
0x08, 0x3E, 0x3E, 0x47, 0x47, 0x3E, 0x26, 0x05, 0x76, 0x10, 0x04, 0x48, 0x06, 0x04, 0x86, 0x02,
0x04, 0x45, 0x01, 0x80, 0x49, 0x0A, 0x0A, 0x55, 0x83, 0x0B, 0x0B, 0x4C, 0x87, 0x04, 0x7C, 0x0C,
0x82, 0x35, 0x0F, 0x20, 0x04, 0x9E, 0x08, 0x85, 0x11, 0x11, 0x28, 0x28, 0x03, 0x2D, 0x05, 0xBC,
0x17, 0x08, 0xE4, 0x35, 0x82, 0x28, 0x20, 0x20, 0x04, 0xAE, 0x2A, 0x08, 0x80, 0x02, 0x80, 0x11,
0x06, 0x76, 0x1A, 0x82, 0x30, 0x1C, 0x03, 0x04, 0x38, 0x0B, 0x81, 0x29, 0x82, 0x04, 0x69, 0x39,
0x80, 0x32, 0x05, 0x91, 0x2D, 0x06, 0x23, 0x0B, 0x06, 0x84, 0x02, 0x07, 0x60, 0x20, 0x06, 0x74,
0x16, 0x08, 0x73, 0x1D, 0x06, 0x57, 0x0E, 0x04, 0x42, 0x01, 0x80, 0x33, 0x04, 0xEA, 0x70, 0x84,
0x02, 0x02, 0x11, 0x03, 0x2D, 0x39, 0x40, 0x01, 0x81, 0x01, 0x23, 0x29, 0xF7, 0x1C, 0x05, 0xEF,
0x01, 0x80, 0x11, 0x10, 0xC1, 0x03, 0x87, 0x15, 0x02, 0x02, 0x5A, 0x03, 0x33, 0x10, 0x10, 0x04,
0x40, 0x01, 0x05, 0x32, 0x0B, 0x83, 0x0D, 0x08, 0x10, 0x08, 0x05, 0xE9, 0x09, 0x84, 0x26, 0x26,
0x10, 0x3E, 0x3E, 0x05, 0x01, 0x05, 0x04, 0x0F, 0x64, 0x81, 0x47, 0x0D, 0x04, 0x45, 0x01, 0x06,
0x9E, 0x02, 0x06, 0x5C, 0x15, 0x82, 0x17, 0x50, 0x51, 0x0C, 0x66, 0x1C, 0x80, 0x30, 0x04, 0x7A,
0x49, 0x83, 0x20, 0x28, 0x0F, 0x2B, 0x05, 0x53, 0x1F, 0x83, 0x0F, 0x1C, 0x13, 0x2D, 0x04, 0x2F,
0x33, 0x81, 0x0F, 0x0F, 0x07, 0x81, 0x3E, 0x04, 0xE4, 0x29, 0x09, 0x36, 0x1E, 0x04, 0xFA, 0x04,
0x06, 0x52, 0x0B, 0x8C, 0x2D, 0x03, 0x30, 0x65, 0x6B, 0x29, 0x82, 0x77, 0x5A, 0x53, 0x51, 0x03,
0x22, 0x05, 0xCE, 0x10, 0x05, 0xB2, 0x15, 0x06, 0x26, 0x29, 0x05, 0xF4, 0x04, 0x0A, 0x49, 0x30,
0x07, 0x3D, 0x06, 0x80, 0x10, 0x05, 0x20, 0x0D, 0x04, 0x3B, 0x12, 0x82, 0x6F, 0x03, 0x03, 0x04,
0xD4, 0x05, 0x82, 0x03, 0x03, 0x2B, 0x3B, 0x40, 0x01, 0x0F, 0xF6, 0x26, 0x20, 0x06, 0x0A, 0x13,
0x22, 0x22, 0x88, 0x03, 0x11, 0x17, 0x26, 0x10, 0x10, 0x4D, 0x4D, 0x0D, 0x06, 0x3E, 0x06, 0x04,
0xBF, 0x03, 0x0A, 0xDE, 0x2B, 0x04, 0x11, 0x0A, 0x84, 0x3E, 0xC8, 0xC8, 0x47, 0x47, 0x05, 0x46,
0x01, 0x05, 0x03, 0x05, 0x07, 0x82, 0x02, 0x81, 0x1A, 0x11, 0x11, 0xEA, 0x2D, 0x81, 0x7F, 0x55,
0x04, 0x89, 0x2A, 0x85, 0x2B, 0x28, 0x2D, 0x1C, 0x03, 0x13, 0x05, 0xA4, 0x1C, 0x81, 0x28, 0x23,
0x08, 0x39, 0x15, 0x80, 0x0F, 0x0B, 0xF9, 0x12, 0x0B, 0xA9, 0x4D, 0x80, 0x36, 0x04, 0xBA, 0x2B,
0x87, 0x6E, 0x03, 0x51, 0x30, 0x62, 0x6E, 0x03, 0x45, 0x04, 0x80, 0x02, 0x80, 0x0E, 0x05, 0xE8,
0x11, 0x06, 0xCA, 0x33, 0x07, 0x2D, 0x1A, 0x05, 0x7F, 0x02, 0x05, 0x05, 0x0A, 0x08, 0x43, 0x01,
0x05, 0x4C, 0x06, 0x84, 0x0E, 0x08, 0x22, 0x03, 0x03, 0x04, 0x5F, 0x4B, 0x82, 0x03, 0x03, 0x25,
0x39, 0x80, 0x07, 0x82, 0x01, 0x23, 0x03, 0x04, 0x1E, 0x10, 0x28, 0x2E, 0x00, 0x80, 0x76, 0x08,
0xF1, 0x11, 0x0D, 0xA0, 0x24, 0x80, 0x17, 0x04, 0x2B, 0x01, 0x81, 0x4D, 0x4D, 0x00, 0x00, 0x00,
0x00, 0x00, 0x00, 0x00, 0x00, 0x00, 0x00, 0x00, 0x00, 0x00, 0x00, 0x00, 0x00, 0x00, 0x00, 0x00,
0x00, 0x00, 0x00, 0x00, 0x00, 0x00, 0x00, 0x00, 0x00, 0x00, 0x00, 0x00, 0x00, 0x00, 0x00, 0x00,
0x00, 0x00, 0x00, 0x00, 0x00, 0x00, 0x00, 0x00, 0x00, 0x00, 0x00, 0x00, 0x00, 0x00, 0x00, 0x00,
0x00, 0x00, 0x00, 0x00, 0x00, 0x00, 0x00, 0x00, 0x00, 0x00, 0x00, 0x00, 0x00, 0x00, 0x00, 0x00,
0x00, 0x00, 0x00, 0x00, 0x00, 0x00, 0x00, 0x00, 0x00, 0x00, 0x00, 0x00, 0x00, 0x00, 0x00, 0x00,
0x00, 0x00, 0x00, 0x00, 0x00, 0x00, 0x00, 0x00, 0x00, 0x00, 0x00, 0x00, 0x00, 0x00, 0x00, 0x00,
0x00, 0x00, 0x00, 0x00, 0x00, 0x00, 0x00, 0x00, 0x00, 0x00, 0x00, 0x00, 0x00, 0x00, 0x00, 0x00,
0x00, 0x00, 0x00, 0x00, 0x00, 0x00, 0x00, 0x00, 0x00, 0x00, 0x00, 0x00, 0x00, 0x00, 0x00, 0x00,
0x00, 0x00, 0x00, 0x00, 0x00, 0x00, 0x00, 0x00, 0x00, 0x00, 0x00, 0x00, 0x00, 0x00, 0x00, 0x00,
0x00, 0x00, 0x00, 0x00, 0x00, 0x00, 0x00, 0x00, 0x00, 0x00, 0x00, 0x00, 0x00, 0x00, 0x00, 0x00,
0x00, 0x00, 0x00, 0x00, 0x00, 0x00, 0x00, 0x00, 0x00, 0x00, 0x00, 0x00, 0x00, 0x00, 0x00, 0x00,
0x00, 0x00, 0x00, 0x00, 0x00, 0x00, 0x00, 0x00, 0x00, 0x00, 0x00, 0x00, 0x00, 0x00, 0x00, 0x00,
0x00, 0x00, 0x00, 0x00, 0x00, 0x00, 0x00, 0x00, 0x00, 0x00, 0x00, 0x00, 0x00, 0x00, 0x00, 0x00,
0x00, 0x00, 0x00, 0x00, 0x00, 0x00, 0x00, 0x00, 0x00, 0x00, 0x00, 0x00, 0x00, 0x00, 0x00, 0x00,
0x00, 0x00, 0x00, 0x00, 0x00, 0x00, 0x00, 0x00, 0x00, 0x00, 0x00, 0x00, 0x00, 0x00, 0x00, 0x00,
0x00, 0x00, 0x00, 0x00, 0x00, 0x00, 0x00, 0x00, 0x00, 0x00, 0x00, 0x00, 0x00, 0x00, 0x00, 0x00,
0x00, 0x00, 0x00, 0x00, 0x00, 0x00, 0x00, 0x00, 0x00, 0x00, 0x00, 0x00, 0x00, 0x00, 0x00, 0x00,
0x00, 0x00, 0x00, 0x00, 0x00, 0x00, 0x00, 0x00, 0x00, 0x00, 0x00, 0x00, 0x00, 0x00, 0x00, 0x00,
0x00, 0x00, 0x00, 0x00, 0x00, 0x00, 0x00, 0x00, 0x00, 0x00, 0x00, 0x00, 0x00, 0x00, 0x00, 0x00,
0x00, 0x00, 0x00, 0x00, 0x00, 0x00, 0x00, 0x00, 0x00, 0x00, 0x00, 0x00, 0x00, 0x00, 0x00, 0x00,
0x00, 0x00, 0x00, 0x00, 0x00, 0x00, 0x00, 0x00, 0x00, 0x00, 0x00, 0x00, 0x00, 0x00, 0x00, 0x00,
0x00, 0x00, 0x00, 0x00, 0x00, 0x00, 0x00, 0x00, 0x00, 0x00, 0x00, 0x00, 0x00, 0x00, 0x00, 0x00,
0x00, 0x00, 0x00, 0x00, 0x00, 0x00, 0x00, 0x00, 0x00, 0x00, 0x00, 0x00, 0x00, 0x00, 0x00, 0x00,
0x00, 0x00, 0x00, 0x00, 0x00, 0x00, 0x00, 0x00, 0x00, 0x00, 0x00, 0x00, 0x00, 0x00, 0x00, 0x00,
0x00, 0x00, 0x00, 0x00, 0x00, 0x00, 0x00, 0x00, 0x00, 0x00, 0x00, 0x00, 0x00, 0x00, 0x00, 0x00,
0x00, 0x00, 0x00, 0x00, 0x00, 0x00, 0x00, 0x00, 0x00, 0x00, 0x00, 0x00, 0x00, 0x00, 0x00, 0x00,
0x00, 0x00, 0x00, 0x00, 0x00, 0x00, 0x00, 0x00, 0x00, 0x00, 0x00, 0x00, 0x00, 0x00, 0x00, 0x00,
0x00, 0x00, 0x00, 0x00, 0x00, 0x00, 0x00, 0x00, 0x00, 0x00, 0x00, 0x00, 0x00, 0x00, 0x00, 0x00,
0x00, 0x00, 0x00, 0x00, 0x00, 0x00, 0x00, 0x00, 0x00, 0x00, 0x00, 0x00, 0x00, 0x00, 0x00, 0x00,
0x00, 0x00, 0x00, 0x00, 0x00, 0x00, 0x00, 0x00, 0x00, 0x00, 0x00, 0x00, 0x00, 0x00, 0x00, 0x00,
0x00, 0x00, 0x00, 0x00, 0x00, 0x00, 0x00, 0x00, 0x00, 0x00, 0x00, 0x00, 0x00, 0x00, 0x00, 0x00,
0x00, 0x00, 0x00, 0x00, 0x00, 0x00, 0x00, 0x00, 0x00, 0x00, 0x00, 0x00, 0x00, 0x00, 0x00, 0x00,
0x00, 0x00, 0x00, 0x00, 0x00, 0x00, 0x00, 0x00, 0x00, 0x00, 0x00, 0x00, 0x00, 0x00, 0x00, 0x00,
0x00, 0x00, 0x00, 0x00, 0x00, 0x00, 0x00, 0x00, 0x00, 0x00, 0x00, 0x00, 0x00, 0x00, 0x00, 0x00,
0x00, 0x00, 0x00, 0x00, 0x00, 0x00, 0x00, 0x00, 0x00, 0x00, 0x00, 0x00, 0x00, 0x00, 0x00, 0x00,
0x00, 0x00, 0x00, 0x00, 0x00, 0x00, 0x00, 0x00, 0x00, 0x00, 0x00, 0x00, 0x00, 0x00, 0x00, 0x00,
0x00, 0x00, 0x00, 0x00, 0x00, 0x00, 0x00, 0x00, 0x00, 0x00, 0x00, 0x00, 0x00, 0x00, 0x00, 0x00,
0x00, 0x00, 0x00, 0x00, 0x00, 0x00, 0x00, 0x00, 0x00, 0x00, 0x00, 0x00, 0x00, 0x00, 0x00, 0x00,
0x00, 0x00, 0x00, 0x00, 0x00, 0x00, 0x00, 0x00, 0x00, 0x00, 0x00, 0x00, 0x00, 0x00, 0x00, 0x00,
0x00, 0x00, 0x00, 0x00, 0x00, 0x00, 0x00, 0x00, 0x00, 0x00, 0x00, 0x00, 0x00, 0x00, 0x00, 0x00,
0x00, 0x00, 0x00, 0x00, 0x00, 0x00, 0x00, 0x00, 0x00, 0x00, 0x00, 0x00, 0x00, 0x00, 0x00, 0x00,
0x00, 0x00, 0x00, 0x00, 0x00, 0x00, 0x00, 0x00, 0x00, 0x00, 0x00, 0x00, 0x00, 0x00, 0x00, 0x00,
0x00, 0x00, 0x00, 0x00, 0x00, 0x00, 0x00, 0x00, 0x00, 0x00, 0x00, 0x00, 0x00, 0x00, 0x00, 0x00,
0x00, 0x00, 0x00, 0x00, 0x00, 0x00, 0x00, 0x00, 0x00, 0x00, 0x00, 0x00, 0x00, 0x00, 0x00, 0x00,
0x00, 0x00, 0x00, 0x00, 0x00, 0x00, 0x00, 0x00, 0x00, 0x00, 0x00, 0x00, 0x00, 0x00, 0x00, 0x00,
0x00, 0x00, 0x00, 0x00, 0x00, 0x00, 0x00, 0x00, 0x00, 0x00, 0x00, 0x00, 0x00, 0x00, 0x00, 0x00,
0x00, 0x00, 0x00, 0x00, 0x00, 0x00, 0x00, 0x00, 0x00, 0x00, 0x00, 0x00, 0x00, 0x00, 0x00, 0x00,
0x00, 0x00, 0x00, 0x00, 0x00, 0x00, 0x00, 0x00, 0x00, 0x00, 0x00, 0x00, 0x00, 0x00, 0x00, 0x00,
0x00, 0x00, 0x00, 0x00, 0x00, 0x00, 0x00, 0x00, 0x00, 0x00, 0x00, 0x00, 0x00, 0x00, 0x00, 0x00,
0x00, 0x00, 0x00, 0x00, 0x00, 0x00, 0x00, 0x00, 0x00, 0x00, 0x00, 0x00, 0x00, 0x00, 0x00, 0x00,
0x00, 0x00, 0x00, 0x00, 0x00, 0x00, 0x00, 0x00, 0x00, 0x00, 0x00, 0x00, 0x00, 0x00, 0x00, 0x00,
0x00, 0x00, 0x00, 0x00, 0x00, 0x00, 0x00, 0x00, 0x00, 0x00, 0x00, 0x00, 0x00, 0x00, 0x00, 0x00,
0x00, 0x00, 0x00, 0x00, 0x00, 0x00, 0x00, 0x00, 0x00, 0x00, 0x00, 0x00, 0x00, 0x00, 0x00, 0x00,
0x00, 0x00, 0x00, 0x00, 0x00, 0x00, 0x00, 0x00, 0x00, 0x00, 0x00, 0x00, 0x00, 0x00, 0x00, 0x00,
0x00, 0x00, 0x00, 0x00, 0x00, 0x00, 0x00, 0x00, 0x00, 0x00, 0x00, 0x00, 0x00, 0x00, 0x00, 0x00,
0x00, 0x00, 0x00, 0x00, 0x00, 0x00, 0x00, 0x00, 0x00, 0x00, 0x00, 0x00, 0x00, 0x00, 0x00, 0x00,
0x00, 0x00, 0x00, 0x00, 0x00, 0x00, 0x00, 0x00, 0x00, 0x00, 0x00, 0x00, 0x00, 0x00, 0x00, 0x00,
0x00, 0x00, 0x00, 0x00, 0x00, 0x00, 0x00, 0x00, 0x00, 0x00, 0x00, 0x00, 0x00, 0x00, 0x00, 0x00,
0x00, 0x00, 0x00, 0x00, 0x00, 0x00, 0x00, 0x00, 0x00, 0x00, 0x00, 0x00, 0x00, 0x00, 0x00, 0x00,
0x00, 0x00, 0x00, 0x00, 0x00, 0x00, 0x00, 0x00, 0x00, 0x00, 0x00, 0x00, 0x00, 0x00, 0x00, 0x00,
0x00, 0x00, 0x00, 0x00, 0x00, 0x00, 0x00, 0x00, 0x00, 0x00, 0x00, 0x00, 0x00, 0x00, 0x00, 0x00,
0x00, 0x00, 0x00, 0x00, 0x00, 0x00, 0x00, 0x00, 0x00, 0x00, 0x00, 0x00, 0x00, 0x00, 0x00, 0x00,
0x00, 0x00, 0x00, 0x00, 0x00, 0x00, 0x00, 0x00, 0x00, 0x00, 0x00, 0x00, 0x00, 0x00, 0x00, 0x00,
0x00, 0x00, 0x00, 0x00, 0x00, 0x00, 0x00, 0x00, 0x00, 0x00, 0x00, 0x00, 0x00, 0x00, 0x00, 0x00,
0x00, 0x00, 0x00, 0x00, 0x00, 0x00, 0x00, 0x00, 0x00, 0x00, 0x00, 0x00, 0x00, 0x00, 0x00, 0x00,
0x00, 0x00, 0x00, 0x00, 0x00, 0x00, 0x00, 0x00, 0x00, 0x00, 0x00, 0x00, 0x00, 0x00, 0x00, 0x00,
0x00, 0x00, 0x00, 0x00, 0x00, 0x00, 0x00, 0x00, 0x00, 0x00, 0x00, 0x00, 0x00, 0x00, 0x00, 0x00,
0x00, 0x00, 0x00, 0x00, 0x00, 0x00, 0x00, 0x00, 0x00, 0x00, 0x00, 0x00, 0x00, 0x00, 0x00, 0x00,
0x00, 0x00, 0x00, 0x00, 0x00, 0x00, 0x00, 0x00, 0x00, 0x00, 0x00, 0x00, 0x00, 0x00, 0x00, 0x00,
0x00, 0x00, 0x00, 0x00, 0x00, 0x00, 0x00, 0x00, 0x00, 0x00, 0x00, 0x00, 0x00, 0x00, 0x00, 0x00,
0x00, 0x00, 0x00, 0x00, 0x00, 0x00, 0x00, 0x00, 0x00, 0x00, 0x00, 0x00, 0x00, 0x00, 0x00, 0x00,
0x00, 0x00, 0x00, 0x00, 0x00, 0x00, 0x00, 0x00, 0x00, 0x00, 0x00, 0x00, 0x00, 0x00, 0x00, 0x00,
0x00, 0x00, 0x00, 0x00, 0x00, 0x00, 0x00, 0x00, 0x00, 0x00, 0x00, 0x00, 0x00, 0x00, 0x00, 0x00,
0x00, 0x00, 0x00, 0x00, 0x00, 0x00, 0x00, 0x00, 0x00, 0x00, 0x00, 0x00, 0x00, 0x00, 0x00, 0x00,
0x00, 0x00, 0x00, 0x00, 0x00, 0x00, 0x00, 0x00, 0x00, 0x00, 0x00, 0x00, 0x00, 0x00, 0x00, 0x00,
0x00, 0x00, 0x00, 0x00, 0x00, 0x00, 0x00, 0x00, 0x00, 0x00, 0x00, 0x00, 0x00, 0x00, 0x00, 0x00,
0x00, 0x00, 0x00, 0x00, 0x00, 0x00, 0x00, 0x00, 0x00, 0x00, 0x00, 0x00, 0x00, 0x00, 0x00, 0x00,
0x00, 0x00, 0x00, 0x00, 0x00, 0x00, 0x00, 0x00, 0x00, 0x00, 0x00, 0x00, 0x00, 0x00, 0x00, 0x00,
0x00, 0x00, 0x00, 0x00, 0x00, 0x00, 0x00, 0x00, 0x00, 0x00, 0x00, 0x00, 0x00, 0x00, 0x00, 0x00,
0x00, 0x00, 0x00, 0x00, 0x00, 0x00, 0x00, 0x00, 0x00, 0x00, 0x00, 0x00, 0x00, 0x00, 0x00, 0x00,
0x00, 0x00, 0x00, 0x00, 0x00, 0x00, 0x00, 0x00, 0x00, 0x00, 0x00, 0x00, 0x00, 0x00, 0x00, 0x00,
0x00, 0x00, 0x00, 0x00, 0x00, 0x00, 0x00, 0x00, 0x00, 0x00, 0x00, 0x00, 0x00, 0x00, 0x00, 0x00,
0x00, 0x00, 0x00, 0x00, 0x00, 0x00, 0x00, 0x00, 0x00, 0x00, 0x00, 0x00, 0x00, 0x00, 0x00, 0x00,
0x00, 0x00, 0x00, 0x00, 0x00, 0x00, 0x00, 0x00, 0x00, 0x00, 0x00, 0x00, 0x00, 0x00, 0x00, 0x00,
0x00, 0x00, 0x00, 0x00, 0x00, 0x00, 0x00, 0x00, 0x00, 0x00, 0x00, 0x00, 0x00, 0x00, 0x00, 0x00,
0x00, 0x00, 0x00, 0x00, 0x00, 0x00, 0x00, 0x00, 0x00, 0x00, 0x00, 0x00, 0x00, 0x00, 0x00, 0x00,
0x00, 0x00, 0x00, 0x00, 0x00, 0x00, 0x00, 0x00, 0x00, 0x00, 0x00, 0x00, 0x00, 0x00, 0x00, 0x00,
0x00, 0x00, 0x00, 0x00, 0x00, 0x00, 0x00, 0x00, 0x00, 0x00, 0x00, 0x00, 0x00, 0x00, 0x00, 0x00,
0x00, 0x00, 0x00, 0x00, 0x00, 0x00, 0x00, 0x00, 0x00, 0x00, 0x00, 0x00, 0x00, 0x00, 0x00, 0x00,
0x00, 0x00, 0x00, 0x00, 0x00, 0x00, 0x00, 0x00, 0x00, 0x00, 0x00, 0x00, 0x00, 0x00, 0x00, 0x00,
0x00, 0x00, 0x00, 0x00, 0x00, 0x00, 0x00, 0x00, 0x00, 0x00, 0x00, 0x00, 0x00, 0x00, 0x00, 0x00,
0x00, 0x00, 0x00, 0x00, 0x00, 0x00, 0x00, 0x00, 0x00, 0x00, 0x00, 0x00, 0x00, 0x00, 0x00, 0x00,
0x00, 0x00, 0x00, 0x00, 0x00, 0x00, 0x00, 0x00, 0x00, 0x00, 0x00, 0x00, 0x00, 0x00, 0x00, 0x00,
0x00, 0x00, 0x00, 0x00, 0x00, 0x00, 0x00, 0x00, 0x00, 0x00, 0x00, 0x00, 0x00, 0x00, 0x00, 0x00,
0x00, 0x00, 0x00, 0x00, 0x00, 0x00, 0x00, 0x00, 0x00, 0x00, 0x00, 0x00, 0x00, 0x00, 0x00, 0x00,
0x00, 0x00, 0x00, 0x00, 0x00, 0x00, 0x00, 0x00, 0x00, 0x00, 0x00, 0x00, 0x00, 0x00, 0x00, 0x00,
0x00, 0x00, 0x00, 0x00, 0x00, 0x00, 0x00, 0x00, 0x00, 0x00, 0x00, 0x00, 0x00, 0x00, 0x00, 0x00,
0x00, 0x00, 0x00, 0x00, 0x00, 0x00, 0x00, 0x00, 0x00, 0x00, 0x00, 0x00, 0x00, 0x00, 0x00, 0x00,
0x00, 0x00, 0x00, 0x00, 0x00, 0x00, 0x00, 0x00, 0x00, 0x00, 0x00, 0x00, 0x00, 0x00, 0x00, 0x00,
0x00, 0x00, 0x00, 0x00, 0x00, 0x00, 0x00, 0x00, 0x00, 0x00, 0x00, 0x00, 0x00, 0x00, 0x00, 0x00,
0x00, 0x00, 0x00, 0x00, 0x00, 0x00, 0x00, 0x00, 0x00, 0x00, 0x00, 0x00, 0x00, 0x00, 0x00, 0x00,
0x00, 0x00, 0x00, 0x00, 0x00, 0x00, 0x00, 0x00, 0x00, 0x00, 0x00, 0x00, 0x00, 0x00, 0x00, 0x00,
0x00, 0x00, 0x00, 0x00, 0x00, 0x00, 0x00, 0x00, 0x00, 0x00, 0x00, 0x00, 0x00, 0x00, 0x00, 0x00,
0x00, 0x00, 0x00, 0x00, 0x00, 0x00, 0x00, 0x00, 0x00, 0x00, 0x00, 0x00, 0x00, 0x00, 0x00, 0x00,
0x00, 0x00, 0x00, 0x00, 0x00, 0x00, 0x00, 0x00, 0x00, 0x00, 0x00, 0x00, 0x00, 0x00, 0x00, 0x00,
0x00, 0x00, 0x00, 0x00, 0x00, 0x00, 0x00, 0x00, 0x00, 0x00, 0x00, 0x00, 0x00, 0x00, 0x00, 0x00,
0x00, 0x00, 0x00, 0x00, 0x00, 0x00, 0x00, 0x00, 0x00, 0x00, 0x00, 0x00, 0x00, 0x00, 0x00, 0x00,
0x00, 0x00, 0x00, 0x00, 0x00, 0x00, 0x00, 0x00, 0x00, 0x00, 0x00, 0x00, 0x00, 0x00, 0x00, 0x00,
0x00, 0x00, 0x00, 0x00, 0x00, 0x00, 0x00, 0x00, 0x00, 0x00, 0x00, 0x00, 0x00, 0x00, 0x00, 0x00,
0x00, 0x00, 0x00, 0x00, 0x00, 0x00, 0x00, 0x00, 0x00, 0x00, 0x00, 0x00, 0x00, 0x00, 0x00, 0x00,
0x00, 0x00, 0x00, 0x00, 0x00, 0x00, 0x00, 0x00, 0x00, 0x00, 0x00, 0x00, 0x00, 0x00, 0x00, 0x00,
0x00, 0x00, 0x00, 0x00, 0x00, 0x00, 0x00, 0x00, 0x00, 0x00, 0x00, 0x00, 0x00, 0x00, 0x00, 0x00,
0x00, 0x00, 0x00, 0x00, 0x00, 0x00, 0x00, 0x00, 0x00, 0x00, 0x00, 0x00, 0x00, 0x00, 0x00, 0x00,
0x00, 0x00, 0x00, 0x00, 0x00, 0x00, 0x00, 0x00, 0x00, 0x00, 0x00, 0x00, 0x00, 0x00, 0x00, 0x00,
0x00, 0x00, 0x00, 0x00, 0x00, 0x00, 0x00, 0x00, 0x00, 0x00, 0x00, 0x00, 0x00, 0x00, 0x00, 0x00,
0x00, 0x00, 0x00, 0x00, 0x00, 0x00, 0x00, 0x00, 0x00, 0x00, 0x00, 0x00, 0x00, 0x00, 0x00, 0x00,
0x00, 0x00, 0x00, 0x00, 0x00, 0x00, 0x00, 0x00, 0x00, 0x00, 0x00, 0x00, 0x00, 0x00, 0x00, 0x00,
0x00, 0x00, 0x00, 0x00, 0x00, 0x00, 0x00, 0x00, 0x00, 0x00, 0x00, 0x00, 0x00, 0x00, 0x00, 0x00,
0x00, 0x00, 0x00, 0x00, 0x00, 0x00, 0x00, 0x00, 0x00, 0x00, 0x00, 0x00, 0x00, 0x00, 0x00, 0x00,
0x00, 0x00, 0x00, 0x00, 0x00, 0x00, 0x00, 0x00, 0x00, 0x00, 0x00, 0x00, 0x00, 0x00, 0x00, 0x00,
0x00, 0x00, 0x00, 0x00, 0x00, 0x00, 0x00, 0x00, 0x00, 0x00, 0x00, 0x00, 0x00, 0x00, 0x00, 0x00,
0x00, 0x00, 0x00, 0x00, 0x00, 0x00, 0x00, 0x00, 0x00, 0x00, 0x00, 0x00, 0x00, 0x00, 0x00, 0x00,
0x00, 0x00, 0x00, 0x00, 0x00, 0x00, 0x00, 0x00, 0x00, 0x00, 0x00, 0x00, 0x00, 0x00, 0x00, 0x00,
0x00, 0x00, 0x00, 0x00, 0x00, 0x00, 0x00, 0x00, 0x00, 0x00, 0x00, 0x00, 0x00, 0x00, 0x00, 0x00,
0x00, 0x00, 0x00, 0x00, 0x00, 0x00, 0x00, 0x00, 0x00, 0x00, 0x00, 0x00, 0x00, 0x00, 0x00, 0x00,
0x00, 0x00, 0x00, 0x00, 0x00, 0x00, 0x00, 0x00, 0x00, 0x00, 0x00, 0x00, 0x00, 0x00, 0x00, 0x00,
0x00, 0x00, 0x00, 0x00, 0x00, 0x00, 0x00, 0x00, 0x00, 0x00, 0x00, 0x00, 0x00, 0x00, 0x00, 0x00,
0x00, 0x00, 0x00, 0x00, 0x00, 0x00, 0x00, 0x00, 0x00, 0x00, 0x00, 0x00, 0x00, 0x00, 0x00, 0x00,
0x00, 0x00, 0x00, 0x00, 0x00, 0x00, 0x00, 0x00, 0x00, 0x00, 0x00, 0x00, 0x00, 0x00, 0x00, 0x00,
0x00, 0x00, 0x00, 0x00, 0x00, 0x00, 0x00, 0x00, 0x00, 0x00, 0x00, 0x00, 0x00, 0x00, 0x00, 0x00,
0x00, 0x00, 0x00, 0x00, 0x00, 0x00, 0x00, 0x00, 0x00, 0x00, 0x00, 0x00, 0x00, 0x00, 0x00, 0x00,
0x00, 0x00, 0x00, 0x00, 0x00, 0x00, 0x00, 0x00, 0x00, 0x00, 0x00, 0x00, 0x00, 0x00, 0x00, 0x00,
0x00, 0x00, 0x00, 0x00, 0x00, 0x00, 0x00, 0x00, 0x00, 0x00, 0x00, 0x00, 0x00, 0x00, 0x00, 0x00,
0x00, 0x00, 0x00, 0x00, 0x00, 0x00, 0x00, 0x00, 0x00, 0x00, 0x00, 0x00, 0x00, 0x00, 0x00, 0x00,
0x00, 0x00, 0x00, 0x00, 0x00, 0x00, 0x00, 0x00, 0x00, 0x00, 0x00, 0x00, 0x00, 0x00, 0x00, 0x00,
0x00, 0x00, 0x00, 0x00, 0x00, 0x00, 0x00, 0x00, 0x00, 0x00, 0x00, 0x00, 0x00, 0x00, 0x00, 0x00,
0x00, 0x00, 0x00, 0x00, 0x00, 0x00, 0x00, 0x00, 0x00, 0x00, 0x00, 0x00, 0x00, 0x00, 0x00, 0x00,
0x00, 0x00, 0x00, 0x00, 0x00, 0x00, 0x00, 0x00, 0x00, 0x00, 0x00, 0x00, 0x00, 0x00, 0x00, 0x00,
0x00, 0x00, 0x00, 0x00, 0x00, 0x00, 0x00, 0x00, 0x00, 0x00, 0x00, 0x00, 0x00, 0x00, 0x00, 0x00,
0x00, 0x00, 0x00, 0x00, 0x00, 0x00, 0x00, 0x00, 0x00, 0x00, 0x00, 0x00, 0x00, 0x00, 0x00, 0x00,
0x00, 0x00, 0x00, 0x00, 0x00, 0x00, 0x00, 0x00, 0x00, 0x00, 0x00, 0x00, 0x00, 0x00, 0x00, 0x00,
0x00, 0x00, 0x00, 0x00, 0x00, 0x00, 0x00, 0x00, 0x00, 0x00, 0x00, 0x00, 0x00, 0x00, 0x00, 0x00,
0x00, 0x00, 0x00, 0x00, 0x00, 0x00, 0x00, 0x00, 0x00, 0x00, 0x00, 0x00, 0x00, 0x00, 0x00, 0x00,
0x00, 0x00, 0x00, 0x00, 0x00, 0x00, 0x00, 0x00, 0x00, 0x00, 0x00, 0x00, 0x00, 0x00, 0x00, 0x00,
0x00, 0x00, 0x00, 0x00, 0x00, 0x00, 0x00, 0x00, 0x00, 0x00, 0x00, 0x00, 0x00, 0x00, 0x00, 0x00,
0x00, 0x00, 0x00, 0x00, 0x00, 0x00, 0x00, 0x00, 0x00, 0x00, 0x00, 0x00, 0x00, 0x00, 0x00, 0x00,
0x00, 0x00, 0x00, 0x00, 0x00, 0x00, 0x00, 0x00, 0x00, 0x00, 0x00, 0x00, 0x00, 0x00, 0x00, 0x00,
0x00, 0x00, 0x00, 0x00, 0x00, 0x00, 0x00, 0x00, 0x00, 0x00, 0x00, 0x00, 0x00, 0x00, 0x00, 0x00,
0x00, 0x00, 0x00, 0x00, 0x00, 0x00, 0x00, 0x00, 0x00, 0x00, 0x00, 0x00, 0x00, 0x00, 0x00, 0x00,
0x00, 0x00, 0x00, 0x00, 0x00, 0x00, 0x00, 0x00, 0x00, 0x00, 0x00, 0x00, 0x00, 0x00, 0x00, 0x00,
0x00, 0x00, 0x00, 0x00, 0x00, 0x00, 0x00, 0x00, 0x00, 0x00, 0x00, 0x00, 0x00, 0x00, 0x00, 0x00,
0x00, 0x00, 0x00, 0x00, 0x00, 0x00, 0x00, 0x00, 0x00, 0x00, 0x00, 0x00, 0x00, 0x00, 0x00, 0x00,
0x00, 0x00, 0x00, 0x00, 0x00, 0x00, 0x00, 0x00, 0x00, 0x00, 0x00, 0x00, 0x00, 0x00, 0x00, 0x00,
0x00, 0x00, 0x00, 0x00, 0x00, 0x00, 0x00, 0x00, 0x00, 0x00, 0x00, 0x00, 0x00, 0x00, 0x00, 0x00,
0x00, 0x00, 0x00, 0x00, 0x00, 0x00, 0x00, 0x00, 0x00, 0x00, 0x00, 0x00, 0x00, 0x00, 0x00, 0x00,
0x00, 0x00, 0x00, 0x00, 0x00, 0x00, 0x00, 0x00, 0x00, 0x00, 0x00, 0x00, 0x00, 0x00, 0x00, 0x00,
0x00, 0x00, 0x00, 0x00, 0x00, 0x00, 0x00, 0x00, 0x00, 0x00, 0x00, 0x00, 0x00, 0x00, 0x00, 0x00,
0x00, 0x00, 0x00, 0x00, 0x00, 0x00, 0x00, 0x00, 0x00, 0x00, 0x00, 0x00, 0x00, 0x00, 0x00, 0x00,
0x00, 0x00, 0x00, 0x00, 0x00, 0x00, 0x00, 0x00, 0x00, 0x00, 0x00, 0x00, 0x00, 0x00, 0x00, 0x00,
0x00, 0x00, 0x00, 0x00, 0x00, 0x00, 0x00, 0x00, 0x00, 0x00, 0x00, 0x00, 0x00, 0x00, 0x00, 0x00,
0x00, 0x00, 0x00, 0x00, 0x00, 0x00, 0x00, 0x00, 0x00, 0x00, 0x00, 0x00, 0x00, 0x00, 0x00, 0x00,
0x00, 0x00, 0x00, 0x00, 0x00, 0x00, 0x00, 0x00, 0x00, 0x00, 0x00, 0x00, 0x00, 0x00, 0x00, 0x00,
0x00, 0x00, 0x00, 0x00, 0x00, 0x00, 0x00, 0x00, 0x00, 0x00, 0x00, 0x00, 0x00, 0x00, 0x00, 0x00,
0x00, 0x00, 0x00, 0x00, 0x00, 0x00, 0x00, 0x00, 0x00, 0x00, 0x00, 0x00, 0x00, 0x00, 0x00, 0x00,
0x00, 0x00, 0x00, 0x00, 0x00, 0x00, 0x00, 0x00, 0x00, 0x00, 0x00, 0x00, 0x00, 0x00, 0x00, 0x00,
0x00, 0x00, 0x00, 0x00, 0x00, 0x00, 0x00, 0x00, 0x00, 0x00, 0x00, 0x00, 0x00, 0x00, 0x00, 0x00,
0x00, 0x00, 0x00, 0x00, 0x00, 0x00, 0x00, 0x00, 0x00, 0x00, 0x00, 0x00, 0x00, 0x00, 0x00, 0x00,
0x00, 0x00, 0x00, 0x00, 0x00, 0x00, 0x00, 0x00, 0x00, 0x00, 0x00, 0x00, 0x00, 0x00, 0x00, 0x00,
0x00, 0x00, 0x00, 0x00, 0x00, 0x00, 0x00, 0x00, 0x00, 0x00, 0x00, 0x00, 0x00, 0x00, 0x00, 0x00,
0x00, 0x00, 0x00, 0x00, 0x00, 0x00, 0x00, 0x00, 0x00, 0x00, 0x00, 0x00, 0x00, 0x00, 0x00, 0x00,
0x00, 0x00, 0x00, 0x00, 0x00, 0x00, 0x00, 0x00, 0x00, 0x00, 0x00, 0x00, 0x00, 0x00, 0x00, 0x00,
0x00, 0x00, 0x00, 0x00, 0x00, 0x00, 0x00, 0x00, 0x00, 0x00, 0x00, 0x00, 0x00, 0x00, 0x00, 0x00,
0x00, 0x00, 0x00, 0x00, 0x00, 0x00, 0x00, 0x00, 0x00, 0x00, 0x00, 0x00, 0x00, 0x00, 0x00, 0x00,
0x00, 0x00, 0x00, 0x00, 0x00, 0x00, 0x00, 0x00, 0x00, 0x00, 0x00, 0x00, 0x00, 0x00, 0x00, 0x00,
0x00, 0x00, 0x00, 0x00, 0x00, 0x00, 0x00, 0x00, 0x00, 0x00, 0x00, 0x00, 0x00, 0x00, 0x00, 0x00,
0x00, 0x00, 0x00, 0x00, 0x00, 0x00, 0x00, 0x00, 0x00, 0x00, 0x00, 0x00, 0x00, 0x00, 0x00, 0x00,
0x00, 0x00, 0x00, 0x00, 0x00, 0x00, 0x00, 0x00, 0x00, 0x00, 0x00, 0x00, 0x00, 0x00, 0x00, 0x00,
0x00, 0x00, 0x00, 0x00, 0x00, 0x00, 0x00, 0x00, 0x00, 0x00, 0x00, 0x00, 0x00, 0x00, 0x00, 0x00,
0x00, 0x00, 0x00, 0x00, 0x00, 0x00, 0x00, 0x00, 0x00, 0x00, 0x00, 0x00, 0x00, 0x00, 0x00, 0x00,
0x00, 0x00, 0x00, 0x00, 0x00, 0x00, 0x00, 0x00, 0x00, 0x00, 0x00, 0x00, 0x00, 0x00, 0x00, 0x00,
0x00, 0x00, 0x00, 0x00, 0x00, 0x00, 0x00, 0x00, 0x00, 0x00, 0x00, 0x00, 0x00, 0x00, 0x00, 0x00,
0x00, 0x00, 0x00, 0x00, 0x00, 0x00, 0x00, 0x00, 0x00, 0x00, 0x00, 0x00, 0x00, 0x00, 0x00, 0x00,
0x00, 0x00, 0x00, 0x00, 0x00, 0x00, 0x00, 0x00, 0x00, 0x00, 0x00, 0x00, 0x00, 0x00, 0x00, 0x00,
0x00, 0x00, 0x00, 0x00, 0x00, 0x00, 0x00, 0x00, 0x00, 0x00, 0x00, 0x00, 0x00, 0x00, 0x00, 0x00,
0x00, 0x00, 0x00, 0x00, 0x00, 0x00, 0x00, 0x00, 0x00, 0x00, 0x00, 0x00, 0x00, 0x00, 0x00, 0x00,
0x00, 0x00, 0x00, 0x00, 0x00, 0x00, 0x00, 0x00, 0x00, 0x00, 0x00, 0x00, 0x00, 0x00, 0x00, 0x00,
0x00, 0x00, 0x00, 0x00, 0x00, 0x00, 0x00, 0x00, 0x00, 0x00, 0x00, 0x00, 0x00, 0x00, 0x00, 0x00,
0x00, 0x00, 0x00, 0x00, 0x00, 0x00, 0x00, 0x00, 0x00, 0x00, 0x00, 0x00, 0x00, 0x00, 0x00, 0x00,
0x00, 0x00, 0x00, 0x00, 0x00, 0x00, 0x00, 0x00, 0x00, 0x00, 0x00, 0x00, 0x00, 0x00, 0x00, 0x00,
0x00, 0x00, 0x00, 0x00, 0x00, 0x00, 0x00, 0x00, 0x00, 0x00, 0x00, 0x00, 0x00, 0x00, 0x00, 0x00,
0x00, 0x00, 0x00, 0x00, 0x00, 0x00, 0x00, 0x00, 0x00, 0x00, 0x00, 0x00, 0x00, 0x00, 0x00, 0x00,
0x00, 0x00, 0x00, 0x00, 0x00, 0x00, 0x00, 0x00, 0x00, 0x00, 0x00, 0x00, 0x00, 0x00, 0x00, 0x00,
0x00, 0x00, 0x00, 0x00, 0x00, 0x00, 0x00, 0x00, 0x00, 0x00, 0x00, 0x00, 0x00, 0x00, 0x00, 0x00,
0x00, 0x00, 0x00, 0x00, 0x00, 0x00, 0x00, 0x00, 0x00, 0x00, 0x00, 0x00, 0x00, 0x00, 0x00, 0x00,
0x00, 0x00, 0x00, 0x00, 0x00, 0x00, 0x00, 0x00, 0x00, 0x00, 0x00, 0x00, 0x00, 0x00, 0x00, 0x00,
0x00, 0x00, 0x00, 0x00, 0x00, 0x00, 0x00, 0x00, 0x00, 0x00, 0x00, 0x00, 0x00, 0x00, 0x00, 0x00,
0x00, 0x00, 0x00, 0x00, 0x00, 0x00, 0x00, 0x00, 0x00, 0x00, 0x00, 0x00, 0x00, 0x00, 0x00, 0x00,
0x00, 0x00, 0x00, 0x00, 0x00, 0x00, 0x00, 0x00, 0x00, 0x00, 0x00, 0x00, 0x00, 0x00, 0x00, 0x00,
0x00, 0x00, 0x00, 0x00, 0x00, 0x00, 0x00, 0x00, 0x00, 0x00, 0x00, 0x00, 0x00, 0x00, 0x00, 0x00,
0x00, 0x00, 0x00, 0x00, 0x00, 0x00, 0x00, 0x00, 0x00, 0x00, 0x00, 0x00, 0x00, 0x00, 0x00, 0x00,
0x00, 0x00, 0x00, 0x00, 0x00, 0x00, 0x00, 0x00, 0x00, 0x00, 0x00, 0x00, 0x00, 0x00, 0x00, 0x00,
0x00, 0x00, 0x00, 0x00, 0x00, 0x00, 0x00, 0x00, 0x00, 0x00, 0x00, 0x00, 0x00, 0x00, 0x00, 0x00,
0x00, 0x00, 0x00, 0x00, 0x00, 0x00, 0x00, 0x00, 0x00, 0x00, 0x00, 0x00, 0x00, 0x00, 0x00, 0x00,
0x00, 0x00, 0x00, 0x00, 0x00, 0x00, 0x00, 0x00, 0x00, 0x00, 0x00, 0x00, 0x00, 0x00, 0x00, 0x00,
0x00, 0x00, 0x00, 0x00, 0x00, 0x00, 0x00, 0x00, 0x00, 0x00, 0x00, 0x00, 0x00, 0x00, 0x00, 0x00,
0x00, 0x00, 0x00, 0x00, 0x00, 0x00, 0x00, 0x00, 0x00, 0x00, 0x00, 0x00, 0x00, 0x00, 0x00, 0x00,
0x00, 0x00, 0x00, 0x00, 0x00, 0x00, 0x00, 0x00, 0x00, 0x00, 0x00, 0x00, 0x00, 0x00, 0x00, 0x00,
0x00, 0x00, 0x00, 0x00, 0x00, 0x00, 0x00, 0x00, 0x00, 0x00, 0x00, 0x00, 0x00, 0x00, 0x00, 0x00,
0x00, 0x00, 0x00, 0x00, 0x00, 0x00, 0x00, 0x00, 0x00, 0x00, 0x00, 0x00, 0x00, 0x00, 0x00, 0x00,
0x00, 0x00, 0x00, 0x00, 0x00, 0x00, 0x00, 0x00, 0x00, 0x00, 0x00, 0x00, 0x00, 0x00, 0x00, 0x00,
0x00, 0x00, 0x00, 0x00, 0x00, 0x00, 0x00, 0x00, 0x00, 0x00, 0x00, 0x00, 0x00, 0x00, 0x00, 0x00,
0x00, 0x00, 0x00, 0x00, 0x00, 0x00, 0x00, 0x00, 0x00, 0x00, 0x00, 0x00, 0x00, 0x00, 0x00, 0x00,
0x00, 0x00, 0x00, 0x00, 0x00, 0x00, 0x00, 0x00, 0x00, 0x00, 0x00, 0x00, 0x00, 0x00, 0x00, 0x00,
0x00, 0x00, 0x00, 0x00, 0x00, 0x00, 0x00, 0x00, 0x00, 0x00, 0x00, 0x00, 0x00, 0x00, 0x00, 0x00,
0x00, 0x00, 0x00, 0x00, 0x00, 0x00, 0x00, 0x00, 0x00, 0x00, 0x00, 0x00, 0x00, 0x00, 0x00, 0x00,
0x00, 0x00, 0x00, 0x00, 0x00, 0x00, 0x00, 0x00, 0x00, 0x00, 0x00, 0x00, 0x00, 0x00, 0x00, 0x00,
0x00, 0x00, 0x00, 0x00, 0x00, 0x00, 0x00, 0x00, 0x00, 0x00, 0x00, 0x00, 0x00, 0x00, 0x00, 0x00,
0x00, 0x00, 0x00, 0x00, 0x00, 0x00, 0x00, 0x00, 0x00, 0x00, 0x00, 0x00, 0x00, 0x00, 0x00, 0x00,
0x00, 0x00, 0x00, 0x00, 0x00, 0x00, 0x00, 0x00, 0x00, 0x00, 0x00, 0x00, 0x00, 0x00, 0x00, 0x00,
0x00, 0x00, 0x00, 0x00, 0x00, 0x00, 0x00, 0x00, 0x00, 0x00, 0x00, 0x00, 0x00, 0x00, 0x00, 0x00,
0x00, 0x00, 0x00, 0x00, 0x00, 0x00, 0x00, 0x00, 0x00, 0x00, 0x00, 0x00, 0x00, 0x00, 0x00, 0x00,
0x00, 0x00, 0x00, 0x00, 0x00, 0x00, 0x00, 0x00, 0x00, 0x00, 0x00, 0x00, 0x00, 0x00, 0x00, 0x00,
0x00, 0x00, 0x00, 0x00, 0x00, 0x00, 0x00, 0x00, 0x00, 0x00, 0x00, 0x00, 0x00, 0x00, 0x00, 0x00,
0x00, 0x00, 0x00, 0x00, 0x00, 0x00, 0x00, 0x00, 0x00, 0x00, 0x00, 0x00, 0x00, 0x00, 0x00, 0x00,
0x00, 0x00, 0x00, 0x00, 0x00, 0x00, 0x00, 0x00, 0x00, 0x00, 0x00, 0x00, 0x00, 0x00, 0x00, 0x00,
0x00, 0x00, 0x00, 0x00, 0x00, 0x00, 0x00, 0x00, 0x00, 0x00, 0x00, 0x00, 0x00, 0x00, 0x00, 0x00,
0x00, 0x00, 0x00, 0x00, 0x00, 0x00, 0x00, 0x00, 0x00, 0x00, 0x00, 0x00, 0x00, 0x00, 0x00, 0x00,
0x00, 0x00, 0x00, 0x00, 0x00, 0x00, 0x00, 0x00, 0x00, 0x00, 0x00, 0x00, 0x00, 0x00, 0x00, 0x00,
0x00, 0x00, 0x00, 0x00, 0x00, 0x00, 0x00, 0x00, 0x00, 0x00, 0x00, 0x00, 0x00, 0x00, 0x00, 0x00,
0x00, 0x00, 0x00, 0x00, 0x00, 0x00, 0x00, 0x00, 0x00, 0x00, 0x00, 0x00, 0x00, 0x00, 0x00, 0x00,
0x00, 0x00, 0x00, 0x00, 0x00, 0x00, 0x00, 0x00, 0x00, 0x00, 0x00, 0x00, 0x00, 0x00, 0x00, 0x00,
0x00, 0x00, 0x00, 0x00, 0x00, 0x00, 0x00, 0x00, 0x00, 0x00, 0x00, 0x00, 0x00, 0x00, 0x00, 0x00,
0x00, 0x00, 0x00, 0x00, 0x00, 0x00, 0x00, 0x00, 0x00, 0x00, 0x00, 0x00, 0x00, 0x00, 0x00, 0x00,
0x00, 0x00, 0x00, 0x00, 0x00, 0x00, 0x00, 0x00, 0x00, 0x00, 0x00, 0x00, 0x00, 0x00, 0x00, 0x00,
0x00, 0x00, 0x00, 0x00, 0x00, 0x00, 0x00, 0x00, 0x00, 0x00, 0x00, 0x00, 0x00, 0x00, 0x00, 0x00,
0x00, 0x00, 0x00, 0x00, 0x00, 0x00, 0x00, 0x00, 0x00, 0x00, 0x00, 0x00, 0x00, 0x00, 0x00, 0x00,
0x00, 0x00, 0x00, 0x00, 0x00, 0x00, 0x00, 0x00, 0x00, 0x00, 0x00, 0x00, 0x00, 0x00, 0x00, 0x00,
0x00, 0x00, 0x00, 0x00, 0x00, 0x00, 0x00, 0x00, 0x00, 0x00, 0x00, 0x00, 0x00, 0x00, 0x00, 0x00,
0x00, 0x00, 0x00, 0x00, 0x00, 0x00, 0x00, 0x00, 0x00, 0x00, 0x00, 0x00, 0x00, 0x00, 0x00, 0x00,
0x00, 0x00, 0x00, 0x00, 0x00, 0x00, 0x00, 0x00, 0x00, 0x00, 0x00, 0x00, 0x00, 0x00, 0x00, 0x00,
0x00, 0x00, 0x00, 0x00, 0x00, 0x00, 0x00, 0x00, 0x00, 0x00, 0x00, 0x00, 0x00, 0x00, 0x00, 0x00,
0x00, 0x00, 0x00, 0x00, 0x00, 0x00, 0x00, 0x00, 0x00, 0x00, 0x00, 0x00, 0x00, 0x00, 0x00, 0x00,
0x00, 0x00, 0x00, 0x00, 0x00, 0x00, 0x00, 0x00, 0x00, 0x00, 0x00, 0x00, 0x00, 0x00, 0x00, 0x00,
0x00, 0x00, 0x00, 0x00, 0x00, 0x00, 0x00, 0x00, 0x00, 0x00, 0x00, 0x00, 0x00, 0x00, 0x00, 0x00,
0x00, 0x00, 0x00, 0x00, 0x00, 0x00, 0x00, 0x00, 0x00, 0x00, 0x00, 0x00, 0x00, 0x00, 0x00, 0x00,
0x00, 0x00, 0x00, 0x00, 0x00, 0x00, 0x00, 0x00, 0x00, 0x00, 0x00, 0x00, 0x00, 0x00, 0x00, 0x00,
0x00, 0x00, 0x00, 0x00, 0x00, 0x00, 0x00, 0x00, 0x00, 0x00, 0x00, 0x00, 0x00, 0x00, 0x00, 0x00,
0x00, 0x00, 0x00, 0x00, 0x00, 0x00, 0x00, 0x00, 0x00, 0x00, 0x00, 0x00, 0x00, 0x00, 0x00, 0x00,
0x00, 0x00, 0x00, 0x00, 0x00, 0x00, 0x00, 0x00, 0x00, 0x00, 0x00, 0x00, 0x00, 0x00, 0x00, 0x00,
0x00, 0x00, 0x00, 0x00, 0x00, 0x00, 0x00, 0x00, 0x00, 0x00, 0x00, 0x00, 0x00, 0x00, 0x00, 0x00,
0x00, 0x00, 0x00, 0x00, 0x00, 0x00, 0x00, 0x00, 0x00, 0x00, 0x00, 0x00, 0x00, 0x00, 0x00, 0x00,
0x00, 0x00, 0x00, 0x00, 0x00, 0x00, 0x00, 0x00, 0x00, 0x00, 0x00, 0x00, 0x00, 0x00, 0x00, 0x00,
0x00, 0x00, 0x00, 0x00, 0x00, 0x00, 0x00, 0x00, 0x00, 0x00, 0x00, 0x00, 0x00, 0x00, 0x00, 0x00,
0x00, 0x00, 0x00, 0x00, 0x00, 0x00, 0x00, 0x00, 0x00, 0x00, 0x00, 0x00, 0x00, 0x00, 0x00, 0x00,
0x00, 0x00, 0x00, 0x00, 0x00, 0x00, 0x00, 0x00, 0x00, 0x00, 0x00, 0x00, 0x00, 0x00, 0x00, 0x00,
0x00, 0x00, 0x00, 0x00, 0x00, 0x00, 0x00, 0x00, 0x00, 0x00, 0x00, 0x00, 0x00, 0x00, 0x00, 0x00,
0x00, 0x00, 0x00, 0x00, 0x00, 0x00, 0x00, 0x00, 0x00, 0x00, 0x00, 0x00, 0x00, 0x00, 0x00, 0x00,
0x00, 0x00, 0x00, 0x00, 0x00, 0x00, 0x00, 0x00, 0x00, 0x00, 0x00, 0x00, 0x00, 0x00, 0x00, 0x00,
0x00, 0x00, 0x00, 0x00, 0x00, 0x00, 0x00, 0x00, 0x00, 0x00, 0x00, 0x00, 0x00, 0x00, 0x00, 0x00,
0x00, 0x00, 0x00, 0x00, 0x00, 0x00, 0x00, 0x00, 0x00, 0x00, 0x00, 0x00, 0x00, 0x00, 0x00, 0x00,
0x00, 0x00, 0x00, 0x00, 0x00, 0x00, 0x00, 0x00, 0x00, 0x00, 0x00, 0x00, 0x00, 0x00, 0x00, 0x00,
0x00, 0x00, 0x00, 0x00, 0x00, 0x00, 0x00, 0x00, 0x00, 0x00, 0x00, 0x00, 0x00, 0x00, 0x00, 0x00,
0x00, 0x00, 0x00, 0x00, 0x00, 0x00, 0x00, 0x00, 0x00, 0x00, 0x00, 0x00, 0x00, 0x00, 0x00, 0x00,
0x00, 0x00, 0x00, 0x00, 0x00, 0x00, 0x00, 0x00, 0x00, 0x00, 0x00, 0x00, 0x00, 0x00, 0x00, 0x00,
0x00, 0x00, 0x00, 0x00, 0x00, 0x00, 0x00, 0x00, 0x00, 0x00, 0x00, 0x00, 0x00, 0x00, 0x00, 0x00,
0x00, 0x00, 0x00, 0x00, 0x00, 0x00, 0x00, 0x00, 0x00, 0x00, 0x00, 0x00, 0x00, 0x00, 0x00, 0x00,
0x00, 0x00, 0x00, 0x00, 0x00, 0x00, 0x00, 0x00, 0x00, 0x00, 0x00, 0x00, 0x00, 0x00, 0x00, 0x00,
0x00, 0x00, 0x00, 0x00, 0x00, 0x00, 0x00, 0x00, 0x00, 0x00, 0x00, 0x00, 0x00, 0x00, 0x00, 0x00,
0x00, 0x00, 0x00, 0x00, 0x00, 0x00, 0x00, 0x00, 0x00, 0x00, 0x00, 0x00, 0x00, 0x00, 0x00, 0x00,
0x00, 0x00, 0x00, 0x00, 0x00, 0x00, 0x00, 0x00, 0x00, 0x00, 0x00, 0x00, 0x00, 0x00, 0x00, 0x00,
0x00, 0x00, 0x00, 0x00, 0x00, 0x00, 0x00, 0x00, 0x00, 0x00, 0x00, 0x00, 0x00, 0x00, 0x00, 0x00,
0x00, 0x00, 0x00, 0x00, 0x00, 0x00, 0x00, 0x00, 0x00, 0x00, 0x00, 0x00, 0x00, 0x00, 0x00, 0x00,
0x00, 0x00, 0x00, 0x00, 0x00, 0x00, 0x00, 0x00, 0x00, 0x00, 0x00, 0x00, 0x00, 0x00, 0x00, 0x00,
0x00, 0x00, 0x00, 0x00, 0x00, 0x00, 0x00, 0x00, 0x00, 0x00, 0x00, 0x00, 0x00, 0x00, 0x00, 0x00,
0x00, 0x00, 0x00, 0x00, 0x00, 0x00, 0x00, 0x00, 0x00, 0x00, 0x00, 0x00, 0x00, 0x00, 0x00, 0x00,
0x00, 0x00, 0x00, 0x00, 0x00, 0x00, 0x00, 0x00, 0x00, 0x00, 0x00, 0x00, 0x00, 0x00, 0x00, 0x00,
0x00, 0x00, 0x00, 0x00, 0x00, 0x00, 0x00, 0x00, 0x00, 0x00, 0x00, 0x00, 0x00, 0x00, 0x00, 0x00,
0x00, 0x00, 0x00, 0x00, 0x00, 0x00, 0x00, 0x00, 0x00, 0x00, 0x00, 0x00, 0x00, 0x00, 0x00, 0x00,
0x00, 0x00, 0x00, 0x00, 0x00, 0x00, 0x00, 0x00, 0x00, 0x00, 0x00, 0x00, 0x00, 0x00, 0x00, 0x00,
0x00, 0x00, 0x00, 0x00, 0x00, 0x00, 0x00, 0x00, 0x00, 0x00, 0x00, 0x00, 0x00, 0x00, 0x00, 0x00,
0x00, 0x00, 0x00, 0x00, 0x00, 0x00, 0x00, 0x00, 0x00, 0x00, 0x00, 0x00, 0x00, 0x00, 0x00, 0x00,
0x00, 0x00, 0x00, 0x00, 0x00, 0x00, 0x00, 0x00, 0x00, 0x00, 0x00, 0x00, 0x00, 0x00, 0x00, 0x00,
0x00, 0x00, 0x00, 0x00, 0x00, 0x00, 0x00, 0x00, 0x00, 0x00, 0x00, 0x00, 0x00, 0x00, 0x00, 0x00,
0x00, 0x00, 0x00, 0x00, 0x00, 0x00, 0x00, 0x00, 0x00, 0x00, 0x00, 0x00, 0x00, 0x00, 0x00, 0x00,
0x00, 0x00, 0x00, 0x00, 0x00, 0x00, 0x00, 0x00, 0x00, 0x00, 0x00, 0x00, 0x00, 0x00, 0x00, 0x00,
0x00, 0x00, 0x00, 0x00, 0x00, 0x00, 0x00, 0x00, 0x00, 0x00, 0x00, 0x00, 0x00, 0x00, 0x00, 0x00,
0x00, 0x00, 0x00, 0x00, 0x00, 0x00, 0x00, 0x00, 0x00, 0x00, 0x00, 0x00, 0x00, 0x00, 0x00, 0x00,
0x00, 0x00, 0x00, 0x00, 0x00, 0x00, 0x00, 0x00, 0x00, 0x00, 0x00, 0x00, 0x00, 0x00, 0x00, 0x00,
0x00, 0x00, 0x00, 0x00, 0x00, 0x00, 0x00, 0x00, 0x00, 0x00, 0x00, 0x00, 0x00, 0x00, 0x00, 0x00,
0x00, 0x00, 0x00, 0x00, 0x00, 0x00, 0x00, 0x00, 0x00, 0x00, 0x00, 0x00, 0x00, 0x00, 0x00, 0x00,
0x00, 0x00, 0x00, 0x00, 0x00, 0x00, 0x00, 0x00, 0x00, 0x00, 0x00, 0x00, 0x00, 0x00, 0x00, 0x00,
0x00, 0x00, 0x00, 0x00, 0x00, 0x00, 0x00, 0x00, 0x00, 0x00, 0x00, 0x00, 0x00, 0x00, 0x00, 0x00,
0x00, 0x00, 0x00, 0x00, 0x00, 0x00, 0x00, 0x00, 0x00, 0x00, 0x00, 0x00, 0x00, 0x00, 0x00, 0x00,
0x00, 0x00, 0x00, 0x00, 0x00, 0x00, 0x00, 0x00, 0x00, 0x00, 0x00, 0x00, 0x00, 0x00, 0x00, 0x00,
0x00, 0x00, 0x00, 0x00, 0x00, 0x00, 0x00, 0x00, 0x00, 0x00, 0x00, 0x00, 0x00, 0x00, 0x00, 0x00,
0x00, 0x00, 0x00, 0x00, 0x00, 0x00, 0x00, 0x00, 0x00, 0x00, 0x00, 0x00, 0x00, 0x00, 0x00, 0x00,
0x00, 0x00, 0x00, 0x00, 0x00, 0x00, 0x00, 0x00, 0x00, 0x00, 0x00, 0x00, 0x00, 0x00, 0x00, 0x00,
0x00, 0x00, 0x00, 0x00, 0x00, 0x00, 0x00, 0x00, 0x00, 0x00, 0x00, 0x00, 0x00, 0x00, 0x00, 0x00,
0x00, 0x00, 0x00, 0x00, 0x00, 0x00, 0x00, 0x00, 0x00, 0x00, 0x00, 0x00, 0x00, 0x00, 0x00, 0x00,
0x00, 0x00, 0x00, 0x00, 0x00, 0x00, 0x00, 0x00, 0x00, 0x00, 0x00, 0x00, 0x00, 0x00, 0x00, 0x00,
0x00, 0x00, 0x00, 0x00, 0x00, 0x00, 0x00, 0x00, 0x00, 0x00, 0x00, 0x00, 0x00, 0x00, 0x00, 0x00,
0x00, 0x00, 0x00, 0x00, 0x00, 0x00, 0x00, 0x00, 0x00, 0x00, 0x00, 0x00, 0x00, 0x00, 0x00, 0x00,
0x00, 0x00, 0x00, 0x00, 0x00, 0x00, 0x00, 0x00, 0x00, 0x00, 0x00, 0x00, 0x00, 0x00, 0x00, 0x00,
0x00, 0x00, 0x00, 0x00, 0x00, 0x00, 0x00, 0x00, 0x00, 0x00, 0x00, 0x00, 0x00, 0x00, 0x00, 0x00,
0x00, 0x00, 0x00, 0x00, 0x00, 0x00, 0x00, 0x00, 0x00, 0x00, 0x00, 0x00, 0x00, 0x00, 0x00, 0x00,
0x00, 0x00, 0x00, 0x00, 0x00, 0x00, 0x00, 0x00, 0x00, 0x00, 0x00, 0x00, 0x00, 0x00, 0x00, 0x00,
0x00, 0x00, 0x00, 0x00, 0x00, 0x00, 0x00, 0x00, 0x00, 0x00, 0x00, 0x00, 0x00, 0x00, 0x00, 0x00,
0x00, 0x00, 0x00, 0x00, 0x00, 0x00, 0x00, 0x00, 0x00, 0x00, 0x00, 0x00, 0x00, 0x00, 0x00, 0x00,
0x00, 0x00, 0x00, 0x00, 0x00, 0x00, 0x00, 0x00, 0x00, 0x00, 0x00, 0x00, 0x00, 0x00, 0x00, 0x00,
0x00, 0x00, 0x00, 0x00, 0x00, 0x00, 0x00, 0x00, 0x00, 0x00, 0x00, 0x00, 0x00, 0x00, 0x00, 0x00,
0x00, 0x00, 0x00, 0x00, 0x00, 0x00, 0x00, 0x00, 0x00, 0x00, 0x00, 0x00, 0x00, 0x00, 0x00, 0x00,
0x00, 0x00, 0x00, 0x00, 0x00, 0x00, 0x00, 0x00, 0x00, 0x00, 0x00, 0x00, 0x00, 0x00, 0x00, 0x00,
0x00, 0x00, 0x00, 0x00, 0x00, 0x00, 0x00, 0x00, 0x00, 0x00, 0x00, 0x00, 0x00, 0x00, 0x00, 0x00,
0x00, 0x00, 0x00, 0x00, 0x00, 0x00, 0x00, 0x00, 0x00, 0x00, 0x00, 0x00, 0x00, 0x00, 0x00, 0x00,
0x00, 0x00, 0x00, 0x00, 0x00, 0x00, 0x00, 0x00, 0x00, 0x00, 0x00, 0x00, 0x00, 0x00, 0x00, 0x00,
0x00, 0x00, 0x00, 0x00, 0x00, 0x00, 0x00, 0x00, 0x00, 0x00, 0x00, 0x00, 0x00, 0x00, 0x00, 0x00,
0x00, 0x00, 0x00, 0x00, 0x00, 0x00, 0x00, 0x00, 0x00, 0x00, 0x00, 0x00, 0x00, 0x00, 0x00, 0x00,
0x00, 0x00, 0x00, 0x00, 0x00, 0x00, 0x00, 0x00, 0x00, 0x00, 0x00, 0x00, 0x00, 0x00, 0x00, 0x00,
0x00, 0x00, 0x00, 0x00, 0x00, 0x00, 0x00, 0x00, 0x00, 0x00, 0x00, 0x00, 0x00, 0x00, 0x00, 0x00,
0x00, 0x00, 0x00, 0x00, 0x00, 0x00, 0x00, 0x00, 0x00, 0x00, 0x00, 0x00, 0x00, 0x00, 0x00, 0x00,
0x00, 0x00, 0x00, 0x00, 0x00, 0x00, 0x00, 0x00, 0x00, 0x00, 0x00, 0x00, 0x00, 0x00, 0x00, 0x00,
0x00, 0x00, 0x00, 0x00, 0x00, 0x00, 0x00, 0x00, 0x00, 0x00, 0x00, 0x00, 0x00, 0x00, 0x00, 0x00,
0x00, 0x00, 0x00, 0x00, 0x00, 0x00, 0x00, 0x00, 0x00, 0x00, 0x00, 0x00, 0x00, 0x00, 0x00, 0x00,
0x00, 0x00, 0x00, 0x00, 0x00, 0x00, 0x00, 0x00, 0x00, 0x00, 0x00, 0x00, 0x00, 0x00, 0x00, 0x00,
0x00, 0x00, 0x00, 0x00, 0x00, 0x00, 0x00, 0x00, 0x00, 0x00, 0x00, 0x00, 0x00, 0x00, 0x00, 0x00,
0x00, 0x00, 0x00, 0x00, 0x00, 0x00, 0x00, 0x00, 0x00, 0x00, 0x00, 0x00, 0x00, 0x00, 0x00, 0x00,
0x00, 0x00, 0x00, 0x00, 0x00, 0x00, 0x00, 0x00, 0x00, 0x00, 0x00, 0x00, 0x00, 0x00, 0x00, 0x00,
0x00, 0x00, 0x00, 0x00, 0x00, 0x00, 0x00, 0x00, 0x00, 0x00, 0x00, 0x00, 0x00, 0x00, 0x00, 0x00,
0x00, 0x00, 0x00, 0x00, 0x00, 0x00, 0x00, 0x00, 0x00, 0x00, 0x00, 0x00, 0x00, 0x00, 0x00, 0x00,
0x00, 0x00, 0x00, 0x00, 0x00, 0x00, 0x00, 0x00, 0x00, 0x00, 0x00, 0x00, 0x00, 0x00, 0x00, 0x00,
0x00, 0x00, 0x00, 0x00, 0x00, 0x00, 0x00, 0x00, 0x00, 0x00, 0x00, 0x00, 0x00, 0x00, 0x00, 0x00,
0x00, 0x00, 0x00, 0x00, 0x00, 0x00, 0x00, 0x00, 0x00, 0x00, 0x00, 0x00, 0x00, 0x00, 0x00, 0x00,
0x00, 0x00, 0x00, 0x00, 0x00, 0x00, 0x00, 0x00, 0x00, 0x00, 0x00, 0x00, 0x00, 0x00, 0x00, 0x00,
0x00, 0x00, 0x00, 0x00, 0x00, 0x00, 0x00, 0x00, 0x00, 0x00, 0x00, 0x00, 0x00, 0x00, 0x00, 0x00,
0x00, 0x00, 0x00, 0x00, 0x00, 0x00, 0x00, 0x00, 0x00, 0x00, 0x00, 0x00, 0x00, 0x00, 0x00, 0x00,
0x00, 0x00, 0x00, 0x00, 0x00, 0x00, 0x00, 0x00, 0x00, 0x00, 0x00, 0x00, 0x00, 0x00, 0x00, 0x00,
0x00, 0x00, 0x00, 0x00, 0x00, 0x00, 0x00, 0x00, 0x00, 0x00, 0x00, 0x00, 0x00, 0x00, 0x00, 0x00,
0x00, 0x00, 0x00, 0x00, 0x00, 0x00, 0x00, 0x00, 0x00, 0x00, 0x00, 0x00, 0x00, 0x00, 0x00, 0x00,
0x00, 0x00, 0x00, 0x00, 0x00, 0x00, 0x00, 0x00, 0x00, 0x00, 0x00, 0x00, 0x00, 0x00, 0x00, 0x00,
0x00, 0x00, 0x00, 0x00, 0x00, 0x00, 0x00, 0x00, 0x00, 0x00, 0x00, 0x00, 0x00, 0x00, 0x00, 0x00,
0x00, 0x00, 0x00, 0x00, 0x00, 0x00, 0x00, 0x00, 0x00, 0x00, 0x00, 0x00, 0x00, 0x00, 0x00, 0x00,
0x00, 0x00, 0x00, 0x00, 0x00, 0x00, 0x00, 0x00, 0x00, 0x00, 0x00, 0x00, 0x00, 0x00, 0x00, 0x00,
0x00, 0x00, 0x00, 0x00, 0x00, 0x00, 0x00, 0x00, 0x00, 0x00, 0x00, 0x00, 0x00, 0x00, 0x00, 0x00,
0x00, 0x00, 0x00, 0x00, 0x00, 0x00, 0x00, 0x00, 0x00, 0x00, 0x00, 0x00, 0x00, 0x00, 0x00, 0x00,
0x00, 0x00, 0x00, 0x00, 0x00, 0x00, 0x00, 0x00, 0x00, 0x00, 0x00, 0x00, 0x00, 0x00, 0x00, 0x00,
0x00, 0x00, 0x00, 0x00, 0x00, 0x00, 0x00, 0x00, 0x00, 0x00, 0x00, 0x00, 0x00, 0x00, 0x00, 0x00,
0x00, 0x00, 0x00, 0x00, 0x00, 0x00, 0x00, 0x00, 0x00, 0x00, 0x00, 0x00, 0x00, 0x00, 0x00, 0x00,
0x00, 0x00, 0x00, 0x00, 0x00, 0x00, 0x00, 0x00, 0x00, 0x00, 0x00, 0x00, 0x00, 0x00, 0x00, 0x00,
0x00, 0x00, 0x00, 0x00, 0x00, 0x00, 0x00, 0x00, 0x00, 0x00, 0x00, 0x00, 0x00, 0x00, 0x00, 0x00,
0x00, 0x00, 0x00, 0x00, 0x00, 0x00, 0x00, 0x00, 0x00, 0x00, 0x00, 0x00, 0x00, 0x00, 0x00, 0x00,
0x00, 0x00, 0x00, 0x00, 0x00, 0x00, 0x00, 0x00, 0x00, 0x00, 0x00, 0x00, 0x00, 0x00, 0x00, 0x00,
0x00, 0x00, 0x00, 0x00, 0x00, 0x00, 0x00, 0x00, 0x00, 0x00, 0x00, 0x00, 0x00, 0x00, 0x00, 0x00,
0x00, 0x00, 0x00, 0x00, 0x00, 0x00, 0x00, 0x00, 0x00, 0x00, 0x00, 0x00, 0x00, 0x00, 0x00, 0x00,
0x00, 0x00, 0x00, 0x00, 0x00, 0x00, 0x00, 0x00, 0x00, 0x00, 0x00, 0x00, 0x00, 0x00, 0x00, 0x00,
0x00, 0x00, 0x00, 0x00, 0x00, 0x00, 0x00, 0x00, 0x00, 0x00, 0x00, 0x00, 0x00, 0x00, 0x00, 0x00,
0x00, 0x00, 0x00, 0x00, 0x00, 0x00, 0x00, 0x00, 0x00, 0x00, 0x00, 0x00, 0x00, 0x00, 0x00, 0x00,
0x00, 0x00, 0x00, 0x00, 0x00, 0x00, 0x00, 0x00, 0x00, 0x00, 0x00, 0x00, 0x00, 0x00, 0x00, 0x00,
0x00, 0x00, 0x00, 0x00, 0x00, 0x00, 0x00, 0x00, 0x00, 0x00, 0x00, 0x00, 0x00, 0x00, 0x00, 0x00,
0x00, 0x00, 0x00, 0x00, 0x00, 0x00, 0x00, 0x00, 0x00, 0x00, 0x00, 0x00, 0x00, 0x00, 0x00, 0x00,
0x00, 0x00, 0x00, 0x00, 0x00, 0x00, 0x00, 0x00, 0x00, 0x00, 0x00, 0x00, 0x00, 0x00, 0x00, 0x00,
0x00, 0x00, 0x00, 0x00, 0x00, 0x00, 0x00, 0x00, 0x00, 0x00, 0x00, 0x00, 0x00, 0x00, 0x00, 0x00,
0x00, 0x00, 0x00, 0x00, 0x00, 0x00, 0x00, 0x00, 0x00, 0x00, 0x00, 0x00, 0x00, 0x00, 0x00, 0x00,
0x00, 0x00, 0x00, 0x00, 0x00, 0x00, 0x00, 0x00, 0x00, 0x00, 0x00, 0x00, 0x00, 0x00, 0x00, 0x00,
0x00, 0x00, 0x00, 0x00, 0x00, 0x00, 0x00, 0x00, 0x00, 0x00, 0x00, 0x00, 0x00, 0x00, 0x00, 0x00,
0x00, 0x00, 0x00, 0x00, 0x00, 0x00, 0x00, 0x00, 0x00, 0x00, 0x00, 0x00, 0x00, 0x00, 0x00, 0x00,
0x00, 0x00, 0x00, 0x00, 0x00, 0x00, 0x00, 0x00, 0x00, 0x00, 0x00, 0x00, 0x00, 0x00, 0x00, 0x00,
0x00, 0x00, 0x00, 0x00, 0x00, 0x00, 0x00, 0x00, 0x00, 0x00, 0x00, 0x00, 0x00, 0x00, 0x00, 0x00,
0x00, 0x00, 0x00, 0x00, 0x00, 0x00, 0x00, 0x00, 0x00, 0x00, 0x00, 0x00, 0x00, 0x00, 0x00, 0x00,
0x00, 0x00, 0x00, 0x00, 0x00, 0x00, 0x00, 0x00, 0x00, 0x00, 0x00, 0x00, 0x00, 0x00, 0x00, 0x00,
0x00, 0x00, 0x00, 0x00, 0x00, 0x00, 0x00, 0x00, 0x00, 0x00, 0x00, 0x00, 0x00, 0x00, 0x00, 0x00,
0x00, 0x00, 0x00, 0x00, 0x00, 0x00, 0x00, 0x00, 0x00, 0x00, 0x00, 0x00, 0x00, 0x00, 0x00, 0x00,
0x00, 0x00, 0x00, 0x00, 0x00, 0x00, 0x00, 0x00, 0x00, 0x00, 0x00, 0x00, 0x00, 0x00, 0x00, 0x00,
0x00, 0x00, 0x00, 0x00, 0x00, 0x00, 0x00, 0x00, 0x00, 0x00, 0x00, 0x00, 0x00, 0x00, 0x00, 0x00,
0x00, 0x00, 0x00, 0x00, 0x00, 0x00, 0x00, 0x00, 0x00, 0x00, 0x00, 0x00, 0x00, 0x00, 0x00, 0x00,
0x00, 0x00, 0x00, 0x00, 0x00, 0x00, 0x00, 0x00, 0x00, 0x00, 0x00, 0x00, 0x00, 0x00, 0x00, 0x00,
0x00, 0x00, 0x00, 0x00, 0x00, 0x00, 0x00, 0x00, 0x00, 0x00, 0x00, 0x00, 0x00, 0x00, 0x00, 0x00,
0x00, 0x00, 0x00, 0x00, 0x00, 0x00, 0x00, 0x00, 0x00, 0x00, 0x00, 0x00, 0x00, 0x00, 0x00, 0x00,
0x00, 0x00, 0x00, 0x00, 0x00, 0x00, 0x00, 0x00, 0x00, 0x00, 0x00, 0x00, 0x00, 0x00, 0x00, 0x00,
0x00, 0x00, 0x00, 0x00, 0x00, 0x00, 0x00, 0x00, 0x00, 0x00, 0x00, 0x00, 0x00, 0x00, 0x00, 0x00,
0x00, 0x00, 0x00, 0x00, 0x00, 0x00, 0x00, 0x00, 0x00, 0x00, 0x00, 0x00, 0x00, 0x00, 0x00, 0x00,
0x00, 0x00, 0x00, 0x00, 0x00, 0x00, 0x00, 0x00, 0x00, 0x00, 0x00, 0x00, 0x00, 0x00, 0x00, 0x00,
0x00, 0x00, 0x00, 0x00, 0x00, 0x00, 0x00, 0x00, 0x00, 0x00, 0x00, 0x00, 0x00, 0x00, 0x00, 0x00,
0x00, 0x00, 0x00, 0x00, 0x00, 0x00, 0x00, 0x00, 0x00, 0x00, 0x00, 0x00, 0x00, 0x00, 0x00, 0x00,
0x00, 0x00, 0x00, 0x00, 0x00, 0x00, 0x00, 0x00, 0x00, 0x00, 0x00, 0x00, 0x00, 0x00, 0x00, 0x00,
0x00, 0x00, 0x00, 0x00, 0x00, 0x00, 0x00, 0x00, 0x00, 0x00, 0x00, 0x00, 0x00, 0x00, 0x00, 0x00,
0x00, 0x00, 0x00, 0x00, 0x00, 0x00, 0x00, 0x00, 0x00, 0x00, 0x00, 0x00, 0x00, 0x00, 0x00, 0x00,
0x00, 0x00, 0x00, 0x00, 0x00, 0x00, 0x00, 0x00, 0x00, 0x00, 0x00, 0x00, 0x00, 0x00, 0x00, 0x00,
0x00, 0x00, 0x00, 0x00, 0x00, 0x00, 0x00, 0x00, 0x00, 0x00, 0x00, 0x00, 0x00, 0x00, 0x00, 0x00,
0x00, 0x00, 0x00, 0x00, 0x00, 0x00, 0x00, 0x00, 0x00, 0x00, 0x00, 0x00, 0x00, 0x00, 0x00, 0x00,
0x00, 0x00, 0x00, 0x00, 0x00, 0x00, 0x00, 0x00, 0x00, 0x00, 0x00, 0x00, 0x00, 0x00, 0x00, 0x00,
0x00, 0x00, 0x00, 0x00, 0x00, 0x00, 0x00, 0x00, 0x00, 0x00, 0x00, 0x00, 0x00, 0x00, 0x00, 0x00,
0x00, 0x00, 0x00, 0x00, 0x00, 0x00, 0x00, 0x00, 0x00, 0x00, 0x00, 0x00, 0x00, 0x00, 0x00, 0x00,
0x00, 0x00, 0x00, 0x00, 0x00, 0x00, 0x00, 0x00, 0x00, 0x00, 0x00, 0x00, 0x00, 0x00, 0x00, 0x00,
0x00, 0x00, 0x00, 0x00, 0x00, 0x00, 0x00, 0x00, 0x00, 0x00, 0x00, 0x00, 0x00, 0x00, 0x00, 0x00,
0x00, 0x00, 0x00, 0x00, 0x00, 0x00, 0x00, 0x00, 0x00, 0x00, 0x00, 0x00, 0x00, 0x00, 0x00, 0x00,
0x00, 0x00, 0x00, 0x00, 0x00, 0x00, 0x00, 0x00, 0x00, 0x00, 0x00, 0x00, 0x00, 0x00, 0x00, 0x00,
0x00, 0x00, 0x00, 0x00, 0x00, 0x00, 0x00, 0x00, 0x00, 0x00, 0x00, 0x00, 0x00, 0x00, 0x00, 0x00,
0x00, 0x00, 0x00, 0x00, 0x00, 0x00, 0x00, 0x00, 0x00, 0x00, 0x00, 0x00, 0x00, 0x00, 0x00, 0x00,
0x00, 0x00, 0x00, 0x00, 0x00, 0x00, 0x00, 0x00, 0x00, 0x00, 0x00, 0x00, 0x00, 0x00, 0x00, 0x00,
0x00, 0x00, 0x00, 0x00, 0x00, 0x00, 0x00, 0x00, 0x00, 0x00, 0x00, 0x00, 0x00, 0x00, 0x00, 0x00,
0x00, 0x00, 0x00, 0x00, 0x00, 0x00, 0x00, 0x00, 0x00, 0x00, 0x00, 0x00, 0x00, 0x00, 0x00, 0x00,
0x00, 0x00, 0x00, 0x00, 0x00, 0x00, 0x00, 0x00, 0x00, 0x00, 0x00, 0x00, 0x00, 0x00, 0x00, 0x00,
0x00, 0x00, 0x00, 0x00, 0x00, 0x00, 0x00, 0x00, 0x00, 0x00, 0x00, 0x00, 0x00, 0x00, 0x00, 0x00,
0x00, 0x00, 0x00, 0x00, 0x00, 0x00, 0x00, 0x00, 0x00, 0x00, 0x00, 0x00, 0x00, 0x00, 0x00, 0x00,
0x00, 0x00, 0x00, 0x00, 0x00, 0x00, 0x00, 0x00, 0x00, 0x00, 0x00, 0x00, 0x00, 0x00, 0x00, 0x00,
0x00, 0x00, 0x00, 0x00, 0x00, 0x00, 0x00, 0x00, 0x00, 0x00, 0x00, 0x00, 0x00, 0x00, 0x00, 0x00,
0x00, 0x00, 0x00, 0x00, 0x00, 0x00, 0x00, 0x00, 0x00, 0x00, 0x00, 0x00, 0x00, 0x00, 0x00, 0x00,
0x00, 0x00, 0x00, 0x00, 0x00, 0x00, 0x00, 0x00, 0x00, 0x00, 0x00, 0x00, 0x00, 0x00, 0x00, 0x00,
0x00, 0x00, 0x00, 0x00, 0x00, 0x00, 0x00, 0x00, 0x00, 0x00, 0x00, 0x00, 0x00, 0x00, 0x00, 0x00,
0x00, 0x00, 0x00, 0x00, 0x00, 0x00, 0x00, 0x00, 0x00, 0x00, 0x00, 0x00, 0x00, 0x00, 0x00, 0x00,
0x00, 0x00, 0x00, 0x00, 0x00, 0x00, 0x00, 0x00, 0x00, 0x00, 0x00, 0x00, 0x00, 0x00, 0x00, 0x00,
0x00, 0x00, 0x00, 0x00, 0x00, 0x00, 0x00, 0x00, 0x00, 0x00, 0x00, 0x00, 0x00, 0x00, 0x00, 0x00,
0x00, 0x00, 0x00, 0x00, 0x00, 0x00, 0x00, 0x00, 0x00, 0x00, 0x00, 0x00, 0x00, 0x00, 0x00, 0x00,
0x00, 0x00, 0x00, 0x00, 0x00, 0x00, 0x00, 0x00, 0x00, 0x00, 0x00, 0x00, 0x00, 0x00, 0x00, 0x00,
0x00, 0x00, 0x00, 0x00, 0x00, 0x00, 0x00, 0x00, 0x00, 0x00, 0x00, 0x00, 0x00, 0x00, 0x00, 0x00,
0x00, 0x00, 0x00, 0x00, 0x00, 0x00, 0x00, 0x00, 0x00, 0x00, 0x00, 0x00, 0x00, 0x00, 0x00, 0x00,
0x00, 0x00, 0x00, 0x00, 0x00, 0x00, 0x00, 0x00, 0x00, 0x00, 0x00, 0x00, 0x00, 0x00, 0x00, 0x00,
0x00, 0x00, 0x00, 0x00, 0x00, 0x00, 0x00, 0x00, 0x00, 0x00, 0x00, 0x00, 0x00, 0x00, 0x00, 0x00,
0x00, 0x00, 0x00, 0x00, 0x00, 0x00, 0x00, 0x00, 0x00, 0x00, 0x00, 0x00, 0x00, 0x00, 0x00, 0x00,
0x00, 0x00, 0x00, 0x00, 0x00, 0x00, 0x00, 0x00, 0x00, 0x00, 0x00, 0x00, 0x00, 0x00, 0x00, 0x00,
0x00, 0x00, 0x00, 0x00, 0x00, 0x00, 0x00, 0x00, 0x00, 0x00, 0x00, 0x00, 0x00, 0x00, 0x00, 0x00,
0x00, 0x00, 0x00, 0x00, 0x00, 0x00, 0x00, 0x00, 0x00, 0x00, 0x00, 0x00, 0x00, 0x00, 0x00, 0x00,
0x00, 0x00, 0x00, 0x00, 0x00, 0x00, 0x00, 0x00, 0x00, 0x00, 0x00, 0x00, 0x00, 0x00, 0x00, 0x00,
0x00, 0x00, 0x00, 0x00, 0x00, 0x00, 0x00, 0x00, 0x00, 0x00, 0x00, 0x00, 0x00, 0x00, 0x00, 0x00,
0x00, 0x00, 0x00, 0x00, 0x00, 0x00, 0x00, 0x00, 0x00, 0x00, 0x00, 0x00, 0x00, 0x00, 0x00, 0x00,
0x00, 0x00, 0x00, 0x00, 0x00, 0x00, 0x00, 0x00, 0x00, 0x00, 0x00, 0x00, 0x00, 0x00, 0x00, 0x00,
0x00, 0x00, 0x00, 0x00, 0x00, 0x00, 0x00, 0x00, 0x00, 0x00, 0x00, 0x00, 0x00, 0x00, 0x00, 0x00,
0x00, 0x00, 0x00, 0x00, 0x00, 0x00, 0x00, 0x00, 0x00, 0x00, 0x00, 0x00, 0x00, 0x00, 0x00, 0x00,
0x00, 0x00, 0x00, 0x00, 0x00, 0x00, 0x00, 0x00, 0x00, 0x00, 0x00, 0x00, 0x00, 0x00, 0x00, 0x00,
0x00, 0x00, 0x00, 0x00, 0x00, 0x00, 0x00, 0x00, 0x00, 0x00, 0x00, 0x00, 0x00, 0x00, 0x00, 0x00,
0x00, 0x00, 0x00, 0x00, 0x00, 0x00, 0x00, 0x00, 0x00, 0x00, 0x00, 0x00, 0x00, 0x00, 0x00, 0x00,
0x00, 0x00, 0x00, 0x00, 0x00, 0x00, 0x00, 0x00, 0x00, 0x00, 0x00, 0x00, 0x00, 0x00, 0x00, 0x00,
0x00, 0x00, 0x00, 0x00, 0x00, 0x00, 0x00, 0x00, 0x00, 0x00, 0x00, 0x00, 0x00, 0x00, 0x00, 0x00,
0x00, 0x00, 0x00, 0x00, 0x00, 0x00, 0x00, 0x00, 0x00, 0x00, 0x00, 0x00, 0x00, 0x00, 0x00, 0x00,
0x00, 0x00, 0x00, 0x00, 0x00, 0x00, 0x00, 0x00, 0x00, 0x00, 0x00, 0x00, 0x00, 0x00, 0x00, 0x00,
0x00, 0x00, 0x00, 0x00, 0x00, 0x00, 0x00, 0x00, 0x00, 0x00, 0x00, 0x00, 0x00, 0x00, 0x00, 0x00,
0x00, 0x00, 0x00, 0x00, 0x00, 0x00, 0x00, 0x00, 0x00, 0x00, 0x00, 0x00, 0x00, 0x00, 0x00, 0x00,
0x00, 0x00, 0x00, 0x00, 0x00, 0x00, 0x00, 0x00, 0x00, 0x00, 0x00, 0x00, 0x00, 0x00, 0x00, 0x00,
0x00, 0x00, 0x00, 0x00, 0x00, 0x00, 0x00, 0x00, 0x00, 0x00, 0x00, 0x00, 0x00, 0x00, 0x00, 0x00,
0x00, 0x00, 0x00, 0x00, 0x00, 0x00, 0x00, 0x00, 0x00, 0x00, 0x00, 0x00, 0x00, 0x00, 0x00, 0x00,
0x00, 0x00, 0x00, 0x00, 0x00, 0x00, 0x00, 0x00, 0x00, 0x00, 0x00, 0x00, 0x00, 0x00, 0x00, 0x00,
0x00, 0x00, 0x00, 0x00, 0x00, 0x00, 0x00, 0x00, 0x00, 0x00, 0x00, 0x00, 0x00, 0x00, 0x00, 0x00,
0x00, 0x00, 0x00, 0x00, 0x00, 0x00, 0x00, 0x00, 0x00, 0x00, 0x00, 0x00, 0x00, 0x00, 0x00, 0x00,
0x00, 0x00, 0x00, 0x00, 0x00, 0x00, 0x00, 0x00, 0x00, 0x00, 0x00, 0x00, 0x00, 0x00, 0x00, 0x00,
0x00, 0x00, 0x00, 0x00, 0x00, 0x00, 0x00, 0x00, 0x00, 0x00, 0x00, 0x00, 0x00, 0x00, 0x00, 0x00,
0x00, 0x00, 0x00, 0x00, 0x00, 0x00, 0x00, 0x00, 0x00, 0x00, 0x00, 0x00, 0x00, 0x00, 0x00, 0x00,
0x00, 0x00, 0x00, 0x00, 0x00, 0x00, 0x00, 0x00, 0x00, 0x00, 0x00, 0x00, 0x00, 0x00, 0x00, 0x00,
0x00, 0x00, 0x00, 0x00, 0x00, 0x00, 0x00, 0x00, 0x00, 0x00, 0x00, 0x00, 0x00, 0x00, 0x00, 0x00,
0x00, 0x00, 0x00, 0x00, 0x00, 0x00, 0x00, 0x00, 0x00, 0x00, 0x00, 0x00, 0x00, 0x00, 0x00, 0x00,
0x00, 0x00, 0x00, 0x00, 0x00, 0x00, 0x00, 0x00, 0x00, 0x00, 0x00, 0x00, 0x00, 0x00, 0x00, 0x00,
0x00, 0x00, 0x00, 0x00, 0x00, 0x00, 0x00, 0x00, 0x00, 0x00, 0x00, 0x00, 0x00, 0x00, 0x00, 0x00,
0x00, 0x00, 0x00, 0x00, 0x00, 0x00, 0x00, 0x00, 0x00, 0x00, 0x00, 0x00, 0x00, 0x00, 0x00, 0x00,
0x00, 0x00, 0x00, 0x00, 0x00, 0x00, 0x00, 0x00, 0x00, 0x00, 0x00, 0x00, 0x00, 0x00, 0x00, 0x00,
0x00, 0x00, 0x00, 0x00, 0x00, 0x00, 0x00, 0x00, 0x00, 0x00, 0x00, 0x00, 0x00, 0x00, 0x00, 0x00,
0x00, 0x00, 0x00, 0x00, 0x00, 0x00, 0x00, 0x00, 0x00, 0x00, 0x00, 0x00, 0x00, 0x00, 0x00, 0x00,
0x00, 0x00, 0x00, 0x00, 0x00, 0x00, 0x00, 0x00, 0x00, 0x00, 0x00, 0x00, 0x00, 0x00, 0x00, 0x00,
0x00, 0x00, 0x00, 0x00, 0x00, 0x00, 0x00, 0x00, 0x00, 0x00, 0x00, 0x00, 0x00, 0x00, 0x00, 0x00,
0x00, 0x00, 0x00, 0x00, 0x00, 0x00, 0x00, 0x00, 0x00, 0x00, 0x00, 0x00, 0x00, 0x00, 0x00, 0x00,
0x00, 0x00, 0x00, 0x00, 0x00, 0x00, 0x00, 0x00, 0x00, 0x00, 0x00, 0x00, 0x00, 0x00, 0x00, 0x00,
0x00, 0x00, 0x00, 0x00, 0x00, 0x00, 0x00, 0x00, 0x00, 0x00, 0x00, 0x00, 0x00, 0x00, 0x00, 0x00,
0x00, 0x00, 0x00, 0x00, 0x00, 0x00, 0x00, 0x00, 0x00, 0x00, 0x00, 0x00, 0x00, 0x00, 0x00, 0x00,
0x00, 0x00, 0x00, 0x00, 0x00, 0x00, 0x00, 0x00, 0x00, 0x00, 0x00, 0x00, 0x00, 0x00, 0x00, 0x00,
0x00, 0x00, 0x00, 0x00, 0x00, 0x00, 0x00, 0x00, 0x00, 0x00, 0x00, 0x00, 0x00, 0x00, 0x00, 0x00,
0x00, 0x00, 0x00, 0x00, 0x00, 0x00, 0x00, 0x00, 0x00, 0x00, 0x00, 0x00, 0x00, 0x00, 0x00, 0x00,
0x00, 0x00, 0x00, 0x00, 0x00, 0x00, 0x00, 0x00, 0x00, 0x00, 0x00, 0x00, 0x00, 0x00, 0x00, 0x00,
0x00, 0x00, 0x00, 0x00, 0x00, 0x00, 0x00, 0x00, 0x00, 0x00, 0x00, 0x00, 0x00, 0x00, 0x00, 0x00,
0x00, 0x00, 0x00, 0x00, 0x00, 0x00, 0x00, 0x00, 0x00, 0x00, 0x00, 0x00, 0x00, 0x00, 0x00, 0x00,
0x00, 0x00, 0x00, 0x00, 0x00, 0x00, 0x00, 0x00, 0x00, 0x00, 0x00, 0x00, 0x00, 0x00, 0x00, 0x00,
0x00, 0x00, 0x00, 0x00, 0x00, 0x00, 0x00, 0x00, 0x00, 0x00, 0x00, 0x00, 0x00, 0x00, 0x00, 0x00,
0x00, 0x00, 0x00, 0x00, 0x00, 0x00, 0x00, 0x00, 0x00, 0x00, 0x00, 0x00, 0x00, 0x00, 0x00, 0x00,
0x00, 0x00, 0x00, 0x00, 0x00, 0x00, 0x00, 0x00, 0x00, 0x00, 0x00, 0x00, 0x00, 0x00, 0x00, 0x00,
0x00, 0x00, 0x00, 0x00, 0x00, 0x00, 0x00, 0x00, 0x00, 0x00, 0x00, 0x00, 0x00, 0x00, 0x00, 0x00,
0x00, 0x00, 0x00, 0x00, 0x00, 0x00, 0x00, 0x00, 0x00, 0x00, 0x00, 0x00, 0x00, 0x00, 0x00, 0x00,
0x00, 0x00, 0x00, 0x00, 0x00, 0x00, 0x00, 0x00, 0x00, 0x00, 0x00, 0x00, 0x00, 0x00, 0x00, 0x00,
0x00, 0x00, 0x00, 0x00, 0x00, 0x00, 0x00, 0x00, 0x00, 0x00, 0x00, 0x00, 0x00, 0x00, 0x00, 0x00,
0x00, 0x00, 0x00, 0x00, 0x00, 0x00, 0x00, 0x00, 0x00, 0x00, 0x00, 0x00, 0x00, 0x00, 0x00, 0x00,
0x00, 0x00, 0x00, 0x00, 0x00, 0x00, 0x00, 0x00, 0x00, 0x00, 0x00, 0x00, 0x00, 0x00, 0x00, 0x00,
0x00, 0x00, 0x00, 0x00, 0x00, 0x00, 0x00, 0x00, 0x00, 0x00, 0x00, 0x00, 0x00, 0x00, 0x00, 0x00,
0x00, 0x00, 0x00, 0x00, 0x00, 0x00, 0x00, 0x00, 0x00, 0x00, 0x00, 0x00, 0x00, 0x00, 0x00, 0x00,
0x00, 0x00, 0x00, 0x00, 0x00, 0x00, 0x00, 0x00, 0x00, 0x00, 0x00, 0x00, 0x00, 0x00, 0x00, 0x00,
0x00, 0x00, 0x00, 0x00, 0x00, 0x00, 0x00, 0x00, 0x00, 0x00, 0x00, 0x00, 0x00, 0x00, 0x00, 0x00
};
//Epic MBR is a glitched Sarah and Duck image lmfao